New https://pypi.org/project/ultralytics/8.4.120 available 😃 Update with 'pip install -U ultralytics'
Ultralytics 8.4.103 🚀 Python-3.12.3 torch-2.8.0+cu128 CUDA:0 (NVIDIA RTX 2000 Ada Generation, 15947MiB)
engine/trainer: agnostic_nms=False, amp=True, angle=1.0, augment=False, auto_augment=randaugment, batch=4, bgr=0.0, box=7.5, cache=False, cfg=None, classes=None, close_mosaic=10, cls=0.5, cls_pw=0.0, cls_remap=True, compile=False, conf=None, copy_paste=0.0, copy_paste_mode=flip, cos_lr=True, cutmix=0.0, data=/workspace/d352_rgbmono/data.yaml, degrees=0.0, deterministic=True, device=, dfl=1.5, dis=6.0, distill_model=None, dnn=False, dropout=0.0, dynamic=False, embed=None, end2end=None, epochs=60, erasing=0.4, exist_ok=False, fliplr=0.5, flipud=0.0, format=torchscript, fraction=1.0, freeze=None, hsv_h=0.015, hsv_s=0.7, hsv_v=0.4, imgsz=1280, iou=0.7, keras=False, kobj=1.0, line_width=None, lr0=0.01, lrf=0.01, mask_ratio=4, max_det=300, mixup=0.0, mode=train, model=yolo26l.pt, momentum=0.937, mosaic=1.0, multi_scale=0.0, name=sel3_352_rgbmono, nbs=64, nms=False, opset=None, optimize=False, optimizer=auto, overlap_mask=True, patience=60, perspective=0.0, plots=True, pose=12.0, pretrained=True, profile=False, project=/workspace/project-expertise/runs, quantize=None, rect=False, resume=False, retina_masks=False, rle=1.0, save=True, save_conf=False, save_crop=False, save_dir=/workspace/project-expertise/runs/sel3_352_rgbmono, save_frames=False, save_json=False, save_period=-1, save_txt=False, scale=0.5, seed=42, shear=0.0, show=False, show_boxes=True, show_conf=True, show_labels=True, simplify=True, single_cls=False, source=None, split=val, stream_buffer=False, task=detect, time=None, tracker=tracktrack.yaml, translate=0.1, val=True, verbose=True, vid_stride=1, visualize=False, warmup_bias_lr=0.1, warmup_epochs=3.0, warmup_momentum=0.8, weight_decay=0.0005, workers=8, workspace=None
Overriding model.yaml nc=80 with nc=4
                   from  n    params  module                                       arguments                     
  0                  -1  1      2432  ultralytics.nn.modules.conv.Conv             [4, 64, 3, 2]                 
  1                  -1  1     73984  ultralytics.nn.modules.conv.Conv             [64, 128, 3, 2]               
  2                  -1  2    173824  ultralytics.nn.modules.block.C3k2            [128, 256, 2, True, 0.25]     
  3                  -1  1    590336  ultralytics.nn.modules.conv.Conv             [256, 256, 3, 2]              
  4                  -1  2    691712  ultralytics.nn.modules.block.C3k2            [256, 512, 2, True, 0.25]     
  5                  -1  1   2360320  ultralytics.nn.modules.conv.Conv             [512, 512, 3, 2]              
  6                  -1  2   2234368  ultralytics.nn.modules.block.C3k2            [512, 512, 2, True]           
  7                  -1  1   2360320  ultralytics.nn.modules.conv.Conv             [512, 512, 3, 2]              
  8                  -1  2   2234368  ultralytics.nn.modules.block.C3k2            [512, 512, 2, True]           
  9                  -1  1    656896  ultralytics.nn.modules.block.SPPF            [512, 512, 5, 3, True]        
 10                  -1  2   1455616  ultralytics.nn.modules.block.C2PSA           [512, 512, 2]                 
 11                  -1  1         0  torch.nn.modules.upsampling.Upsample         [None, 2, 'nearest']          
 12             [-1, 6]  1         0  ultralytics.nn.modules.conv.Concat           [1]                           
 13                  -1  2   2496512  ultralytics.nn.modules.block.C3k2            [1024, 512, 2, True]          
 14                  -1  1         0  torch.nn.modules.upsampling.Upsample         [None, 2, 'nearest']          
 15             [-1, 4]  1         0  ultralytics.nn.modules.conv.Concat           [1]                           
 16                  -1  2    756736  ultralytics.nn.modules.block.C3k2            [1024, 256, 2, True]          
 17                  -1  1    590336  ultralytics.nn.modules.conv.Conv             [256, 256, 3, 2]              
 18            [-1, 13]  1         0  ultralytics.nn.modules.conv.Concat           [1]                           
 19                  -1  2   2365440  ultralytics.nn.modules.block.C3k2            [768, 512, 2, True]           
 20                  -1  1   2360320  ultralytics.nn.modules.conv.Conv             [512, 512, 3, 2]              
 21            [-1, 10]  1         0  ultralytics.nn.modules.conv.Concat           [1]                           
 22                  -1  1   1974784  ultralytics.nn.modules.block.C3k2            [1024, 512, 1, True, 0.5, True]
 23        [16, 19, 22]  1   2804784  ultralytics.nn.modules.head.Detect           [4, 1, True, [256, 512, 512]] 
YOLO26l summary: 392 layers, 26,183,088 parameters, 26,183,088 gradients, 93.3 GFLOPs
Transferred 1080/1092 items from pretrained weights
AMP: running Automatic Mixed Precision (AMP) checks...
AMP: checks passed ✅
train: Fast image access ✅ (ping: 1.6±1.3 ms, read: 141.0±33.4 MB/s, size: 2970.6 KB)
train: Scanning /workspace/d352_rgbmono/labels/train.cache... 974 images, 142 backgrounds, 6 corrupt: 100% ━━━━━━━━━━━━ 980/980 186.8Mit/s 0.0s
train: /workspace/d352_rgbmono/images/train/DAMIMAS_A21B_0105_4.tiff: ignoring corrupt image/label: cannot identify image file '/workspace/d352_rgbmono/images/train/DAMIMAS_A21B_0105_4.tiff'
train: /workspace/d352_rgbmono/images/train/DAMIMAS_A21B_0106_3.tiff: ignoring corrupt image/label: cannot identify image file '/workspace/d352_rgbmono/images/train/DAMIMAS_A21B_0106_3.tiff'
train: /workspace/d352_rgbmono/images/train/DAMIMAS_A21B_0109_1.tiff: ignoring corrupt image/label: cannot identify image file '/workspace/d352_rgbmono/images/train/DAMIMAS_A21B_0109_1.tiff'
train: /workspace/d352_rgbmono/images/train/DAMIMAS_A21B_0120_2.tiff: ignoring corrupt image/label: cannot identify image file '/workspace/d352_rgbmono/images/train/DAMIMAS_A21B_0120_2.tiff'
train: /workspace/d352_rgbmono/images/train/DAMIMAS_A21B_0120_4.tiff: ignoring corrupt image/label: cannot identify image file '/workspace/d352_rgbmono/images/train/DAMIMAS_A21B_0120_4.tiff'
train: /workspace/d352_rgbmono/images/train/DAMIMAS_A21B_0122_4.tiff: ignoring corrupt image/label: cannot identify image file '/workspace/d352_rgbmono/images/train/DAMIMAS_A21B_0122_4.tiff'
val: Fast image access ✅ (ping: 1.4±0.4 ms, read: 156.0±19.0 MB/s, size: 3056.2 KB)
val: Scanning /workspace/d352_rgbmono/labels/val.cache... 208 images, 29 backgrounds, 0 corrupt: 100% ━━━━━━━━━━━━ 208/208 10.3Mit/s 0.0s
optimizer: 'optimizer=auto' found, ignoring 'lr0=0.01' and 'momentum=0.937' and determining best 'optimizer', 'lr0' and 'momentum' automatically... 
optimizer: AdamW(lr=0.00125, momentum=0.9) with parameter groups 178 weight(decay=0.0), 190 weight(decay=0.0005), 190 bias(decay=0.0)
Plotting labels to /workspace/project-expertise/runs/sel3_352_rgbmono/labels.jpg... 
Image sizes 1280 train, 1280 val
Using 8 dataloader workers
Logging results to /workspace/project-expertise/runs/sel3_352_rgbmono
Starting training for 60 epochs...
      Epoch    GPU_mem   box_loss   cls_loss   dfl_loss  Instances       Size
                 Class     Images  Instances      Box(P          R      mAP50  mAP50-95): 3% ──────────── 1/26 6.3s/it 1.9s<2:39
                 Class     Images  Instances      Box(P          R      mAP50  mAP50-95): 7% ╸─────────── 2/26 1.2it/s 2.2s<20.8s
                 Class     Images  Instances      Box(P          R      mAP50  mAP50-95): 11% ━─────────── 3/26 1.9it/s 2.5s<12.4s
                 Class     Images  Instances      Box(P          R      mAP50  mAP50-95): 15% ━╸────────── 4/26 2.3it/s 2.8s<9.4s
                 Class     Images  Instances      Box(P          R      mAP50  mAP50-95): 19% ━━────────── 5/26 2.7it/s 3.1s<7.9s
                 Class     Images  Instances      Box(P          R      mAP50  mAP50-95): 23% ━━╸───────── 6/26 2.9it/s 3.4s<6.9s
                 Class     Images  Instances      Box(P          R      mAP50  mAP50-95): 26% ━━━───────── 7/26 3.0it/s 3.7s<6.3s
                 Class     Images  Instances      Box(P          R      mAP50  mAP50-95): 30% ━━━╸──────── 8/26 3.1it/s 4.0s<5.8s
                 Class     Images  Instances      Box(P          R      mAP50  mAP50-95): 34% ━━━━──────── 9/26 3.2it/s 4.3s<5.3s
                 Class     Images  Instances      Box(P          R      mAP50  mAP50-95): 38% ━━━━╸─────── 10/26 3.2it/s 4.6s<5.0s
                 Class     Images  Instances      Box(P          R      mAP50  mAP50-95): 42% ━━━━━─────── 11/26 3.3it/s 4.9s<4.6s
                 Class     Images  Instances      Box(P          R      mAP50  mAP50-95): 46% ━━━━━╸────── 12/26 3.3it/s 5.2s<4.3s
                 Class     Images  Instances      Box(P          R      mAP50  mAP50-95): 50% ━━━━━━────── 13/26 3.3it/s 5.5s<3.9s
                 Class     Images  Instances      Box(P          R      mAP50  mAP50-95): 53% ━━━━━━────── 14/26 3.3it/s 5.8s<3.6s
                 Class     Images  Instances      Box(P          R      mAP50  mAP50-95): 57% ━━━━━━╸───── 15/26 3.3it/s 6.1s<3.3s
                 Class     Images  Instances      Box(P          R      mAP50  mAP50-95): 61% ━━━━━━━───── 16/26 3.3it/s 6.4s<3.0s
                 Class     Images  Instances      Box(P          R      mAP50  mAP50-95): 65% ━━━━━━━╸──── 17/26 3.3it/s 6.7s<2.7s
                 Class     Images  Instances      Box(P          R      mAP50  mAP50-95): 69% ━━━━━━━━──── 18/26 3.3it/s 7.0s<2.4s
                 Class     Images  Instances      Box(P          R      mAP50  mAP50-95): 73% ━━━━━━━━╸─── 19/26 3.3it/s 7.3s<2.1s
                 Class     Images  Instances      Box(P          R      mAP50  mAP50-95): 76% ━━━━━━━━━─── 20/26 3.3it/s 7.6s<1.8s
                 Class     Images  Instances      Box(P          R      mAP50  mAP50-95): 80% ━━━━━━━━━╸── 21/26 3.3it/s 7.9s<1.5s
                 Class     Images  Instances      Box(P          R      mAP50  mAP50-95): 84% ━━━━━━━━━━── 22/26 3.3it/s 8.2s<1.2s
                 Class     Images  Instances      Box(P          R      mAP50  mAP50-95): 88% ━━━━━━━━━━╸─ 23/26 3.3it/s 8.5s<0.9s
                 Class     Images  Instances      Box(P          R      mAP50  mAP50-95): 92% ━━━━━━━━━━━─ 24/26 3.3it/s 8.8s<0.6s
                 Class     Images  Instances      Box(P          R      mAP50  mAP50-95): 96% ━━━━━━━━━━━╸ 25/26 3.3it/s 9.1s<0.3s
                 Class     Images  Instances      Box(P          R      mAP50  mAP50-95): 100% ━━━━━━━━━━━━ 26/26 2.8it/s 9.4s
      Epoch    GPU_mem   box_loss   cls_loss   dfl_loss  Instances       Size
Ultralytics 8.4.103 🚀 Python-3.12.3 torch-2.8.0+cu128 CUDA:0 (NVIDIA RTX 2000 Ada Generation, 15947MiB)
engine/trainer: agnostic_nms=False, amp=True, angle=1.0, augment=False, auto_augment=randaugment, batch=4, bgr=0.0, box=7.5, cache=False, cfg=None, classes=None, close_mosaic=10, cls=0.5, cls_pw=0.0, cls_remap=True, compile=False, conf=None, copy_paste=0.0, copy_paste_mode=flip, cos_lr=True, cutmix=0.0, data=/workspace/d352_rgbmono/data.yaml, degrees=0.0, deterministic=True, device=, dfl=1.5, dis=6.0, distill_model=None, dnn=False, dropout=0.0, dynamic=False, embed=None, end2end=None, epochs=60, erasing=0.4, exist_ok=False, fliplr=0.5, flipud=0.0, format=torchscript, fraction=1.0, freeze=None, hsv_h=0.015, hsv_s=0.7, hsv_v=0.4, imgsz=1280, iou=0.7, keras=False, kobj=1.0, line_width=None, lr0=0.01, lrf=0.01, mask_ratio=4, max_det=300, mixup=0.0, mode=train, model=yolo26l.pt, momentum=0.937, mosaic=1.0, multi_scale=0.0, name=sel3_352_rgbmono, nbs=64, nms=False, opset=None, optimize=False, optimizer=auto, overlap_mask=True, patience=60, perspective=0.0, plots=True, pose=12.0, pretrained=True, profile=False, project=/workspace/project-expertise/runs, quantize=None, rect=False, resume=False, retina_masks=False, rle=1.0, save=True, save_conf=False, save_crop=False, save_dir=/workspace/project-expertise/runs/sel3_352_rgbmono, save_frames=False, save_json=False, save_period=-1, save_txt=False, scale=0.5, seed=42, shear=0.0, show=False, show_boxes=True, show_conf=True, show_labels=True, simplify=True, single_cls=False, source=None, split=val, stream_buffer=False, task=detect, time=None, tracker=tracktrack.yaml, translate=0.1, val=True, verbose=True, vid_stride=1, visualize=False, warmup_bias_lr=0.1, warmup_epochs=3.0, warmup_momentum=0.8, weight_decay=0.0005, workers=8, workspace=None
Overriding model.yaml nc=80 with nc=4
                   from  n    params  module                                       arguments                     
  0                  -1  1      2432  ultralytics.nn.modules.conv.Conv             [4, 64, 3, 2]                 
  1                  -1  1     73984  ultralytics.nn.modules.conv.Conv             [64, 128, 3, 2]               
  2                  -1  2    173824  ultralytics.nn.modules.block.C3k2            [128, 256, 2, True, 0.25]     
  3                  -1  1    590336  ultralytics.nn.modules.conv.Conv             [256, 256, 3, 2]              
  4                  -1  2    691712  ultralytics.nn.modules.block.C3k2            [256, 512, 2, True, 0.25]     
  5                  -1  1   2360320  ultralytics.nn.modules.conv.Conv             [512, 512, 3, 2]              
  6                  -1  2   2234368  ultralytics.nn.modules.block.C3k2            [512, 512, 2, True]           
  7                  -1  1   2360320  ultralytics.nn.modules.conv.Conv             [512, 512, 3, 2]              
  8                  -1  2   2234368  ultralytics.nn.modules.block.C3k2            [512, 512, 2, True]           
  9                  -1  1    656896  ultralytics.nn.modules.block.SPPF            [512, 512, 5, 3, True]        
 10                  -1  2   1455616  ultralytics.nn.modules.block.C2PSA           [512, 512, 2]                 
 11                  -1  1         0  torch.nn.modules.upsampling.Upsample         [None, 2, 'nearest']          
 12             [-1, 6]  1         0  ultralytics.nn.modules.conv.Concat           [1]                           
 13                  -1  2   2496512  ultralytics.nn.modules.block.C3k2            [1024, 512, 2, True]          
 14                  -1  1         0  torch.nn.modules.upsampling.Upsample         [None, 2, 'nearest']          
 15             [-1, 4]  1         0  ultralytics.nn.modules.conv.Concat           [1]                           
 16                  -1  2    756736  ultralytics.nn.modules.block.C3k2            [1024, 256, 2, True]          
 17                  -1  1    590336  ultralytics.nn.modules.conv.Conv             [256, 256, 3, 2]              
 18            [-1, 13]  1         0  ultralytics.nn.modules.conv.Concat           [1]                           
 19                  -1  2   2365440  ultralytics.nn.modules.block.C3k2            [768, 512, 2, True]           
 20                  -1  1   2360320  ultralytics.nn.modules.conv.Conv             [512, 512, 3, 2]              
 21            [-1, 10]  1         0  ultralytics.nn.modules.conv.Concat           [1]                           
 22                  -1  1   1974784  ultralytics.nn.modules.block.C3k2            [1024, 512, 1, True, 0.5, True]
 23        [16, 19, 22]  1   2804784  ultralytics.nn.modules.head.Detect           [4, 1, True, [256, 512, 512]] 
YOLO26l summary: 392 layers, 26,183,088 parameters, 26,183,088 gradients, 93.3 GFLOPs
Transferred 1080/1092 items from pretrained weights
AMP: running Automatic Mixed Precision (AMP) checks...
AMP: checks passed ✅
train: Fast image access ✅ (ping: 1.6±1.1 ms, read: 359.8±183.5 MB/s, size: 2970.6 KB)
train: Scanning /workspace/d352_rgbmono/labels/train... 25 images, 0 backgrounds, 0 corrupt: 2% ──────────── 25/980 70.4it/s 0.1s<13.6s
train: Scanning /workspace/d352_rgbmono/labels/train... 53 images, 4 backgrounds, 0 corrupt: 5% ╸─────────── 53/980 132.3it/s 0.2s<7.0s
train: Scanning /workspace/d352_rgbmono/labels/train... 88 images, 9 backgrounds, 0 corrupt: 8% ━─────────── 88/980 197.4it/s 0.3s<4.5s
train: Scanning /workspace/d352_rgbmono/labels/train... 122 images, 11 backgrounds, 0 corrupt: 12% ━─────────── 122/980 238.7it/s 0.4s<3.6s
train: Scanning /workspace/d352_rgbmono/labels/train... 157 images, 19 backgrounds, 0 corrupt: 16% ━╸────────── 157/980 271.0it/s 0.5s<3.0s
train: Scanning /workspace/d352_rgbmono/labels/train... 189 images, 25 backgrounds, 0 corrupt: 19% ━━────────── 189/980 282.3it/s 0.6s<2.8s
train: Scanning /workspace/d352_rgbmono/labels/train... 221 images, 31 backgrounds, 0 corrupt: 22% ━━╸───────── 221/980 291.1it/s 0.7s<2.6s
train: Scanning /workspace/d352_rgbmono/labels/train... 266 images, 42 backgrounds, 0 corrupt: 27% ━━━───────── 266/980 334.4it/s 0.8s<2.1s
train: Scanning /workspace/d352_rgbmono/labels/train... 319 images, 55 backgrounds, 0 corrupt: 32% ━━━╸──────── 319/980 389.7it/s 0.9s<1.7s
train: Scanning /workspace/d352_rgbmono/labels/train... 369 images, 64 backgrounds, 0 corrupt: 37% ━━━━╸─────── 369/980 419.5it/s 1.0s<1.5s
train: Scanning /workspace/d352_rgbmono/labels/train... 396 images, 68 backgrounds, 0 corrupt: 40% ━━━━╸─────── 396/980 366.5it/s 1.1s<1.6s
train: Scanning /workspace/d352_rgbmono/labels/train... 442 images, 71 backgrounds, 0 corrupt: 45% ━━━━━─────── 442/980 393.5it/s 1.2s<1.4s
train: Scanning /workspace/d352_rgbmono/labels/train... 485 images, 77 backgrounds, 0 corrupt: 49% ━━━━━╸────── 485/980 398.5it/s 1.3s<1.2s
train: Scanning /workspace/d352_rgbmono/labels/train... 532 images, 84 backgrounds, 0 corrupt: 54% ━━━━━━╸───── 532/980 417.4it/s 1.4s<1.1s
train: Scanning /workspace/d352_rgbmono/labels/train... 569 images, 93 backgrounds, 0 corrupt: 58% ━━━━━━╸───── 569/980 397.1it/s 1.5s<1.0s
train: Scanning /workspace/d352_rgbmono/labels/train... 614 images, 96 backgrounds, 0 corrupt: 62% ━━━━━━━╸──── 614/980 411.5it/s 1.7s<0.9s
train: Scanning /workspace/d352_rgbmono/labels/train... 623 images, 96 backgrounds, 0 corrupt: 63% ━━━━━━━╸──── 623/980 309.8it/s 1.8s<1.2s
train: Scanning /workspace/d352_rgbmono/labels/train... 667 images, 101 backgrounds, 0 corrupt: 68% ━━━━━━━━──── 667/980 335.0it/s 1.9s<0.9s
train: Scanning /workspace/d352_rgbmono/labels/train... 717 images, 106 backgrounds, 0 corrupt: 73% ━━━━━━━━╸─── 717/980 379.6it/s 2.0s<0.7s
train: Scanning /workspace/d352_rgbmono/labels/train... 768 images, 123 backgrounds, 0 corrupt: 78% ━━━━━━━━━─── 768/980 414.3it/s 2.1s<0.5s
train: Scanning /workspace/d352_rgbmono/labels/train... 810 images, 129 backgrounds, 0 corrupt: 82% ━━━━━━━━━╸── 810/980 415.5it/s 2.2s<0.4s
train: Scanning /workspace/d352_rgbmono/labels/train... 855 images, 131 backgrounds, 0 corrupt: 87% ━━━━━━━━━━── 855/980 425.4it/s 2.3s<0.3s
train: Scanning /workspace/d352_rgbmono/labels/train... 896 images, 138 backgrounds, 0 corrupt: 91% ━━━━━━━━━━╸─ 896/980 420.4it/s 2.4s<0.2s
train: Scanning /workspace/d352_rgbmono/labels/train... 943 images, 142 backgrounds, 0 corrupt: 96% ━━━━━━━━━━━╸ 943/980 434.3it/s 2.5s<0.1s
train: Scanning /workspace/d352_rgbmono/labels/train... 980 images, 144 backgrounds, 0 corrupt: 100% ━━━━━━━━━━━━ 980/980 381.4it/s 2.6s
train: New cache created: /workspace/d352_rgbmono/labels/train.cache
val: Fast image access ✅ (ping: 1.1±0.4 ms, read: 510.1±77.4 MB/s, size: 3056.2 KB)
val: Scanning /workspace/d352_rgbmono/labels/val... 27 images, 0 backgrounds, 0 corrupt: 12% ━╸────────── 27/208 79.1it/s 0.1s<2.3s
val: Scanning /workspace/d352_rgbmono/labels/val... 68 images, 8 backgrounds, 0 corrupt: 32% ━━━╸──────── 68/208 167.3it/s 0.2s<0.8s
val: Scanning /workspace/d352_rgbmono/labels/val... 98 images, 12 backgrounds, 0 corrupt: 47% ━━━━━╸────── 98/208 201.7it/s 0.3s<0.5s
val: Scanning /workspace/d352_rgbmono/labels/val... 125 images, 17 backgrounds, 0 corrupt: 60% ━━━━━━━───── 125/208 219.0it/s 0.4s<0.4s
val: Scanning /workspace/d352_rgbmono/labels/val... 153 images, 23 backgrounds, 0 corrupt: 73% ━━━━━━━━╸─── 153/208 232.5it/s 0.5s<0.2s
val: Scanning /workspace/d352_rgbmono/labels/val... 181 images, 25 backgrounds, 0 corrupt: 87% ━━━━━━━━━━── 181/208 246.0it/s 0.6s<0.1s
val: Scanning /workspace/d352_rgbmono/labels/val... 203 images, 27 backgrounds, 0 corrupt: 97% ━━━━━━━━━━━╸ 203/208 237.7it/s 0.7s<0.0s
val: Scanning /workspace/d352_rgbmono/labels/val... 208 images, 29 backgrounds, 0 corrupt: 100% ━━━━━━━━━━━━ 208/208 281.7it/s 0.7s
val: New cache created: /workspace/d352_rgbmono/labels/val.cache
optimizer: 'optimizer=auto' found, ignoring 'lr0=0.01' and 'momentum=0.937' and determining best 'optimizer', 'lr0' and 'momentum' automatically... 
optimizer: AdamW(lr=0.00125, momentum=0.9) with parameter groups 178 weight(decay=0.0), 190 weight(decay=0.0005), 190 bias(decay=0.0)
Plotting labels to /workspace/project-expertise/runs/sel3_352_rgbmono/labels.jpg... 
Image sizes 1280 train, 1280 val
Using 8 dataloader workers
Logging results to /workspace/project-expertise/runs/sel3_352_rgbmono
Starting training for 60 epochs...
      Epoch    GPU_mem   box_loss   cls_loss   dfl_loss  Instances       Size
                 Class     Images  Instances      Box(P          R      mAP50  mAP50-95): 3% ──────────── 1/26 5.9s/it 1.8s<2:27
                 Class     Images  Instances      Box(P          R      mAP50  mAP50-95): 7% ╸─────────── 2/26 1.2it/s 2.1s<20.6s
                 Class     Images  Instances      Box(P          R      mAP50  mAP50-95): 11% ━─────────── 3/26 1.9it/s 2.3s<12.3s
                 Class     Images  Instances      Box(P          R      mAP50  mAP50-95): 15% ━╸────────── 4/26 2.4it/s 2.6s<9.4s
                 Class     Images  Instances      Box(P          R      mAP50  mAP50-95): 19% ━━────────── 5/26 2.7it/s 2.9s<7.8s
                 Class     Images  Instances      Box(P          R      mAP50  mAP50-95): 23% ━━╸───────── 6/26 2.9it/s 3.2s<6.9s
                 Class     Images  Instances      Box(P          R      mAP50  mAP50-95): 26% ━━━───────── 7/26 3.1it/s 3.5s<6.2s
                 Class     Images  Instances      Box(P          R      mAP50  mAP50-95): 30% ━━━╸──────── 8/26 3.2it/s 3.8s<5.7s
                 Class     Images  Instances      Box(P          R      mAP50  mAP50-95): 34% ━━━━──────── 9/26 3.2it/s 4.1s<5.3s
                 Class     Images  Instances      Box(P          R      mAP50  mAP50-95): 38% ━━━━╸─────── 10/26 3.2it/s 4.4s<4.9s
                 Class     Images  Instances      Box(P          R      mAP50  mAP50-95): 42% ━━━━━─────── 11/26 3.3it/s 4.7s<4.6s
                 Class     Images  Instances      Box(P          R      mAP50  mAP50-95): 46% ━━━━━╸────── 12/26 3.3it/s 5.0s<4.3s
                 Class     Images  Instances      Box(P          R      mAP50  mAP50-95): 50% ━━━━━━────── 13/26 3.3it/s 5.3s<3.9s
                 Class     Images  Instances      Box(P          R      mAP50  mAP50-95): 53% ━━━━━━────── 14/26 3.3it/s 5.6s<3.6s
                 Class     Images  Instances      Box(P          R      mAP50  mAP50-95): 57% ━━━━━━╸───── 15/26 3.3it/s 5.9s<3.3s
                 Class     Images  Instances      Box(P          R      mAP50  mAP50-95): 61% ━━━━━━━───── 16/26 3.3it/s 6.2s<3.0s
                 Class     Images  Instances      Box(P          R      mAP50  mAP50-95): 65% ━━━━━━━╸──── 17/26 3.4it/s 6.5s<2.7s
                 Class     Images  Instances      Box(P          R      mAP50  mAP50-95): 69% ━━━━━━━━──── 18/26 3.4it/s 6.8s<2.4s
                 Class     Images  Instances      Box(P          R      mAP50  mAP50-95): 73% ━━━━━━━━╸─── 19/26 3.4it/s 7.1s<2.0s
                 Class     Images  Instances      Box(P          R      mAP50  mAP50-95): 76% ━━━━━━━━━─── 20/26 3.4it/s 7.3s<1.7s
                 Class     Images  Instances      Box(P          R      mAP50  mAP50-95): 80% ━━━━━━━━━╸── 21/26 3.4it/s 7.6s<1.5s
                 Class     Images  Instances      Box(P          R      mAP50  mAP50-95): 84% ━━━━━━━━━━── 22/26 3.5it/s 7.9s<1.2s
                 Class     Images  Instances      Box(P          R      mAP50  mAP50-95): 88% ━━━━━━━━━━╸─ 23/26 3.5it/s 8.2s<0.9s
                 Class     Images  Instances      Box(P          R      mAP50  mAP50-95): 92% ━━━━━━━━━━━─ 24/26 3.5it/s 8.5s<0.6s
                 Class     Images  Instances      Box(P          R      mAP50  mAP50-95): 96% ━━━━━━━━━━━╸ 25/26 3.4it/s 8.8s<0.3s
                 Class     Images  Instances      Box(P          R      mAP50  mAP50-95): 100% ━━━━━━━━━━━━ 26/26 2.9it/s 9.1s
      Epoch    GPU_mem   box_loss   cls_loss   dfl_loss  Instances       Size
                 Class     Images  Instances      Box(P          R      mAP50  mAP50-95): 3% ──────────── 1/26 1.0it/s 0.3s<24.6s
                 Class     Images  Instances      Box(P          R      mAP50  mAP50-95): 7% ╸─────────── 2/26 1.7it/s 0.6s<14.1s
                 Class     Images  Instances      Box(P          R      mAP50  mAP50-95): 11% ━─────────── 3/26 2.2it/s 0.9s<10.4s
                 Class     Images  Instances      Box(P          R      mAP50  mAP50-95): 15% ━╸────────── 4/26 2.6it/s 1.2s<8.5s
                 Class     Images  Instances      Box(P          R      mAP50  mAP50-95): 19% ━━────────── 5/26 2.8it/s 1.5s<7.4s
                 Class     Images  Instances      Box(P          R      mAP50  mAP50-95): 23% ━━╸───────── 6/26 3.0it/s 1.8s<6.6s
                 Class     Images  Instances      Box(P          R      mAP50  mAP50-95): 26% ━━━───────── 7/26 3.2it/s 2.1s<6.0s
                 Class     Images  Instances      Box(P          R      mAP50  mAP50-95): 30% ━━━╸──────── 8/26 3.2it/s 2.3s<5.5s
                 Class     Images  Instances      Box(P          R      mAP50  mAP50-95): 34% ━━━━──────── 9/26 3.3it/s 2.6s<5.1s
                 Class     Images  Instances      Box(P          R      mAP50  mAP50-95): 38% ━━━━╸─────── 10/26 3.3it/s 2.9s<4.8s
                 Class     Images  Instances      Box(P          R      mAP50  mAP50-95): 42% ━━━━━─────── 11/26 3.4it/s 3.2s<4.4s
                 Class     Images  Instances      Box(P          R      mAP50  mAP50-95): 46% ━━━━━╸────── 12/26 3.4it/s 3.5s<4.1s
                 Class     Images  Instances      Box(P          R      mAP50  mAP50-95): 50% ━━━━━━────── 13/26 3.4it/s 3.8s<3.8s
                 Class     Images  Instances      Box(P          R      mAP50  mAP50-95): 53% ━━━━━━────── 14/26 3.4it/s 4.1s<3.6s
                 Class     Images  Instances      Box(P          R      mAP50  mAP50-95): 57% ━━━━━━╸───── 15/26 3.4it/s 4.4s<3.3s
                 Class     Images  Instances      Box(P          R      mAP50  mAP50-95): 61% ━━━━━━━───── 16/26 3.4it/s 4.7s<3.0s
                 Class     Images  Instances      Box(P          R      mAP50  mAP50-95): 65% ━━━━━━━╸──── 17/26 3.3it/s 5.0s<2.7s
                 Class     Images  Instances      Box(P          R      mAP50  mAP50-95): 69% ━━━━━━━━──── 18/26 3.3it/s 5.3s<2.4s
                 Class     Images  Instances      Box(P          R      mAP50  mAP50-95): 73% ━━━━━━━━╸─── 19/26 3.3it/s 5.6s<2.1s
                 Class     Images  Instances      Box(P          R      mAP50  mAP50-95): 76% ━━━━━━━━━─── 20/26 3.3it/s 5.9s<1.8s
                 Class     Images  Instances      Box(P          R      mAP50  mAP50-95): 80% ━━━━━━━━━╸── 21/26 3.3it/s 6.2s<1.5s
                 Class     Images  Instances      Box(P          R      mAP50  mAP50-95): 84% ━━━━━━━━━━── 22/26 3.3it/s 6.5s<1.2s
                 Class     Images  Instances      Box(P          R      mAP50  mAP50-95): 88% ━━━━━━━━━━╸─ 23/26 3.3it/s 6.8s<0.9s
                 Class     Images  Instances      Box(P          R      mAP50  mAP50-95): 92% ━━━━━━━━━━━─ 24/26 3.3it/s 7.1s<0.6s
                 Class     Images  Instances      Box(P          R      mAP50  mAP50-95): 96% ━━━━━━━━━━━╸ 25/26 3.4it/s 7.4s<0.3s
                 Class     Images  Instances      Box(P          R      mAP50  mAP50-95): 100% ━━━━━━━━━━━━ 26/26 3.4it/s 7.7s
      Epoch    GPU_mem   box_loss   cls_loss   dfl_loss  Instances       Size
                 Class     Images  Instances      Box(P          R      mAP50  mAP50-95): 3% ──────────── 1/26 1.0s/it 0.3s<25.2s
                 Class     Images  Instances      Box(P          R      mAP50  mAP50-95): 7% ╸─────────── 2/26 1.7it/s 0.6s<14.1s
                 Class     Images  Instances      Box(P          R      mAP50  mAP50-95): 11% ━─────────── 3/26 2.2it/s 0.9s<10.4s
                 Class     Images  Instances      Box(P          R      mAP50  mAP50-95): 15% ━╸────────── 4/26 2.5it/s 1.2s<8.7s
                 Class     Images  Instances      Box(P          R      mAP50  mAP50-95): 19% ━━────────── 5/26 2.8it/s 1.5s<7.6s
                 Class     Images  Instances      Box(P          R      mAP50  mAP50-95): 23% ━━╸───────── 6/26 2.9it/s 1.8s<6.8s
                 Class     Images  Instances      Box(P          R      mAP50  mAP50-95): 26% ━━━───────── 7/26 3.1it/s 2.1s<6.2s
                 Class     Images  Instances      Box(P          R      mAP50  mAP50-95): 30% ━━━╸──────── 8/26 3.1it/s 2.4s<5.7s
                 Class     Images  Instances      Box(P          R      mAP50  mAP50-95): 34% ━━━━──────── 9/26 3.2it/s 2.7s<5.3s
                 Class     Images  Instances      Box(P          R      mAP50  mAP50-95): 38% ━━━━╸─────── 10/26 3.2it/s 3.0s<4.9s
                 Class     Images  Instances      Box(P          R      mAP50  mAP50-95): 42% ━━━━━─────── 11/26 3.3it/s 3.3s<4.6s
                 Class     Images  Instances      Box(P          R      mAP50  mAP50-95): 46% ━━━━━╸────── 12/26 3.3it/s 3.6s<4.3s
                 Class     Images  Instances      Box(P          R      mAP50  mAP50-95): 50% ━━━━━━────── 13/26 3.3it/s 3.9s<3.9s
                 Class     Images  Instances      Box(P          R      mAP50  mAP50-95): 53% ━━━━━━────── 14/26 3.3it/s 4.2s<3.6s
                 Class     Images  Instances      Box(P          R      mAP50  mAP50-95): 57% ━━━━━━╸───── 15/26 3.3it/s 4.5s<3.3s
                 Class     Images  Instances      Box(P          R      mAP50  mAP50-95): 61% ━━━━━━━───── 16/26 3.3it/s 4.8s<3.0s
                 Class     Images  Instances      Box(P          R      mAP50  mAP50-95): 65% ━━━━━━━╸──── 17/26 3.3it/s 5.1s<2.7s
                 Class     Images  Instances      Box(P          R      mAP50  mAP50-95): 69% ━━━━━━━━──── 18/26 3.3it/s 5.4s<2.4s
                 Class     Images  Instances      Box(P          R      mAP50  mAP50-95): 73% ━━━━━━━━╸─── 19/26 3.3it/s 5.7s<2.1s
                 Class     Images  Instances      Box(P          R      mAP50  mAP50-95): 76% ━━━━━━━━━─── 20/26 3.3it/s 6.0s<1.8s
                 Class     Images  Instances      Box(P          R      mAP50  mAP50-95): 80% ━━━━━━━━━╸── 21/26 3.3it/s 6.3s<1.5s
                 Class     Images  Instances      Box(P          R      mAP50  mAP50-95): 84% ━━━━━━━━━━── 22/26 3.4it/s 6.6s<1.2s
                 Class     Images  Instances      Box(P          R      mAP50  mAP50-95): 88% ━━━━━━━━━━╸─ 23/26 3.4it/s 6.9s<0.9s
                 Class     Images  Instances      Box(P          R      mAP50  mAP50-95): 92% ━━━━━━━━━━━─ 24/26 3.4it/s 7.2s<0.6s
                 Class     Images  Instances      Box(P          R      mAP50  mAP50-95): 96% ━━━━━━━━━━━╸ 25/26 3.4it/s 7.5s<0.3s
                 Class     Images  Instances      Box(P          R      mAP50  mAP50-95): 100% ━━━━━━━━━━━━ 26/26 3.4it/s 7.8s
      Epoch    GPU_mem   box_loss   cls_loss   dfl_loss  Instances       Size
                 Class     Images  Instances      Box(P          R      mAP50  mAP50-95): 3% ──────────── 1/26 1.0it/s 0.3s<24.3s
                 Class     Images  Instances      Box(P          R      mAP50  mAP50-95): 7% ╸─────────── 2/26 1.8it/s 0.6s<13.6s
                 Class     Images  Instances      Box(P          R      mAP50  mAP50-95): 11% ━─────────── 3/26 2.3it/s 0.9s<10.1s
                 Class     Images  Instances      Box(P          R      mAP50  mAP50-95): 15% ━╸────────── 4/26 2.6it/s 1.2s<8.3s
                 Class     Images  Instances      Box(P          R      mAP50  mAP50-95): 19% ━━────────── 5/26 2.9it/s 1.4s<7.3s
                 Class     Images  Instances      Box(P          R      mAP50  mAP50-95): 23% ━━╸───────── 6/26 3.1it/s 1.7s<6.6s
                 Class     Images  Instances      Box(P          R      mAP50  mAP50-95): 26% ━━━───────── 7/26 3.1it/s 2.0s<6.1s
                 Class     Images  Instances      Box(P          R      mAP50  mAP50-95): 30% ━━━╸──────── 8/26 3.2it/s 2.3s<5.7s
                 Class     Images  Instances      Box(P          R      mAP50  mAP50-95): 34% ━━━━──────── 9/26 3.2it/s 2.6s<5.2s
                 Class     Images  Instances      Box(P          R      mAP50  mAP50-95): 38% ━━━━╸─────── 10/26 3.3it/s 2.9s<4.9s
                 Class     Images  Instances      Box(P          R      mAP50  mAP50-95): 42% ━━━━━─────── 11/26 3.3it/s 3.2s<4.6s
                 Class     Images  Instances      Box(P          R      mAP50  mAP50-95): 46% ━━━━━╸────── 12/26 3.3it/s 3.5s<4.2s
                 Class     Images  Instances      Box(P          R      mAP50  mAP50-95): 50% ━━━━━━────── 13/26 3.3it/s 3.8s<3.9s
                 Class     Images  Instances      Box(P          R      mAP50  mAP50-95): 53% ━━━━━━────── 14/26 3.3it/s 4.1s<3.6s
                 Class     Images  Instances      Box(P          R      mAP50  mAP50-95): 57% ━━━━━━╸───── 15/26 3.3it/s 4.4s<3.3s
                 Class     Images  Instances      Box(P          R      mAP50  mAP50-95): 61% ━━━━━━━───── 16/26 3.3it/s 4.7s<3.0s
                 Class     Images  Instances      Box(P          R      mAP50  mAP50-95): 65% ━━━━━━━╸──── 17/26 3.3it/s 5.0s<2.7s
                 Class     Images  Instances      Box(P          R      mAP50  mAP50-95): 69% ━━━━━━━━──── 18/26 3.3it/s 5.3s<2.4s
                 Class     Images  Instances      Box(P          R      mAP50  mAP50-95): 73% ━━━━━━━━╸─── 19/26 3.3it/s 5.6s<2.1s
                 Class     Images  Instances      Box(P          R      mAP50  mAP50-95): 76% ━━━━━━━━━─── 20/26 3.3it/s 5.9s<1.8s
                 Class     Images  Instances      Box(P          R      mAP50  mAP50-95): 80% ━━━━━━━━━╸── 21/26 3.3it/s 6.2s<1.5s
                 Class     Images  Instances      Box(P          R      mAP50  mAP50-95): 84% ━━━━━━━━━━── 22/26 3.3it/s 6.5s<1.2s
                 Class     Images  Instances      Box(P          R      mAP50  mAP50-95): 88% ━━━━━━━━━━╸─ 23/26 3.3it/s 6.8s<0.9s
                 Class     Images  Instances      Box(P          R      mAP50  mAP50-95): 92% ━━━━━━━━━━━─ 24/26 3.3it/s 7.1s<0.6s
                 Class     Images  Instances      Box(P          R      mAP50  mAP50-95): 96% ━━━━━━━━━━━╸ 25/26 3.3it/s 7.4s<0.3s
                 Class     Images  Instances      Box(P          R      mAP50  mAP50-95): 100% ━━━━━━━━━━━━ 26/26 3.4it/s 7.7s
      Epoch    GPU_mem   box_loss   cls_loss   dfl_loss  Instances       Size
                 Class     Images  Instances      Box(P          R      mAP50  mAP50-95): 3% ──────────── 1/26 1.0s/it 0.3s<25.4s
                 Class     Images  Instances      Box(P          R      mAP50  mAP50-95): 7% ╸─────────── 2/26 1.7it/s 0.6s<14.0s
                 Class     Images  Instances      Box(P          R      mAP50  mAP50-95): 11% ━─────────── 3/26 2.2it/s 0.9s<10.2s
                 Class     Images  Instances      Box(P          R      mAP50  mAP50-95): 15% ━╸────────── 4/26 2.6it/s 1.2s<8.4s
                 Class     Images  Instances      Box(P          R      mAP50  mAP50-95): 19% ━━────────── 5/26 2.9it/s 1.5s<7.3s
                 Class     Images  Instances      Box(P          R      mAP50  mAP50-95): 23% ━━╸───────── 6/26 3.0it/s 1.7s<6.6s
                 Class     Images  Instances      Box(P          R      mAP50  mAP50-95): 26% ━━━───────── 7/26 3.2it/s 2.0s<6.0s
                 Class     Images  Instances      Box(P          R      mAP50  mAP50-95): 30% ━━━╸──────── 8/26 3.3it/s 2.3s<5.5s
                 Class     Images  Instances      Box(P          R      mAP50  mAP50-95): 34% ━━━━──────── 9/26 3.3it/s 2.6s<5.2s
                 Class     Images  Instances      Box(P          R      mAP50  mAP50-95): 38% ━━━━╸─────── 10/26 3.3it/s 2.9s<4.8s
                 Class     Images  Instances      Box(P          R      mAP50  mAP50-95): 42% ━━━━━─────── 11/26 3.3it/s 3.2s<4.5s
                 Class     Images  Instances      Box(P          R      mAP50  mAP50-95): 46% ━━━━━╸────── 12/26 3.3it/s 3.5s<4.2s
                 Class     Images  Instances      Box(P          R      mAP50  mAP50-95): 50% ━━━━━━────── 13/26 3.2it/s 3.9s<4.0s
                 Class     Images  Instances      Box(P          R      mAP50  mAP50-95): 53% ━━━━━━────── 14/26 3.3it/s 4.1s<3.6s
                 Class     Images  Instances      Box(P          R      mAP50  mAP50-95): 57% ━━━━━━╸───── 15/26 3.3it/s 4.4s<3.3s
                 Class     Images  Instances      Box(P          R      mAP50  mAP50-95): 61% ━━━━━━━───── 16/26 3.4it/s 4.7s<3.0s
                 Class     Images  Instances      Box(P          R      mAP50  mAP50-95): 65% ━━━━━━━╸──── 17/26 3.3it/s 5.0s<2.7s
                 Class     Images  Instances      Box(P          R      mAP50  mAP50-95): 69% ━━━━━━━━──── 18/26 3.3it/s 5.3s<2.4s
                 Class     Images  Instances      Box(P          R      mAP50  mAP50-95): 73% ━━━━━━━━╸─── 19/26 3.2it/s 5.7s<2.2s
                 Class     Images  Instances      Box(P          R      mAP50  mAP50-95): 76% ━━━━━━━━━─── 20/26 3.3it/s 6.0s<1.8s
                 Class     Images  Instances      Box(P          R      mAP50  mAP50-95): 80% ━━━━━━━━━╸── 21/26 3.3it/s 6.2s<1.5s
                 Class     Images  Instances      Box(P          R      mAP50  mAP50-95): 84% ━━━━━━━━━━── 22/26 3.4it/s 6.5s<1.2s
                 Class     Images  Instances      Box(P          R      mAP50  mAP50-95): 88% ━━━━━━━━━━╸─ 23/26 3.4it/s 6.8s<0.9s
                 Class     Images  Instances      Box(P          R      mAP50  mAP50-95): 92% ━━━━━━━━━━━─ 24/26 3.4it/s 7.1s<0.6s
                 Class     Images  Instances      Box(P          R      mAP50  mAP50-95): 96% ━━━━━━━━━━━╸ 25/26 3.4it/s 7.4s<0.3s
                 Class     Images  Instances      Box(P          R      mAP50  mAP50-95): 100% ━━━━━━━━━━━━ 26/26 3.4it/s 7.7s
      Epoch    GPU_mem   box_loss   cls_loss   dfl_loss  Instances       Size
                 Class     Images  Instances      Box(P          R      mAP50  mAP50-95): 3% ──────────── 1/26 1.0it/s 0.3s<24.0s
                 Class     Images  Instances      Box(P          R      mAP50  mAP50-95): 7% ╸─────────── 2/26 1.8it/s 0.6s<13.6s
                 Class     Images  Instances      Box(P          R      mAP50  mAP50-95): 11% ━─────────── 3/26 2.3it/s 0.9s<10.1s
                 Class     Images  Instances      Box(P          R      mAP50  mAP50-95): 15% ━╸────────── 4/26 2.6it/s 1.2s<8.5s
                 Class     Images  Instances      Box(P          R      mAP50  mAP50-95): 19% ━━────────── 5/26 2.8it/s 1.5s<7.5s
                 Class     Images  Instances      Box(P          R      mAP50  mAP50-95): 23% ━━╸───────── 6/26 3.0it/s 1.8s<6.7s
                 Class     Images  Instances      Box(P          R      mAP50  mAP50-95): 26% ━━━───────── 7/26 3.1it/s 2.1s<6.2s
                 Class     Images  Instances      Box(P          R      mAP50  mAP50-95): 30% ━━━╸──────── 8/26 3.1it/s 2.4s<5.8s
                 Class     Images  Instances      Box(P          R      mAP50  mAP50-95): 34% ━━━━──────── 9/26 3.2it/s 2.7s<5.3s
                 Class     Images  Instances      Box(P          R      mAP50  mAP50-95): 38% ━━━━╸─────── 10/26 3.2it/s 3.0s<4.9s
                 Class     Images  Instances      Box(P          R      mAP50  mAP50-95): 42% ━━━━━─────── 11/26 3.3it/s 3.3s<4.6s
                 Class     Images  Instances      Box(P          R      mAP50  mAP50-95): 46% ━━━━━╸────── 12/26 3.3it/s 3.6s<4.2s
                 Class     Images  Instances      Box(P          R      mAP50  mAP50-95): 50% ━━━━━━────── 13/26 3.3it/s 3.9s<3.9s
                 Class     Images  Instances      Box(P          R      mAP50  mAP50-95): 53% ━━━━━━────── 14/26 3.3it/s 4.2s<3.6s
                 Class     Images  Instances      Box(P          R      mAP50  mAP50-95): 57% ━━━━━━╸───── 15/26 3.3it/s 4.5s<3.3s
                 Class     Images  Instances      Box(P          R      mAP50  mAP50-95): 61% ━━━━━━━───── 16/26 3.3it/s 4.8s<3.0s
                 Class     Images  Instances      Box(P          R      mAP50  mAP50-95): 65% ━━━━━━━╸──── 17/26 3.3it/s 5.1s<2.7s
                 Class     Images  Instances      Box(P          R      mAP50  mAP50-95): 69% ━━━━━━━━──── 18/26 3.3it/s 5.4s<2.4s
                 Class     Images  Instances      Box(P          R      mAP50  mAP50-95): 73% ━━━━━━━━╸─── 19/26 3.3it/s 5.7s<2.1s
                 Class     Images  Instances      Box(P          R      mAP50  mAP50-95): 76% ━━━━━━━━━─── 20/26 3.3it/s 6.0s<1.8s
                 Class     Images  Instances      Box(P          R      mAP50  mAP50-95): 80% ━━━━━━━━━╸── 21/26 3.3it/s 6.3s<1.5s
                 Class     Images  Instances      Box(P          R      mAP50  mAP50-95): 84% ━━━━━━━━━━── 22/26 3.3it/s 6.6s<1.2s
                 Class     Images  Instances      Box(P          R      mAP50  mAP50-95): 88% ━━━━━━━━━━╸─ 23/26 3.4it/s 6.9s<0.9s
                 Class     Images  Instances      Box(P          R      mAP50  mAP50-95): 92% ━━━━━━━━━━━─ 24/26 3.4it/s 7.1s<0.6s
                 Class     Images  Instances      Box(P          R      mAP50  mAP50-95): 96% ━━━━━━━━━━━╸ 25/26 3.4it/s 7.4s<0.3s
                 Class     Images  Instances      Box(P          R      mAP50  mAP50-95): 100% ━━━━━━━━━━━━ 26/26 3.4it/s 7.7s
      Epoch    GPU_mem   box_loss   cls_loss   dfl_loss  Instances       Size
                 Class     Images  Instances      Box(P          R      mAP50  mAP50-95): 3% ──────────── 1/26 1.0it/s 0.3s<24.5s
                 Class     Images  Instances      Box(P          R      mAP50  mAP50-95): 7% ╸─────────── 2/26 1.8it/s 0.6s<13.7s
                 Class     Images  Instances      Box(P          R      mAP50  mAP50-95): 11% ━─────────── 3/26 2.3it/s 0.9s<10.1s
                 Class     Images  Instances      Box(P          R      mAP50  mAP50-95): 15% ━╸────────── 4/26 2.6it/s 1.2s<8.3s
                 Class     Images  Instances      Box(P          R      mAP50  mAP50-95): 19% ━━────────── 5/26 2.9it/s 1.4s<7.3s
                 Class     Images  Instances      Box(P          R      mAP50  mAP50-95): 23% ━━╸───────── 6/26 3.1it/s 1.7s<6.5s
                 Class     Images  Instances      Box(P          R      mAP50  mAP50-95): 26% ━━━───────── 7/26 3.2it/s 2.0s<6.0s
                 Class     Images  Instances      Box(P          R      mAP50  mAP50-95): 30% ━━━╸──────── 8/26 3.2it/s 2.3s<5.6s
                 Class     Images  Instances      Box(P          R      mAP50  mAP50-95): 34% ━━━━──────── 9/26 3.2it/s 2.6s<5.2s
                 Class     Images  Instances      Box(P          R      mAP50  mAP50-95): 38% ━━━━╸─────── 10/26 3.3it/s 2.9s<4.9s
                 Class     Images  Instances      Box(P          R      mAP50  mAP50-95): 42% ━━━━━─────── 11/26 3.3it/s 3.2s<4.5s
                 Class     Images  Instances      Box(P          R      mAP50  mAP50-95): 46% ━━━━━╸────── 12/26 3.3it/s 3.5s<4.2s
                 Class     Images  Instances      Box(P          R      mAP50  mAP50-95): 50% ━━━━━━────── 13/26 3.3it/s 3.8s<3.9s
                 Class     Images  Instances      Box(P          R      mAP50  mAP50-95): 53% ━━━━━━────── 14/26 3.3it/s 4.1s<3.6s
                 Class     Images  Instances      Box(P          R      mAP50  mAP50-95): 57% ━━━━━━╸───── 15/26 3.3it/s 4.4s<3.3s
                 Class     Images  Instances      Box(P          R      mAP50  mAP50-95): 61% ━━━━━━━───── 16/26 3.3it/s 4.7s<3.0s
                 Class     Images  Instances      Box(P          R      mAP50  mAP50-95): 65% ━━━━━━━╸──── 17/26 3.3it/s 5.0s<2.7s
                 Class     Images  Instances      Box(P          R      mAP50  mAP50-95): 69% ━━━━━━━━──── 18/26 3.3it/s 5.3s<2.4s
                 Class     Images  Instances      Box(P          R      mAP50  mAP50-95): 73% ━━━━━━━━╸─── 19/26 3.3it/s 5.6s<2.1s
                 Class     Images  Instances      Box(P          R      mAP50  mAP50-95): 76% ━━━━━━━━━─── 20/26 3.3it/s 5.9s<1.8s
                 Class     Images  Instances      Box(P          R      mAP50  mAP50-95): 80% ━━━━━━━━━╸── 21/26 3.3it/s 6.2s<1.5s
                 Class     Images  Instances      Box(P          R      mAP50  mAP50-95): 84% ━━━━━━━━━━── 22/26 3.3it/s 6.5s<1.2s
                 Class     Images  Instances      Box(P          R      mAP50  mAP50-95): 88% ━━━━━━━━━━╸─ 23/26 3.3it/s 6.8s<0.9s
                 Class     Images  Instances      Box(P          R      mAP50  mAP50-95): 92% ━━━━━━━━━━━─ 24/26 3.3it/s 7.1s<0.6s
                 Class     Images  Instances      Box(P          R      mAP50  mAP50-95): 96% ━━━━━━━━━━━╸ 25/26 3.4it/s 7.4s<0.3s
                 Class     Images  Instances      Box(P          R      mAP50  mAP50-95): 100% ━━━━━━━━━━━━ 26/26 3.4it/s 7.7s
      Epoch    GPU_mem   box_loss   cls_loss   dfl_loss  Instances       Size
                 Class     Images  Instances      Box(P          R      mAP50  mAP50-95): 3% ──────────── 1/26 1.0it/s 0.3s<25.0s
                 Class     Images  Instances      Box(P          R      mAP50  mAP50-95): 7% ╸─────────── 2/26 1.7it/s 0.6s<13.8s
                 Class     Images  Instances      Box(P          R      mAP50  mAP50-95): 11% ━─────────── 3/26 2.3it/s 0.9s<10.1s
                 Class     Images  Instances      Box(P          R      mAP50  mAP50-95): 15% ━╸────────── 4/26 2.6it/s 1.2s<8.4s
                 Class     Images  Instances      Box(P          R      mAP50  mAP50-95): 19% ━━────────── 5/26 2.9it/s 1.5s<7.3s
                 Class     Images  Instances      Box(P          R      mAP50  mAP50-95): 23% ━━╸───────── 6/26 3.0it/s 1.8s<6.7s
                 Class     Images  Instances      Box(P          R      mAP50  mAP50-95): 26% ━━━───────── 7/26 3.1it/s 2.1s<6.1s
                 Class     Images  Instances      Box(P          R      mAP50  mAP50-95): 30% ━━━╸──────── 8/26 3.2it/s 2.4s<5.7s
                 Class     Images  Instances      Box(P          R      mAP50  mAP50-95): 34% ━━━━──────── 9/26 3.2it/s 2.7s<5.3s
                 Class     Images  Instances      Box(P          R      mAP50  mAP50-95): 38% ━━━━╸─────── 10/26 3.3it/s 3.0s<4.9s
                 Class     Images  Instances      Box(P          R      mAP50  mAP50-95): 42% ━━━━━─────── 11/26 3.3it/s 3.3s<4.6s
                 Class     Images  Instances      Box(P          R      mAP50  mAP50-95): 46% ━━━━━╸────── 12/26 3.3it/s 3.6s<4.3s
                 Class     Images  Instances      Box(P          R      mAP50  mAP50-95): 50% ━━━━━━────── 13/26 3.3it/s 3.9s<3.9s
                 Class     Images  Instances      Box(P          R      mAP50  mAP50-95): 53% ━━━━━━────── 14/26 3.3it/s 4.2s<3.6s
                 Class     Images  Instances      Box(P          R      mAP50  mAP50-95): 57% ━━━━━━╸───── 15/26 3.3it/s 4.5s<3.3s
                 Class     Images  Instances      Box(P          R      mAP50  mAP50-95): 61% ━━━━━━━───── 16/26 3.3it/s 4.8s<3.0s
                 Class     Images  Instances      Box(P          R      mAP50  mAP50-95): 65% ━━━━━━━╸──── 17/26 3.3it/s 5.1s<2.7s
                 Class     Images  Instances      Box(P          R      mAP50  mAP50-95): 69% ━━━━━━━━──── 18/26 3.3it/s 5.4s<2.4s
                 Class     Images  Instances      Box(P          R      mAP50  mAP50-95): 73% ━━━━━━━━╸─── 19/26 3.3it/s 5.7s<2.1s
                 Class     Images  Instances      Box(P          R      mAP50  mAP50-95): 76% ━━━━━━━━━─── 20/26 3.3it/s 6.0s<1.8s
                 Class     Images  Instances      Box(P          R      mAP50  mAP50-95): 80% ━━━━━━━━━╸── 21/26 3.3it/s 6.3s<1.5s
                 Class     Images  Instances      Box(P          R      mAP50  mAP50-95): 84% ━━━━━━━━━━── 22/26 3.3it/s 6.6s<1.2s
                 Class     Images  Instances      Box(P          R      mAP50  mAP50-95): 88% ━━━━━━━━━━╸─ 23/26 3.4it/s 6.8s<0.9s
                 Class     Images  Instances      Box(P          R      mAP50  mAP50-95): 92% ━━━━━━━━━━━─ 24/26 3.4it/s 7.1s<0.6s
                 Class     Images  Instances      Box(P          R      mAP50  mAP50-95): 96% ━━━━━━━━━━━╸ 25/26 3.4it/s 7.4s<0.3s
                 Class     Images  Instances      Box(P          R      mAP50  mAP50-95): 100% ━━━━━━━━━━━━ 26/26 3.4it/s 7.7s
      Epoch    GPU_mem   box_loss   cls_loss   dfl_loss  Instances       Size
                 Class     Images  Instances      Box(P          R      mAP50  mAP50-95): 3% ──────────── 1/26 1.0it/s 0.3s<24.9s
                 Class     Images  Instances      Box(P          R      mAP50  mAP50-95): 7% ╸─────────── 2/26 1.8it/s 0.6s<13.7s
                 Class     Images  Instances      Box(P          R      mAP50  mAP50-95): 11% ━─────────── 3/26 2.3it/s 0.9s<10.1s
                 Class     Images  Instances      Box(P          R      mAP50  mAP50-95): 15% ━╸────────── 4/26 2.6it/s 1.2s<8.3s
                 Class     Images  Instances      Box(P          R      mAP50  mAP50-95): 19% ━━────────── 5/26 2.9it/s 1.4s<7.3s
                 Class     Images  Instances      Box(P          R      mAP50  mAP50-95): 23% ━━╸───────── 6/26 3.1it/s 1.7s<6.5s
                 Class     Images  Instances      Box(P          R      mAP50  mAP50-95): 26% ━━━───────── 7/26 3.2it/s 2.0s<6.0s
                 Class     Images  Instances      Box(P          R      mAP50  mAP50-95): 30% ━━━╸──────── 8/26 3.2it/s 2.3s<5.5s
                 Class     Images  Instances      Box(P          R      mAP50  mAP50-95): 34% ━━━━──────── 9/26 3.2it/s 2.6s<5.3s
                 Class     Images  Instances      Box(P          R      mAP50  mAP50-95): 38% ━━━━╸─────── 10/26 3.3it/s 2.9s<4.9s
                 Class     Images  Instances      Box(P          R      mAP50  mAP50-95): 42% ━━━━━─────── 11/26 3.3it/s 3.2s<4.5s
                 Class     Images  Instances      Box(P          R      mAP50  mAP50-95): 46% ━━━━━╸────── 12/26 3.3it/s 3.5s<4.2s
                 Class     Images  Instances      Box(P          R      mAP50  mAP50-95): 50% ━━━━━━────── 13/26 3.3it/s 3.8s<3.9s
                 Class     Images  Instances      Box(P          R      mAP50  mAP50-95): 53% ━━━━━━────── 14/26 3.3it/s 4.1s<3.6s
                 Class     Images  Instances      Box(P          R      mAP50  mAP50-95): 57% ━━━━━━╸───── 15/26 3.3it/s 4.4s<3.3s
                 Class     Images  Instances      Box(P          R      mAP50  mAP50-95): 61% ━━━━━━━───── 16/26 3.3it/s 4.7s<3.0s
                 Class     Images  Instances      Box(P          R      mAP50  mAP50-95): 65% ━━━━━━━╸──── 17/26 3.3it/s 5.0s<2.7s
                 Class     Images  Instances      Box(P          R      mAP50  mAP50-95): 69% ━━━━━━━━──── 18/26 3.3it/s 5.3s<2.4s
                 Class     Images  Instances      Box(P          R      mAP50  mAP50-95): 73% ━━━━━━━━╸─── 19/26 3.3it/s 5.6s<2.1s
                 Class     Images  Instances      Box(P          R      mAP50  mAP50-95): 76% ━━━━━━━━━─── 20/26 3.3it/s 5.9s<1.8s
                 Class     Images  Instances      Box(P          R      mAP50  mAP50-95): 80% ━━━━━━━━━╸── 21/26 3.3it/s 6.2s<1.5s
                 Class     Images  Instances      Box(P          R      mAP50  mAP50-95): 84% ━━━━━━━━━━── 22/26 3.3it/s 6.5s<1.2s
                 Class     Images  Instances      Box(P          R      mAP50  mAP50-95): 88% ━━━━━━━━━━╸─ 23/26 3.3it/s 6.8s<0.9s
                 Class     Images  Instances      Box(P          R      mAP50  mAP50-95): 92% ━━━━━━━━━━━─ 24/26 3.3it/s 7.1s<0.6s
                 Class     Images  Instances      Box(P          R      mAP50  mAP50-95): 96% ━━━━━━━━━━━╸ 25/26 3.3it/s 7.4s<0.3s
                 Class     Images  Instances      Box(P          R      mAP50  mAP50-95): 100% ━━━━━━━━━━━━ 26/26 3.4it/s 7.7s
      Epoch    GPU_mem   box_loss   cls_loss   dfl_loss  Instances       Size
                 Class     Images  Instances      Box(P          R      mAP50  mAP50-95): 3% ──────────── 1/26 1.0it/s 0.3s<24.8s
                 Class     Images  Instances      Box(P          R      mAP50  mAP50-95): 7% ╸─────────── 2/26 1.8it/s 0.6s<13.7s
                 Class     Images  Instances      Box(P          R      mAP50  mAP50-95): 11% ━─────────── 3/26 2.3it/s 0.9s<10.1s
                 Class     Images  Instances      Box(P          R      mAP50  mAP50-95): 15% ━╸────────── 4/26 2.6it/s 1.2s<8.4s
                 Class     Images  Instances      Box(P          R      mAP50  mAP50-95): 19% ━━────────── 5/26 2.8it/s 1.5s<7.4s
                 Class     Images  Instances      Box(P          R      mAP50  mAP50-95): 23% ━━╸───────── 6/26 3.0it/s 1.8s<6.7s
                 Class     Images  Instances      Box(P          R      mAP50  mAP50-95): 26% ━━━───────── 7/26 3.1it/s 2.1s<6.2s
                 Class     Images  Instances      Box(P          R      mAP50  mAP50-95): 30% ━━━╸──────── 8/26 3.2it/s 2.4s<5.7s
                 Class     Images  Instances      Box(P          R      mAP50  mAP50-95): 34% ━━━━──────── 9/26 3.2it/s 2.7s<5.3s
                 Class     Images  Instances      Box(P          R      mAP50  mAP50-95): 38% ━━━━╸─────── 10/26 3.3it/s 3.0s<4.9s
                 Class     Images  Instances      Box(P          R      mAP50  mAP50-95): 42% ━━━━━─────── 11/26 3.3it/s 3.3s<4.6s
                 Class     Images  Instances      Box(P          R      mAP50  mAP50-95): 46% ━━━━━╸────── 12/26 3.3it/s 3.6s<4.2s
                 Class     Images  Instances      Box(P          R      mAP50  mAP50-95): 50% ━━━━━━────── 13/26 3.3it/s 3.9s<3.9s
                 Class     Images  Instances      Box(P          R      mAP50  mAP50-95): 53% ━━━━━━────── 14/26 3.3it/s 4.2s<3.6s
                 Class     Images  Instances      Box(P          R      mAP50  mAP50-95): 57% ━━━━━━╸───── 15/26 3.3it/s 4.5s<3.3s
                 Class     Images  Instances      Box(P          R      mAP50  mAP50-95): 61% ━━━━━━━───── 16/26 3.3it/s 4.8s<3.0s
                 Class     Images  Instances      Box(P          R      mAP50  mAP50-95): 65% ━━━━━━━╸──── 17/26 3.3it/s 5.1s<2.7s
                 Class     Images  Instances      Box(P          R      mAP50  mAP50-95): 69% ━━━━━━━━──── 18/26 3.3it/s 5.4s<2.4s
                 Class     Images  Instances      Box(P          R      mAP50  mAP50-95): 73% ━━━━━━━━╸─── 19/26 3.3it/s 5.7s<2.1s
                 Class     Images  Instances      Box(P          R      mAP50  mAP50-95): 76% ━━━━━━━━━─── 20/26 3.3it/s 6.0s<1.8s
                 Class     Images  Instances      Box(P          R      mAP50  mAP50-95): 80% ━━━━━━━━━╸── 21/26 3.3it/s 6.3s<1.5s
                 Class     Images  Instances      Box(P          R      mAP50  mAP50-95): 84% ━━━━━━━━━━── 22/26 3.3it/s 6.6s<1.2s
                 Class     Images  Instances      Box(P          R      mAP50  mAP50-95): 88% ━━━━━━━━━━╸─ 23/26 3.4it/s 6.8s<0.9s
                 Class     Images  Instances      Box(P          R      mAP50  mAP50-95): 92% ━━━━━━━━━━━─ 24/26 3.4it/s 7.1s<0.6s
                 Class     Images  Instances      Box(P          R      mAP50  mAP50-95): 96% ━━━━━━━━━━━╸ 25/26 3.4it/s 7.4s<0.3s
                 Class     Images  Instances      Box(P          R      mAP50  mAP50-95): 100% ━━━━━━━━━━━━ 26/26 3.4it/s 7.7s
      Epoch    GPU_mem   box_loss   cls_loss   dfl_loss  Instances       Size
                 Class     Images  Instances      Box(P          R      mAP50  mAP50-95): 3% ──────────── 1/26 1.0s/it 0.3s<25.2s
                 Class     Images  Instances      Box(P          R      mAP50  mAP50-95): 7% ╸─────────── 2/26 1.7it/s 0.6s<13.9s
                 Class     Images  Instances      Box(P          R      mAP50  mAP50-95): 11% ━─────────── 3/26 2.2it/s 0.9s<10.4s
                 Class     Images  Instances      Box(P          R      mAP50  mAP50-95): 15% ━╸────────── 4/26 2.5it/s 1.2s<8.6s
                 Class     Images  Instances      Box(P          R      mAP50  mAP50-95): 19% ━━────────── 5/26 2.8it/s 1.5s<7.6s
                 Class     Images  Instances      Box(P          R      mAP50  mAP50-95): 23% ━━╸───────── 6/26 2.9it/s 1.8s<6.8s
                 Class     Images  Instances      Box(P          R      mAP50  mAP50-95): 26% ━━━───────── 7/26 3.1it/s 2.1s<6.2s
                 Class     Images  Instances      Box(P          R      mAP50  mAP50-95): 30% ━━━╸──────── 8/26 3.1it/s 2.4s<5.7s
                 Class     Images  Instances      Box(P          R      mAP50  mAP50-95): 34% ━━━━──────── 9/26 3.2it/s 2.7s<5.3s
                 Class     Images  Instances      Box(P          R      mAP50  mAP50-95): 38% ━━━━╸─────── 10/26 3.2it/s 3.0s<4.9s
                 Class     Images  Instances      Box(P          R      mAP50  mAP50-95): 42% ━━━━━─────── 11/26 3.3it/s 3.3s<4.6s
                 Class     Images  Instances      Box(P          R      mAP50  mAP50-95): 46% ━━━━━╸────── 12/26 3.3it/s 3.6s<4.3s
                 Class     Images  Instances      Box(P          R      mAP50  mAP50-95): 50% ━━━━━━────── 13/26 3.3it/s 3.9s<3.9s
                 Class     Images  Instances      Box(P          R      mAP50  mAP50-95): 53% ━━━━━━────── 14/26 3.3it/s 4.2s<3.6s
                 Class     Images  Instances      Box(P          R      mAP50  mAP50-95): 57% ━━━━━━╸───── 15/26 3.3it/s 4.5s<3.3s
                 Class     Images  Instances      Box(P          R      mAP50  mAP50-95): 61% ━━━━━━━───── 16/26 3.3it/s 4.8s<3.0s
                 Class     Images  Instances      Box(P          R      mAP50  mAP50-95): 65% ━━━━━━━╸──── 17/26 3.3it/s 5.1s<2.7s
                 Class     Images  Instances      Box(P          R      mAP50  mAP50-95): 69% ━━━━━━━━──── 18/26 3.3it/s 5.4s<2.4s
                 Class     Images  Instances      Box(P          R      mAP50  mAP50-95): 73% ━━━━━━━━╸─── 19/26 3.3it/s 5.7s<2.1s
                 Class     Images  Instances      Box(P          R      mAP50  mAP50-95): 76% ━━━━━━━━━─── 20/26 3.3it/s 6.0s<1.8s
                 Class     Images  Instances      Box(P          R      mAP50  mAP50-95): 80% ━━━━━━━━━╸── 21/26 3.3it/s 6.3s<1.5s
                 Class     Images  Instances      Box(P          R      mAP50  mAP50-95): 84% ━━━━━━━━━━── 22/26 3.3it/s 6.6s<1.2s
                 Class     Images  Instances      Box(P          R      mAP50  mAP50-95): 88% ━━━━━━━━━━╸─ 23/26 3.3it/s 6.9s<0.9s
                 Class     Images  Instances      Box(P          R      mAP50  mAP50-95): 92% ━━━━━━━━━━━─ 24/26 3.3it/s 7.2s<0.6s
                 Class     Images  Instances      Box(P          R      mAP50  mAP50-95): 96% ━━━━━━━━━━━╸ 25/26 3.3it/s 7.5s<0.3s
                 Class     Images  Instances      Box(P          R      mAP50  mAP50-95): 100% ━━━━━━━━━━━━ 26/26 3.3it/s 7.8s
      Epoch    GPU_mem   box_loss   cls_loss   dfl_loss  Instances       Size
                 Class     Images  Instances      Box(P          R      mAP50  mAP50-95): 3% ──────────── 1/26 1.0it/s 0.3s<25.0s
                 Class     Images  Instances      Box(P          R      mAP50  mAP50-95): 7% ╸─────────── 2/26 1.7it/s 0.6s<13.9s
                 Class     Images  Instances      Box(P          R      mAP50  mAP50-95): 11% ━─────────── 3/26 2.2it/s 0.9s<10.4s
                 Class     Images  Instances      Box(P          R      mAP50  mAP50-95): 15% ━╸────────── 4/26 2.6it/s 1.2s<8.6s
                 Class     Images  Instances      Box(P          R      mAP50  mAP50-95): 19% ━━────────── 5/26 2.8it/s 1.5s<7.6s
                 Class     Images  Instances      Box(P          R      mAP50  mAP50-95): 23% ━━╸───────── 6/26 3.0it/s 1.8s<6.7s
                 Class     Images  Instances      Box(P          R      mAP50  mAP50-95): 26% ━━━───────── 7/26 3.1it/s 2.1s<6.2s
                 Class     Images  Instances      Box(P          R      mAP50  mAP50-95): 30% ━━━╸──────── 8/26 3.1it/s 2.4s<5.8s
                 Class     Images  Instances      Box(P          R      mAP50  mAP50-95): 34% ━━━━──────── 9/26 3.2it/s 2.7s<5.3s
                 Class     Images  Instances      Box(P          R      mAP50  mAP50-95): 38% ━━━━╸─────── 10/26 3.2it/s 3.0s<5.0s
                 Class     Images  Instances      Box(P          R      mAP50  mAP50-95): 42% ━━━━━─────── 11/26 3.3it/s 3.3s<4.6s
                 Class     Images  Instances      Box(P          R      mAP50  mAP50-95): 46% ━━━━━╸────── 12/26 3.3it/s 3.6s<4.3s
                 Class     Images  Instances      Box(P          R      mAP50  mAP50-95): 50% ━━━━━━────── 13/26 3.3it/s 3.9s<3.9s
                 Class     Images  Instances      Box(P          R      mAP50  mAP50-95): 53% ━━━━━━────── 14/26 3.3it/s 4.2s<3.6s
                 Class     Images  Instances      Box(P          R      mAP50  mAP50-95): 57% ━━━━━━╸───── 15/26 3.3it/s 4.5s<3.3s
                 Class     Images  Instances      Box(P          R      mAP50  mAP50-95): 61% ━━━━━━━───── 16/26 3.3it/s 4.8s<3.0s
                 Class     Images  Instances      Box(P          R      mAP50  mAP50-95): 65% ━━━━━━━╸──── 17/26 3.3it/s 5.1s<2.7s
                 Class     Images  Instances      Box(P          R      mAP50  mAP50-95): 69% ━━━━━━━━──── 18/26 3.3it/s 5.4s<2.4s
                 Class     Images  Instances      Box(P          R      mAP50  mAP50-95): 73% ━━━━━━━━╸─── 19/26 3.3it/s 5.7s<2.1s
                 Class     Images  Instances      Box(P          R      mAP50  mAP50-95): 76% ━━━━━━━━━─── 20/26 3.3it/s 6.0s<1.8s
                 Class     Images  Instances      Box(P          R      mAP50  mAP50-95): 80% ━━━━━━━━━╸── 21/26 3.3it/s 6.3s<1.5s
                 Class     Images  Instances      Box(P          R      mAP50  mAP50-95): 84% ━━━━━━━━━━── 22/26 3.3it/s 6.6s<1.2s
                 Class     Images  Instances      Box(P          R      mAP50  mAP50-95): 88% ━━━━━━━━━━╸─ 23/26 3.3it/s 6.9s<0.9s
                 Class     Images  Instances      Box(P          R      mAP50  mAP50-95): 92% ━━━━━━━━━━━─ 24/26 3.3it/s 7.2s<0.6s
                 Class     Images  Instances      Box(P          R      mAP50  mAP50-95): 96% ━━━━━━━━━━━╸ 25/26 3.4it/s 7.5s<0.3s
                 Class     Images  Instances      Box(P          R      mAP50  mAP50-95): 100% ━━━━━━━━━━━━ 26/26 3.3it/s 7.8s
      Epoch    GPU_mem   box_loss   cls_loss   dfl_loss  Instances       Size
                 Class     Images  Instances      Box(P          R      mAP50  mAP50-95): 3% ──────────── 1/26 1.0s/it 0.3s<25.2s
                 Class     Images  Instances      Box(P          R      mAP50  mAP50-95): 7% ╸─────────── 2/26 1.7it/s 0.6s<13.9s
                 Class     Images  Instances      Box(P          R      mAP50  mAP50-95): 11% ━─────────── 3/26 2.2it/s 0.9s<10.4s
                 Class     Images  Instances      Box(P          R      mAP50  mAP50-95): 15% ━╸────────── 4/26 2.6it/s 1.2s<8.5s
                 Class     Images  Instances      Box(P          R      mAP50  mAP50-95): 19% ━━────────── 5/26 2.8it/s 1.5s<7.4s
                 Class     Images  Instances      Box(P          R      mAP50  mAP50-95): 23% ━━╸───────── 6/26 3.0it/s 1.8s<6.6s
                 Class     Images  Instances      Box(P          R      mAP50  mAP50-95): 26% ━━━───────── 7/26 3.2it/s 2.1s<6.0s
                 Class     Images  Instances      Box(P          R      mAP50  mAP50-95): 30% ━━━╸──────── 8/26 3.2it/s 2.3s<5.5s
                 Class     Images  Instances      Box(P          R      mAP50  mAP50-95): 34% ━━━━──────── 9/26 3.3it/s 2.6s<5.1s
                 Class     Images  Instances      Box(P          R      mAP50  mAP50-95): 38% ━━━━╸─────── 10/26 3.4it/s 2.9s<4.8s
                 Class     Images  Instances      Box(P          R      mAP50  mAP50-95): 42% ━━━━━─────── 11/26 3.4it/s 3.2s<4.4s
                 Class     Images  Instances      Box(P          R      mAP50  mAP50-95): 46% ━━━━━╸────── 12/26 3.4it/s 3.5s<4.1s
                 Class     Images  Instances      Box(P          R      mAP50  mAP50-95): 50% ━━━━━━────── 13/26 3.4it/s 3.8s<3.8s
                 Class     Images  Instances      Box(P          R      mAP50  mAP50-95): 53% ━━━━━━────── 14/26 3.4it/s 4.1s<3.5s
                 Class     Images  Instances      Box(P          R      mAP50  mAP50-95): 57% ━━━━━━╸───── 15/26 3.4it/s 4.4s<3.3s
                 Class     Images  Instances      Box(P          R      mAP50  mAP50-95): 61% ━━━━━━━───── 16/26 3.4it/s 4.7s<3.0s
                 Class     Images  Instances      Box(P          R      mAP50  mAP50-95): 65% ━━━━━━━╸──── 17/26 3.4it/s 5.0s<2.7s
                 Class     Images  Instances      Box(P          R      mAP50  mAP50-95): 69% ━━━━━━━━──── 18/26 3.4it/s 5.3s<2.3s
                 Class     Images  Instances      Box(P          R      mAP50  mAP50-95): 73% ━━━━━━━━╸─── 19/26 3.4it/s 5.6s<2.0s
                 Class     Images  Instances      Box(P          R      mAP50  mAP50-95): 76% ━━━━━━━━━─── 20/26 3.4it/s 5.9s<1.8s
                 Class     Images  Instances      Box(P          R      mAP50  mAP50-95): 80% ━━━━━━━━━╸── 21/26 3.4it/s 6.1s<1.5s
                 Class     Images  Instances      Box(P          R      mAP50  mAP50-95): 84% ━━━━━━━━━━── 22/26 3.4it/s 6.4s<1.2s
                 Class     Images  Instances      Box(P          R      mAP50  mAP50-95): 88% ━━━━━━━━━━╸─ 23/26 3.5it/s 6.7s<0.9s
                 Class     Images  Instances      Box(P          R      mAP50  mAP50-95): 92% ━━━━━━━━━━━─ 24/26 3.5it/s 7.0s<0.6s
                 Class     Images  Instances      Box(P          R      mAP50  mAP50-95): 96% ━━━━━━━━━━━╸ 25/26 3.5it/s 7.3s<0.3s
                 Class     Images  Instances      Box(P          R      mAP50  mAP50-95): 100% ━━━━━━━━━━━━ 26/26 3.4it/s 7.6s
      Epoch    GPU_mem   box_loss   cls_loss   dfl_loss  Instances       Size
                 Class     Images  Instances      Box(P          R      mAP50  mAP50-95): 3% ──────────── 1/26 1.0it/s 0.3s<24.6s
                 Class     Images  Instances      Box(P          R      mAP50  mAP50-95): 7% ╸─────────── 2/26 1.7it/s 0.6s<13.8s
                 Class     Images  Instances      Box(P          R      mAP50  mAP50-95): 11% ━─────────── 3/26 2.3it/s 0.9s<10.2s
                 Class     Images  Instances      Box(P          R      mAP50  mAP50-95): 15% ━╸────────── 4/26 2.6it/s 1.2s<8.4s
                 Class     Images  Instances      Box(P          R      mAP50  mAP50-95): 19% ━━────────── 5/26 2.9it/s 1.4s<7.3s
                 Class     Images  Instances      Box(P          R      mAP50  mAP50-95): 23% ━━╸───────── 6/26 3.1it/s 1.7s<6.5s
                 Class     Images  Instances      Box(P          R      mAP50  mAP50-95): 26% ━━━───────── 7/26 3.2it/s 2.0s<6.0s
                 Class     Images  Instances      Box(P          R      mAP50  mAP50-95): 30% ━━━╸──────── 8/26 3.3it/s 2.3s<5.5s
                 Class     Images  Instances      Box(P          R      mAP50  mAP50-95): 34% ━━━━──────── 9/26 3.3it/s 2.6s<5.1s
                 Class     Images  Instances      Box(P          R      mAP50  mAP50-95): 38% ━━━━╸─────── 10/26 3.4it/s 2.9s<4.8s
                 Class     Images  Instances      Box(P          R      mAP50  mAP50-95): 42% ━━━━━─────── 11/26 3.4it/s 3.2s<4.5s
                 Class     Images  Instances      Box(P          R      mAP50  mAP50-95): 46% ━━━━━╸────── 12/26 3.4it/s 3.5s<4.2s
                 Class     Images  Instances      Box(P          R      mAP50  mAP50-95): 50% ━━━━━━────── 13/26 3.3it/s 3.8s<3.9s
                 Class     Images  Instances      Box(P          R      mAP50  mAP50-95): 53% ━━━━━━────── 14/26 3.3it/s 4.1s<3.6s
                 Class     Images  Instances      Box(P          R      mAP50  mAP50-95): 57% ━━━━━━╸───── 15/26 3.3it/s 4.4s<3.3s
                 Class     Images  Instances      Box(P          R      mAP50  mAP50-95): 61% ━━━━━━━───── 16/26 3.3it/s 4.7s<3.0s
                 Class     Images  Instances      Box(P          R      mAP50  mAP50-95): 65% ━━━━━━━╸──── 17/26 3.4it/s 5.0s<2.7s
                 Class     Images  Instances      Box(P          R      mAP50  mAP50-95): 69% ━━━━━━━━──── 18/26 3.4it/s 5.3s<2.3s
                 Class     Images  Instances      Box(P          R      mAP50  mAP50-95): 73% ━━━━━━━━╸─── 19/26 3.4it/s 5.6s<2.0s
                 Class     Images  Instances      Box(P          R      mAP50  mAP50-95): 76% ━━━━━━━━━─── 20/26 3.4it/s 5.8s<1.7s
                 Class     Images  Instances      Box(P          R      mAP50  mAP50-95): 80% ━━━━━━━━━╸── 21/26 3.4it/s 6.1s<1.5s
                 Class     Images  Instances      Box(P          R      mAP50  mAP50-95): 84% ━━━━━━━━━━── 22/26 3.5it/s 6.4s<1.2s
                 Class     Images  Instances      Box(P          R      mAP50  mAP50-95): 88% ━━━━━━━━━━╸─ 23/26 3.5it/s 6.7s<0.9s
                 Class     Images  Instances      Box(P          R      mAP50  mAP50-95): 92% ━━━━━━━━━━━─ 24/26 3.5it/s 7.0s<0.6s
                 Class     Images  Instances      Box(P          R      mAP50  mAP50-95): 96% ━━━━━━━━━━━╸ 25/26 3.4it/s 7.3s<0.3s
                 Class     Images  Instances      Box(P          R      mAP50  mAP50-95): 100% ━━━━━━━━━━━━ 26/26 3.4it/s 7.6s
      Epoch    GPU_mem   box_loss   cls_loss   dfl_loss  Instances       Size
                 Class     Images  Instances      Box(P          R      mAP50  mAP50-95): 3% ──────────── 1/26 1.0it/s 0.3s<24.7s
                 Class     Images  Instances      Box(P          R      mAP50  mAP50-95): 7% ╸─────────── 2/26 1.7it/s 0.6s<13.7s
                 Class     Images  Instances      Box(P          R      mAP50  mAP50-95): 11% ━─────────── 3/26 2.3it/s 0.9s<10.2s
                 Class     Images  Instances      Box(P          R      mAP50  mAP50-95): 15% ━╸────────── 4/26 2.6it/s 1.2s<8.3s
                 Class     Images  Instances      Box(P          R      mAP50  mAP50-95): 19% ━━────────── 5/26 2.9it/s 1.4s<7.3s
                 Class     Images  Instances      Box(P          R      mAP50  mAP50-95): 23% ━━╸───────── 6/26 3.0it/s 1.7s<6.6s
                 Class     Images  Instances      Box(P          R      mAP50  mAP50-95): 26% ━━━───────── 7/26 3.1it/s 2.0s<6.1s
                 Class     Images  Instances      Box(P          R      mAP50  mAP50-95): 30% ━━━╸──────── 8/26 3.2it/s 2.3s<5.7s
                 Class     Images  Instances      Box(P          R      mAP50  mAP50-95): 34% ━━━━──────── 9/26 3.2it/s 2.6s<5.3s
                 Class     Images  Instances      Box(P          R      mAP50  mAP50-95): 38% ━━━━╸─────── 10/26 3.3it/s 2.9s<4.9s
                 Class     Images  Instances      Box(P          R      mAP50  mAP50-95): 42% ━━━━━─────── 11/26 3.3it/s 3.2s<4.6s
                 Class     Images  Instances      Box(P          R      mAP50  mAP50-95): 46% ━━━━━╸────── 12/26 3.3it/s 3.5s<4.2s
                 Class     Images  Instances      Box(P          R      mAP50  mAP50-95): 50% ━━━━━━────── 13/26 3.3it/s 3.8s<3.9s
                 Class     Images  Instances      Box(P          R      mAP50  mAP50-95): 53% ━━━━━━────── 14/26 3.3it/s 4.1s<3.6s
                 Class     Images  Instances      Box(P          R      mAP50  mAP50-95): 57% ━━━━━━╸───── 15/26 3.3it/s 4.4s<3.3s
                 Class     Images  Instances      Box(P          R      mAP50  mAP50-95): 61% ━━━━━━━───── 16/26 3.3it/s 4.7s<3.0s
                 Class     Images  Instances      Box(P          R      mAP50  mAP50-95): 65% ━━━━━━━╸──── 17/26 3.3it/s 5.0s<2.7s
                 Class     Images  Instances      Box(P          R      mAP50  mAP50-95): 69% ━━━━━━━━──── 18/26 3.3it/s 5.3s<2.4s
                 Class     Images  Instances      Box(P          R      mAP50  mAP50-95): 73% ━━━━━━━━╸─── 19/26 3.3it/s 5.6s<2.1s
                 Class     Images  Instances      Box(P          R      mAP50  mAP50-95): 76% ━━━━━━━━━─── 20/26 3.3it/s 5.9s<1.8s
                 Class     Images  Instances      Box(P          R      mAP50  mAP50-95): 80% ━━━━━━━━━╸── 21/26 3.3it/s 6.2s<1.5s
                 Class     Images  Instances      Box(P          R      mAP50  mAP50-95): 84% ━━━━━━━━━━── 22/26 3.3it/s 6.5s<1.2s
                 Class     Images  Instances      Box(P          R      mAP50  mAP50-95): 88% ━━━━━━━━━━╸─ 23/26 3.3it/s 6.8s<0.9s
                 Class     Images  Instances      Box(P          R      mAP50  mAP50-95): 92% ━━━━━━━━━━━─ 24/26 3.3it/s 7.1s<0.6s
                 Class     Images  Instances      Box(P          R      mAP50  mAP50-95): 96% ━━━━━━━━━━━╸ 25/26 3.3it/s 7.4s<0.3s
                 Class     Images  Instances      Box(P          R      mAP50  mAP50-95): 100% ━━━━━━━━━━━━ 26/26 3.4it/s 7.7s
      Epoch    GPU_mem   box_loss   cls_loss   dfl_loss  Instances       Size
                 Class     Images  Instances      Box(P          R      mAP50  mAP50-95): 3% ──────────── 1/26 1.0it/s 0.3s<24.4s
                 Class     Images  Instances      Box(P          R      mAP50  mAP50-95): 7% ╸─────────── 2/26 1.8it/s 0.6s<13.7s
                 Class     Images  Instances      Box(P          R      mAP50  mAP50-95): 11% ━─────────── 3/26 2.3it/s 0.9s<10.1s
                 Class     Images  Instances      Box(P          R      mAP50  mAP50-95): 15% ━╸────────── 4/26 2.6it/s 1.2s<8.4s
                 Class     Images  Instances      Box(P          R      mAP50  mAP50-95): 19% ━━────────── 5/26 2.9it/s 1.4s<7.3s
                 Class     Images  Instances      Box(P          R      mAP50  mAP50-95): 23% ━━╸───────── 6/26 3.1it/s 1.7s<6.5s
                 Class     Images  Instances      Box(P          R      mAP50  mAP50-95): 26% ━━━───────── 7/26 3.2it/s 2.0s<6.0s
                 Class     Images  Instances      Box(P          R      mAP50  mAP50-95): 30% ━━━╸──────── 8/26 3.3it/s 2.3s<5.5s
                 Class     Images  Instances      Box(P          R      mAP50  mAP50-95): 34% ━━━━──────── 9/26 3.3it/s 2.6s<5.1s
                 Class     Images  Instances      Box(P          R      mAP50  mAP50-95): 38% ━━━━╸─────── 10/26 3.3it/s 2.9s<4.8s
                 Class     Images  Instances      Box(P          R      mAP50  mAP50-95): 42% ━━━━━─────── 11/26 3.3it/s 3.2s<4.5s
                 Class     Images  Instances      Box(P          R      mAP50  mAP50-95): 46% ━━━━━╸────── 12/26 3.3it/s 3.5s<4.2s
                 Class     Images  Instances      Box(P          R      mAP50  mAP50-95): 50% ━━━━━━────── 13/26 3.3it/s 3.8s<3.9s
                 Class     Images  Instances      Box(P          R      mAP50  mAP50-95): 53% ━━━━━━────── 14/26 3.3it/s 4.1s<3.6s
                 Class     Images  Instances      Box(P          R      mAP50  mAP50-95): 57% ━━━━━━╸───── 15/26 3.3it/s 4.4s<3.3s
                 Class     Images  Instances      Box(P          R      mAP50  mAP50-95): 61% ━━━━━━━───── 16/26 3.3it/s 4.7s<3.0s
                 Class     Images  Instances      Box(P          R      mAP50  mAP50-95): 65% ━━━━━━━╸──── 17/26 3.3it/s 5.0s<2.7s
                 Class     Images  Instances      Box(P          R      mAP50  mAP50-95): 69% ━━━━━━━━──── 18/26 3.3it/s 5.3s<2.4s
                 Class     Images  Instances      Box(P          R      mAP50  mAP50-95): 73% ━━━━━━━━╸─── 19/26 3.3it/s 5.6s<2.1s
                 Class     Images  Instances      Box(P          R      mAP50  mAP50-95): 76% ━━━━━━━━━─── 20/26 3.3it/s 5.9s<1.8s
                 Class     Images  Instances      Box(P          R      mAP50  mAP50-95): 80% ━━━━━━━━━╸── 21/26 3.3it/s 6.2s<1.5s
                 Class     Images  Instances      Box(P          R      mAP50  mAP50-95): 84% ━━━━━━━━━━── 22/26 3.3it/s 6.5s<1.2s
                 Class     Images  Instances      Box(P          R      mAP50  mAP50-95): 88% ━━━━━━━━━━╸─ 23/26 3.3it/s 6.8s<0.9s
                 Class     Images  Instances      Box(P          R      mAP50  mAP50-95): 92% ━━━━━━━━━━━─ 24/26 3.4it/s 7.1s<0.6s
                 Class     Images  Instances      Box(P          R      mAP50  mAP50-95): 96% ━━━━━━━━━━━╸ 25/26 3.4it/s 7.4s<0.3s
                 Class     Images  Instances      Box(P          R      mAP50  mAP50-95): 100% ━━━━━━━━━━━━ 26/26 3.4it/s 7.7s
      Epoch    GPU_mem   box_loss   cls_loss   dfl_loss  Instances       Size
                 Class     Images  Instances      Box(P          R      mAP50  mAP50-95): 3% ──────────── 1/26 1.0it/s 0.3s<25.0s
                 Class     Images  Instances      Box(P          R      mAP50  mAP50-95): 7% ╸─────────── 2/26 1.7it/s 0.6s<13.8s
                 Class     Images  Instances      Box(P          R      mAP50  mAP50-95): 11% ━─────────── 3/26 2.3it/s 0.9s<10.2s
                 Class     Images  Instances      Box(P          R      mAP50  mAP50-95): 15% ━╸────────── 4/26 2.6it/s 1.2s<8.5s
                 Class     Images  Instances      Box(P          R      mAP50  mAP50-95): 19% ━━────────── 5/26 2.8it/s 1.5s<7.5s
                 Class     Images  Instances      Box(P          R      mAP50  mAP50-95): 23% ━━╸───────── 6/26 3.0it/s 1.8s<6.7s
                 Class     Images  Instances      Box(P          R      mAP50  mAP50-95): 26% ━━━───────── 7/26 3.1it/s 2.1s<6.2s
                 Class     Images  Instances      Box(P          R      mAP50  mAP50-95): 30% ━━━╸──────── 8/26 3.2it/s 2.4s<5.7s
                 Class     Images  Instances      Box(P          R      mAP50  mAP50-95): 34% ━━━━──────── 9/26 3.2it/s 2.7s<5.3s
                 Class     Images  Instances      Box(P          R      mAP50  mAP50-95): 38% ━━━━╸─────── 10/26 3.3it/s 3.0s<4.9s
                 Class     Images  Instances      Box(P          R      mAP50  mAP50-95): 42% ━━━━━─────── 11/26 3.3it/s 3.3s<4.6s
                 Class     Images  Instances      Box(P          R      mAP50  mAP50-95): 46% ━━━━━╸────── 12/26 3.3it/s 3.6s<4.3s
                 Class     Images  Instances      Box(P          R      mAP50  mAP50-95): 50% ━━━━━━────── 13/26 3.3it/s 3.9s<3.9s
                 Class     Images  Instances      Box(P          R      mAP50  mAP50-95): 53% ━━━━━━────── 14/26 3.3it/s 4.2s<3.6s
                 Class     Images  Instances      Box(P          R      mAP50  mAP50-95): 57% ━━━━━━╸───── 15/26 3.3it/s 4.5s<3.3s
                 Class     Images  Instances      Box(P          R      mAP50  mAP50-95): 61% ━━━━━━━───── 16/26 3.3it/s 4.8s<3.0s
                 Class     Images  Instances      Box(P          R      mAP50  mAP50-95): 65% ━━━━━━━╸──── 17/26 3.3it/s 5.1s<2.7s
                 Class     Images  Instances      Box(P          R      mAP50  mAP50-95): 69% ━━━━━━━━──── 18/26 3.3it/s 5.4s<2.4s
                 Class     Images  Instances      Box(P          R      mAP50  mAP50-95): 73% ━━━━━━━━╸─── 19/26 3.3it/s 5.7s<2.1s
                 Class     Images  Instances      Box(P          R      mAP50  mAP50-95): 76% ━━━━━━━━━─── 20/26 3.3it/s 6.0s<1.8s
                 Class     Images  Instances      Box(P          R      mAP50  mAP50-95): 80% ━━━━━━━━━╸── 21/26 3.3it/s 6.3s<1.5s
                 Class     Images  Instances      Box(P          R      mAP50  mAP50-95): 84% ━━━━━━━━━━── 22/26 3.3it/s 6.6s<1.2s
                 Class     Images  Instances      Box(P          R      mAP50  mAP50-95): 88% ━━━━━━━━━━╸─ 23/26 3.3it/s 6.9s<0.9s
                 Class     Images  Instances      Box(P          R      mAP50  mAP50-95): 92% ━━━━━━━━━━━─ 24/26 3.3it/s 7.2s<0.6s
                 Class     Images  Instances      Box(P          R      mAP50  mAP50-95): 96% ━━━━━━━━━━━╸ 25/26 3.3it/s 7.5s<0.3s
                 Class     Images  Instances      Box(P          R      mAP50  mAP50-95): 100% ━━━━━━━━━━━━ 26/26 3.3it/s 7.8s
      Epoch    GPU_mem   box_loss   cls_loss   dfl_loss  Instances       Size
                 Class     Images  Instances      Box(P          R      mAP50  mAP50-95): 3% ──────────── 1/26 1.0it/s 0.3s<24.1s
                 Class     Images  Instances      Box(P          R      mAP50  mAP50-95): 7% ╸─────────── 2/26 1.8it/s 0.6s<13.6s
                 Class     Images  Instances      Box(P          R      mAP50  mAP50-95): 11% ━─────────── 3/26 2.3it/s 0.9s<10.1s
                 Class     Images  Instances      Box(P          R      mAP50  mAP50-95): 15% ━╸────────── 4/26 2.7it/s 1.1s<8.3s
                 Class     Images  Instances      Box(P          R      mAP50  mAP50-95): 19% ━━────────── 5/26 2.9it/s 1.4s<7.2s
                 Class     Images  Instances      Box(P          R      mAP50  mAP50-95): 23% ━━╸───────── 6/26 3.1it/s 1.7s<6.5s
                 Class     Images  Instances      Box(P          R      mAP50  mAP50-95): 26% ━━━───────── 7/26 3.2it/s 2.0s<6.0s
                 Class     Images  Instances      Box(P          R      mAP50  mAP50-95): 30% ━━━╸──────── 8/26 3.2it/s 2.3s<5.6s
                 Class     Images  Instances      Box(P          R      mAP50  mAP50-95): 34% ━━━━──────── 9/26 3.3it/s 2.6s<5.2s
                 Class     Images  Instances      Box(P          R      mAP50  mAP50-95): 38% ━━━━╸─────── 10/26 3.3it/s 2.9s<4.9s
                 Class     Images  Instances      Box(P          R      mAP50  mAP50-95): 42% ━━━━━─────── 11/26 3.3it/s 3.2s<4.5s
                 Class     Images  Instances      Box(P          R      mAP50  mAP50-95): 46% ━━━━━╸────── 12/26 3.3it/s 3.5s<4.2s
                 Class     Images  Instances      Box(P          R      mAP50  mAP50-95): 50% ━━━━━━────── 13/26 3.3it/s 3.8s<3.9s
                 Class     Images  Instances      Box(P          R      mAP50  mAP50-95): 53% ━━━━━━────── 14/26 3.3it/s 4.1s<3.6s
                 Class     Images  Instances      Box(P          R      mAP50  mAP50-95): 57% ━━━━━━╸───── 15/26 3.3it/s 4.4s<3.3s
                 Class     Images  Instances      Box(P          R      mAP50  mAP50-95): 61% ━━━━━━━───── 16/26 3.3it/s 4.7s<3.0s
                 Class     Images  Instances      Box(P          R      mAP50  mAP50-95): 65% ━━━━━━━╸──── 17/26 3.3it/s 5.0s<2.7s
                 Class     Images  Instances      Box(P          R      mAP50  mAP50-95): 69% ━━━━━━━━──── 18/26 3.4it/s 5.3s<2.4s
                 Class     Images  Instances      Box(P          R      mAP50  mAP50-95): 73% ━━━━━━━━╸─── 19/26 3.4it/s 5.6s<2.1s
                 Class     Images  Instances      Box(P          R      mAP50  mAP50-95): 76% ━━━━━━━━━─── 20/26 3.4it/s 5.9s<1.8s
                 Class     Images  Instances      Box(P          R      mAP50  mAP50-95): 80% ━━━━━━━━━╸── 21/26 3.4it/s 6.2s<1.5s
                 Class     Images  Instances      Box(P          R      mAP50  mAP50-95): 84% ━━━━━━━━━━── 22/26 3.4it/s 6.5s<1.2s
                 Class     Images  Instances      Box(P          R      mAP50  mAP50-95): 88% ━━━━━━━━━━╸─ 23/26 3.5it/s 6.7s<0.9s
                 Class     Images  Instances      Box(P          R      mAP50  mAP50-95): 92% ━━━━━━━━━━━─ 24/26 3.5it/s 7.0s<0.6s
                 Class     Images  Instances      Box(P          R      mAP50  mAP50-95): 96% ━━━━━━━━━━━╸ 25/26 3.5it/s 7.3s<0.3s
                 Class     Images  Instances      Box(P          R      mAP50  mAP50-95): 100% ━━━━━━━━━━━━ 26/26 3.4it/s 7.6s
      Epoch    GPU_mem   box_loss   cls_loss   dfl_loss  Instances       Size
                 Class     Images  Instances      Box(P          R      mAP50  mAP50-95): 3% ──────────── 1/26 1.0it/s 0.3s<24.5s
                 Class     Images  Instances      Box(P          R      mAP50  mAP50-95): 7% ╸─────────── 2/26 1.8it/s 0.6s<13.6s
                 Class     Images  Instances      Box(P          R      mAP50  mAP50-95): 11% ━─────────── 3/26 2.3it/s 0.9s<10.1s
                 Class     Images  Instances      Box(P          R      mAP50  mAP50-95): 15% ━╸────────── 4/26 2.6it/s 1.2s<8.3s
                 Class     Images  Instances      Box(P          R      mAP50  mAP50-95): 19% ━━────────── 5/26 2.9it/s 1.4s<7.3s
                 Class     Images  Instances      Box(P          R      mAP50  mAP50-95): 23% ━━╸───────── 6/26 3.0it/s 1.7s<6.6s
                 Class     Images  Instances      Box(P          R      mAP50  mAP50-95): 26% ━━━───────── 7/26 3.1it/s 2.0s<6.1s
                 Class     Images  Instances      Box(P          R      mAP50  mAP50-95): 30% ━━━╸──────── 8/26 3.2it/s 2.3s<5.6s
                 Class     Images  Instances      Box(P          R      mAP50  mAP50-95): 34% ━━━━──────── 9/26 3.2it/s 2.6s<5.3s
                 Class     Images  Instances      Box(P          R      mAP50  mAP50-95): 38% ━━━━╸─────── 10/26 3.3it/s 2.9s<4.9s
                 Class     Images  Instances      Box(P          R      mAP50  mAP50-95): 42% ━━━━━─────── 11/26 3.3it/s 3.2s<4.6s
                 Class     Images  Instances      Box(P          R      mAP50  mAP50-95): 46% ━━━━━╸────── 12/26 3.3it/s 3.5s<4.2s
                 Class     Images  Instances      Box(P          R      mAP50  mAP50-95): 50% ━━━━━━────── 13/26 3.3it/s 3.8s<3.9s
                 Class     Images  Instances      Box(P          R      mAP50  mAP50-95): 53% ━━━━━━────── 14/26 3.3it/s 4.1s<3.6s
                 Class     Images  Instances      Box(P          R      mAP50  mAP50-95): 57% ━━━━━━╸───── 15/26 3.4it/s 4.4s<3.3s
                 Class     Images  Instances      Box(P          R      mAP50  mAP50-95): 61% ━━━━━━━───── 16/26 3.4it/s 4.7s<2.9s
                 Class     Images  Instances      Box(P          R      mAP50  mAP50-95): 65% ━━━━━━━╸──── 17/26 3.4it/s 5.0s<2.6s
                 Class     Images  Instances      Box(P          R      mAP50  mAP50-95): 69% ━━━━━━━━──── 18/26 3.4it/s 5.3s<2.3s
                 Class     Images  Instances      Box(P          R      mAP50  mAP50-95): 73% ━━━━━━━━╸─── 19/26 3.4it/s 5.6s<2.0s
                 Class     Images  Instances      Box(P          R      mAP50  mAP50-95): 76% ━━━━━━━━━─── 20/26 3.3it/s 5.9s<1.8s
                 Class     Images  Instances      Box(P          R      mAP50  mAP50-95): 80% ━━━━━━━━━╸── 21/26 3.4it/s 6.2s<1.5s
                 Class     Images  Instances      Box(P          R      mAP50  mAP50-95): 84% ━━━━━━━━━━── 22/26 3.4it/s 6.5s<1.2s
                 Class     Images  Instances      Box(P          R      mAP50  mAP50-95): 88% ━━━━━━━━━━╸─ 23/26 3.4it/s 6.8s<0.9s
                 Class     Images  Instances      Box(P          R      mAP50  mAP50-95): 92% ━━━━━━━━━━━─ 24/26 3.4it/s 7.0s<0.6s
                 Class     Images  Instances      Box(P          R      mAP50  mAP50-95): 96% ━━━━━━━━━━━╸ 25/26 3.4it/s 7.3s<0.3s
                 Class     Images  Instances      Box(P          R      mAP50  mAP50-95): 100% ━━━━━━━━━━━━ 26/26 3.4it/s 7.6s
      Epoch    GPU_mem   box_loss   cls_loss   dfl_loss  Instances       Size
                 Class     Images  Instances      Box(P          R      mAP50  mAP50-95): 3% ──────────── 1/26 1.0it/s 0.3s<25.0s
                 Class     Images  Instances      Box(P          R      mAP50  mAP50-95): 7% ╸─────────── 2/26 1.7it/s 0.6s<13.8s
                 Class     Images  Instances      Box(P          R      mAP50  mAP50-95): 11% ━─────────── 3/26 2.3it/s 0.9s<10.1s
                 Class     Images  Instances      Box(P          R      mAP50  mAP50-95): 15% ━╸────────── 4/26 2.6it/s 1.2s<8.4s
                 Class     Images  Instances      Box(P          R      mAP50  mAP50-95): 19% ━━────────── 5/26 2.8it/s 1.5s<7.4s
                 Class     Images  Instances      Box(P          R      mAP50  mAP50-95): 23% ━━╸───────── 6/26 3.0it/s 1.8s<6.7s
                 Class     Images  Instances      Box(P          R      mAP50  mAP50-95): 26% ━━━───────── 7/26 3.1it/s 2.1s<6.1s
                 Class     Images  Instances      Box(P          R      mAP50  mAP50-95): 30% ━━━╸──────── 8/26 3.2it/s 2.4s<5.7s
                 Class     Images  Instances      Box(P          R      mAP50  mAP50-95): 34% ━━━━──────── 9/26 3.2it/s 2.7s<5.3s
                 Class     Images  Instances      Box(P          R      mAP50  mAP50-95): 38% ━━━━╸─────── 10/26 3.2it/s 3.0s<5.0s
                 Class     Images  Instances      Box(P          R      mAP50  mAP50-95): 42% ━━━━━─────── 11/26 3.3it/s 3.3s<4.6s
                 Class     Images  Instances      Box(P          R      mAP50  mAP50-95): 46% ━━━━━╸────── 12/26 3.3it/s 3.6s<4.2s
                 Class     Images  Instances      Box(P          R      mAP50  mAP50-95): 50% ━━━━━━────── 13/26 3.3it/s 3.9s<3.9s
                 Class     Images  Instances      Box(P          R      mAP50  mAP50-95): 53% ━━━━━━────── 14/26 3.3it/s 4.2s<3.6s
                 Class     Images  Instances      Box(P          R      mAP50  mAP50-95): 57% ━━━━━━╸───── 15/26 3.3it/s 4.5s<3.3s
                 Class     Images  Instances      Box(P          R      mAP50  mAP50-95): 61% ━━━━━━━───── 16/26 3.3it/s 4.8s<3.0s
                 Class     Images  Instances      Box(P          R      mAP50  mAP50-95): 65% ━━━━━━━╸──── 17/26 3.3it/s 5.1s<2.7s
                 Class     Images  Instances      Box(P          R      mAP50  mAP50-95): 69% ━━━━━━━━──── 18/26 3.2it/s 5.4s<2.5s
                 Class     Images  Instances      Box(P          R      mAP50  mAP50-95): 73% ━━━━━━━━╸─── 19/26 3.3it/s 5.7s<2.1s
                 Class     Images  Instances      Box(P          R      mAP50  mAP50-95): 76% ━━━━━━━━━─── 20/26 3.4it/s 6.0s<1.8s
                 Class     Images  Instances      Box(P          R      mAP50  mAP50-95): 80% ━━━━━━━━━╸── 21/26 3.3it/s 6.3s<1.5s
                 Class     Images  Instances      Box(P          R      mAP50  mAP50-95): 84% ━━━━━━━━━━── 22/26 3.4it/s 6.6s<1.2s
                 Class     Images  Instances      Box(P          R      mAP50  mAP50-95): 88% ━━━━━━━━━━╸─ 23/26 3.4it/s 6.9s<0.9s
                 Class     Images  Instances      Box(P          R      mAP50  mAP50-95): 92% ━━━━━━━━━━━─ 24/26 3.4it/s 7.2s<0.6s
                 Class     Images  Instances      Box(P          R      mAP50  mAP50-95): 96% ━━━━━━━━━━━╸ 25/26 3.3it/s 7.5s<0.3s
                 Class     Images  Instances      Box(P          R      mAP50  mAP50-95): 100% ━━━━━━━━━━━━ 26/26 3.4it/s 7.8s
      Epoch    GPU_mem   box_loss   cls_loss   dfl_loss  Instances       Size
                 Class     Images  Instances      Box(P          R      mAP50  mAP50-95): 3% ──────────── 1/26 1.0it/s 0.3s<24.8s
                 Class     Images  Instances      Box(P          R      mAP50  mAP50-95): 7% ╸─────────── 2/26 1.8it/s 0.6s<13.7s
                 Class     Images  Instances      Box(P          R      mAP50  mAP50-95): 11% ━─────────── 3/26 2.3it/s 0.9s<10.1s
                 Class     Images  Instances      Box(P          R      mAP50  mAP50-95): 15% ━╸────────── 4/26 2.6it/s 1.2s<8.5s
                 Class     Images  Instances      Box(P          R      mAP50  mAP50-95): 19% ━━────────── 5/26 2.8it/s 1.5s<7.5s
                 Class     Images  Instances      Box(P          R      mAP50  mAP50-95): 23% ━━╸───────── 6/26 3.0it/s 1.8s<6.7s
                 Class     Images  Instances      Box(P          R      mAP50  mAP50-95): 26% ━━━───────── 7/26 3.1it/s 2.1s<6.2s
                 Class     Images  Instances      Box(P          R      mAP50  mAP50-95): 30% ━━━╸──────── 8/26 3.2it/s 2.4s<5.7s
                 Class     Images  Instances      Box(P          R      mAP50  mAP50-95): 34% ━━━━──────── 9/26 3.2it/s 2.7s<5.3s
                 Class     Images  Instances      Box(P          R      mAP50  mAP50-95): 38% ━━━━╸─────── 10/26 3.3it/s 3.0s<4.9s
                 Class     Images  Instances      Box(P          R      mAP50  mAP50-95): 42% ━━━━━─────── 11/26 3.3it/s 3.3s<4.6s
                 Class     Images  Instances      Box(P          R      mAP50  mAP50-95): 46% ━━━━━╸────── 12/26 3.3it/s 3.6s<4.2s
                 Class     Images  Instances      Box(P          R      mAP50  mAP50-95): 50% ━━━━━━────── 13/26 3.4it/s 3.9s<3.9s
                 Class     Images  Instances      Box(P          R      mAP50  mAP50-95): 53% ━━━━━━────── 14/26 3.4it/s 4.1s<3.5s
                 Class     Images  Instances      Box(P          R      mAP50  mAP50-95): 57% ━━━━━━╸───── 15/26 3.4it/s 4.4s<3.2s
                 Class     Images  Instances      Box(P          R      mAP50  mAP50-95): 61% ━━━━━━━───── 16/26 3.4it/s 4.7s<2.9s
                 Class     Images  Instances      Box(P          R      mAP50  mAP50-95): 65% ━━━━━━━╸──── 17/26 3.4it/s 5.0s<2.6s
                 Class     Images  Instances      Box(P          R      mAP50  mAP50-95): 69% ━━━━━━━━──── 18/26 3.4it/s 5.3s<2.3s
                 Class     Images  Instances      Box(P          R      mAP50  mAP50-95): 73% ━━━━━━━━╸─── 19/26 3.4it/s 5.6s<2.0s
                 Class     Images  Instances      Box(P          R      mAP50  mAP50-95): 76% ━━━━━━━━━─── 20/26 3.5it/s 5.9s<1.7s
                 Class     Images  Instances      Box(P          R      mAP50  mAP50-95): 80% ━━━━━━━━━╸── 21/26 3.4it/s 6.2s<1.5s
                 Class     Images  Instances      Box(P          R      mAP50  mAP50-95): 84% ━━━━━━━━━━── 22/26 3.4it/s 6.5s<1.2s
                 Class     Images  Instances      Box(P          R      mAP50  mAP50-95): 88% ━━━━━━━━━━╸─ 23/26 3.4it/s 6.8s<0.9s
                 Class     Images  Instances      Box(P          R      mAP50  mAP50-95): 92% ━━━━━━━━━━━─ 24/26 3.4it/s 7.1s<0.6s
                 Class     Images  Instances      Box(P          R      mAP50  mAP50-95): 96% ━━━━━━━━━━━╸ 25/26 3.4it/s 7.4s<0.3s
                 Class     Images  Instances      Box(P          R      mAP50  mAP50-95): 100% ━━━━━━━━━━━━ 26/26 3.4it/s 7.7s
      Epoch    GPU_mem   box_loss   cls_loss   dfl_loss  Instances       Size
                 Class     Images  Instances      Box(P          R      mAP50  mAP50-95): 3% ──────────── 1/26 1.0it/s 0.3s<23.8s
                 Class     Images  Instances      Box(P          R      mAP50  mAP50-95): 7% ╸─────────── 2/26 1.7it/s 0.6s<13.7s
                 Class     Images  Instances      Box(P          R      mAP50  mAP50-95): 11% ━─────────── 3/26 2.2it/s 0.9s<10.2s
                 Class     Images  Instances      Box(P          R      mAP50  mAP50-95): 15% ━╸────────── 4/26 2.6it/s 1.2s<8.4s
                 Class     Images  Instances      Box(P          R      mAP50  mAP50-95): 19% ━━────────── 5/26 2.9it/s 1.5s<7.3s
                 Class     Images  Instances      Box(P          R      mAP50  mAP50-95): 23% ━━╸───────── 6/26 3.0it/s 1.7s<6.6s
                 Class     Images  Instances      Box(P          R      mAP50  mAP50-95): 26% ━━━───────── 7/26 3.2it/s 2.0s<6.0s
                 Class     Images  Instances      Box(P          R      mAP50  mAP50-95): 30% ━━━╸──────── 8/26 3.2it/s 2.3s<5.6s
                 Class     Images  Instances      Box(P          R      mAP50  mAP50-95): 34% ━━━━──────── 9/26 3.3it/s 2.6s<5.1s
                 Class     Images  Instances      Box(P          R      mAP50  mAP50-95): 38% ━━━━╸─────── 10/26 3.3it/s 2.9s<4.8s
                 Class     Images  Instances      Box(P          R      mAP50  mAP50-95): 42% ━━━━━─────── 11/26 3.4it/s 3.2s<4.4s
                 Class     Images  Instances      Box(P          R      mAP50  mAP50-95): 46% ━━━━━╸────── 12/26 3.4it/s 3.5s<4.1s
                 Class     Images  Instances      Box(P          R      mAP50  mAP50-95): 50% ━━━━━━────── 13/26 3.4it/s 3.8s<3.8s
                 Class     Images  Instances      Box(P          R      mAP50  mAP50-95): 53% ━━━━━━────── 14/26 3.4it/s 4.1s<3.6s
                 Class     Images  Instances      Box(P          R      mAP50  mAP50-95): 57% ━━━━━━╸───── 15/26 3.4it/s 4.4s<3.3s
                 Class     Images  Instances      Box(P          R      mAP50  mAP50-95): 61% ━━━━━━━───── 16/26 3.4it/s 4.7s<3.0s
                 Class     Images  Instances      Box(P          R      mAP50  mAP50-95): 65% ━━━━━━━╸──── 17/26 3.4it/s 5.0s<2.7s
                 Class     Images  Instances      Box(P          R      mAP50  mAP50-95): 69% ━━━━━━━━──── 18/26 3.3it/s 5.3s<2.4s
                 Class     Images  Instances      Box(P          R      mAP50  mAP50-95): 73% ━━━━━━━━╸─── 19/26 3.3it/s 5.6s<2.1s
                 Class     Images  Instances      Box(P          R      mAP50  mAP50-95): 76% ━━━━━━━━━─── 20/26 3.3it/s 5.9s<1.8s
                 Class     Images  Instances      Box(P          R      mAP50  mAP50-95): 80% ━━━━━━━━━╸── 21/26 3.3it/s 6.2s<1.5s
                 Class     Images  Instances      Box(P          R      mAP50  mAP50-95): 84% ━━━━━━━━━━── 22/26 3.3it/s 6.5s<1.2s
                 Class     Images  Instances      Box(P          R      mAP50  mAP50-95): 88% ━━━━━━━━━━╸─ 23/26 3.3it/s 6.8s<0.9s
                 Class     Images  Instances      Box(P          R      mAP50  mAP50-95): 92% ━━━━━━━━━━━─ 24/26 3.3it/s 7.1s<0.6s
                 Class     Images  Instances      Box(P          R      mAP50  mAP50-95): 96% ━━━━━━━━━━━╸ 25/26 3.3it/s 7.4s<0.3s
                 Class     Images  Instances      Box(P          R      mAP50  mAP50-95): 100% ━━━━━━━━━━━━ 26/26 3.4it/s 7.7s
      Epoch    GPU_mem   box_loss   cls_loss   dfl_loss  Instances       Size
                 Class     Images  Instances      Box(P          R      mAP50  mAP50-95): 3% ──────────── 1/26 1.0it/s 0.3s<24.2s
                 Class     Images  Instances      Box(P          R      mAP50  mAP50-95): 7% ╸─────────── 2/26 1.8it/s 0.6s<13.6s
                 Class     Images  Instances      Box(P          R      mAP50  mAP50-95): 11% ━─────────── 3/26 2.3it/s 0.9s<10.1s
                 Class     Images  Instances      Box(P          R      mAP50  mAP50-95): 15% ━╸────────── 4/26 2.6it/s 1.1s<8.3s
                 Class     Images  Instances      Box(P          R      mAP50  mAP50-95): 19% ━━────────── 5/26 2.9it/s 1.4s<7.2s
                 Class     Images  Instances      Box(P          R      mAP50  mAP50-95): 23% ━━╸───────── 6/26 3.1it/s 1.7s<6.5s
                 Class     Images  Instances      Box(P          R      mAP50  mAP50-95): 26% ━━━───────── 7/26 3.2it/s 2.0s<6.0s
                 Class     Images  Instances      Box(P          R      mAP50  mAP50-95): 30% ━━━╸──────── 8/26 3.3it/s 2.3s<5.5s
                 Class     Images  Instances      Box(P          R      mAP50  mAP50-95): 34% ━━━━──────── 9/26 3.3it/s 2.6s<5.2s
                 Class     Images  Instances      Box(P          R      mAP50  mAP50-95): 38% ━━━━╸─────── 10/26 3.3it/s 2.9s<4.9s
                 Class     Images  Instances      Box(P          R      mAP50  mAP50-95): 42% ━━━━━─────── 11/26 3.3it/s 3.2s<4.5s
                 Class     Images  Instances      Box(P          R      mAP50  mAP50-95): 46% ━━━━━╸────── 12/26 3.3it/s 3.5s<4.2s
                 Class     Images  Instances      Box(P          R      mAP50  mAP50-95): 50% ━━━━━━────── 13/26 3.3it/s 3.8s<3.9s
                 Class     Images  Instances      Box(P          R      mAP50  mAP50-95): 53% ━━━━━━────── 14/26 3.3it/s 4.1s<3.6s
                 Class     Images  Instances      Box(P          R      mAP50  mAP50-95): 57% ━━━━━━╸───── 15/26 3.3it/s 4.4s<3.3s
                 Class     Images  Instances      Box(P          R      mAP50  mAP50-95): 61% ━━━━━━━───── 16/26 3.3it/s 4.7s<3.0s
                 Class     Images  Instances      Box(P          R      mAP50  mAP50-95): 65% ━━━━━━━╸──── 17/26 3.3it/s 5.0s<2.7s
                 Class     Images  Instances      Box(P          R      mAP50  mAP50-95): 69% ━━━━━━━━──── 18/26 3.3it/s 5.3s<2.4s
                 Class     Images  Instances      Box(P          R      mAP50  mAP50-95): 73% ━━━━━━━━╸─── 19/26 3.3it/s 5.6s<2.1s
                 Class     Images  Instances      Box(P          R      mAP50  mAP50-95): 76% ━━━━━━━━━─── 20/26 3.3it/s 5.9s<1.8s
                 Class     Images  Instances      Box(P          R      mAP50  mAP50-95): 80% ━━━━━━━━━╸── 21/26 3.3it/s 6.2s<1.5s
                 Class     Images  Instances      Box(P          R      mAP50  mAP50-95): 84% ━━━━━━━━━━── 22/26 3.3it/s 6.5s<1.2s
                 Class     Images  Instances      Box(P          R      mAP50  mAP50-95): 88% ━━━━━━━━━━╸─ 23/26 3.3it/s 6.8s<0.9s
                 Class     Images  Instances      Box(P          R      mAP50  mAP50-95): 92% ━━━━━━━━━━━─ 24/26 3.3it/s 7.1s<0.6s
                 Class     Images  Instances      Box(P          R      mAP50  mAP50-95): 96% ━━━━━━━━━━━╸ 25/26 3.3it/s 7.4s<0.3s
                 Class     Images  Instances      Box(P          R      mAP50  mAP50-95): 100% ━━━━━━━━━━━━ 26/26 3.4it/s 7.7s
      Epoch    GPU_mem   box_loss   cls_loss   dfl_loss  Instances       Size
                 Class     Images  Instances      Box(P          R      mAP50  mAP50-95): 3% ──────────── 1/26 1.0it/s 0.3s<24.8s
                 Class     Images  Instances      Box(P          R      mAP50  mAP50-95): 7% ╸─────────── 2/26 1.8it/s 0.6s<13.7s
                 Class     Images  Instances      Box(P          R      mAP50  mAP50-95): 11% ━─────────── 3/26 2.3it/s 0.9s<10.1s
                 Class     Images  Instances      Box(P          R      mAP50  mAP50-95): 15% ━╸────────── 4/26 2.6it/s 1.2s<8.3s
                 Class     Images  Instances      Box(P          R      mAP50  mAP50-95): 19% ━━────────── 5/26 2.9it/s 1.4s<7.3s
                 Class     Images  Instances      Box(P          R      mAP50  mAP50-95): 23% ━━╸───────── 6/26 3.1it/s 1.7s<6.5s
                 Class     Images  Instances      Box(P          R      mAP50  mAP50-95): 26% ━━━───────── 7/26 3.2it/s 2.0s<6.0s
                 Class     Images  Instances      Box(P          R      mAP50  mAP50-95): 30% ━━━╸──────── 8/26 3.2it/s 2.3s<5.6s
                 Class     Images  Instances      Box(P          R      mAP50  mAP50-95): 34% ━━━━──────── 9/26 3.3it/s 2.6s<5.2s
                 Class     Images  Instances      Box(P          R      mAP50  mAP50-95): 38% ━━━━╸─────── 10/26 3.3it/s 2.9s<4.9s
                 Class     Images  Instances      Box(P          R      mAP50  mAP50-95): 42% ━━━━━─────── 11/26 3.3it/s 3.2s<4.6s
                 Class     Images  Instances      Box(P          R      mAP50  mAP50-95): 46% ━━━━━╸────── 12/26 3.3it/s 3.5s<4.2s
                 Class     Images  Instances      Box(P          R      mAP50  mAP50-95): 50% ━━━━━━────── 13/26 3.3it/s 3.8s<3.9s
                 Class     Images  Instances      Box(P          R      mAP50  mAP50-95): 53% ━━━━━━────── 14/26 3.3it/s 4.1s<3.6s
                 Class     Images  Instances      Box(P          R      mAP50  mAP50-95): 57% ━━━━━━╸───── 15/26 3.3it/s 4.4s<3.3s
                 Class     Images  Instances      Box(P          R      mAP50  mAP50-95): 61% ━━━━━━━───── 16/26 3.3it/s 4.7s<3.0s
                 Class     Images  Instances      Box(P          R      mAP50  mAP50-95): 65% ━━━━━━━╸──── 17/26 3.4it/s 5.0s<2.7s
                 Class     Images  Instances      Box(P          R      mAP50  mAP50-95): 69% ━━━━━━━━──── 18/26 3.4it/s 5.3s<2.4s
                 Class     Images  Instances      Box(P          R      mAP50  mAP50-95): 73% ━━━━━━━━╸─── 19/26 3.4it/s 5.6s<2.1s
                 Class     Images  Instances      Box(P          R      mAP50  mAP50-95): 76% ━━━━━━━━━─── 20/26 3.4it/s 5.9s<1.8s
                 Class     Images  Instances      Box(P          R      mAP50  mAP50-95): 80% ━━━━━━━━━╸── 21/26 3.4it/s 6.2s<1.5s
                 Class     Images  Instances      Box(P          R      mAP50  mAP50-95): 84% ━━━━━━━━━━── 22/26 3.5it/s 6.5s<1.2s
                 Class     Images  Instances      Box(P          R      mAP50  mAP50-95): 88% ━━━━━━━━━━╸─ 23/26 3.5it/s 6.8s<0.9s
                 Class     Images  Instances      Box(P          R      mAP50  mAP50-95): 92% ━━━━━━━━━━━─ 24/26 3.5it/s 7.0s<0.6s
                 Class     Images  Instances      Box(P          R      mAP50  mAP50-95): 96% ━━━━━━━━━━━╸ 25/26 3.5it/s 7.3s<0.3s
                 Class     Images  Instances      Box(P          R      mAP50  mAP50-95): 100% ━━━━━━━━━━━━ 26/26 3.4it/s 7.6s
      Epoch    GPU_mem   box_loss   cls_loss   dfl_loss  Instances       Size
                 Class     Images  Instances      Box(P          R      mAP50  mAP50-95): 3% ──────────── 1/26 1.0it/s 0.3s<24.7s
                 Class     Images  Instances      Box(P          R      mAP50  mAP50-95): 7% ╸─────────── 2/26 1.8it/s 0.6s<13.7s
                 Class     Images  Instances      Box(P          R      mAP50  mAP50-95): 11% ━─────────── 3/26 2.3it/s 0.9s<10.1s
                 Class     Images  Instances      Box(P          R      mAP50  mAP50-95): 15% ━╸────────── 4/26 2.6it/s 1.2s<8.4s
                 Class     Images  Instances      Box(P          R      mAP50  mAP50-95): 19% ━━────────── 5/26 2.9it/s 1.5s<7.4s
                 Class     Images  Instances      Box(P          R      mAP50  mAP50-95): 23% ━━╸───────── 6/26 3.0it/s 1.7s<6.6s
                 Class     Images  Instances      Box(P          R      mAP50  mAP50-95): 26% ━━━───────── 7/26 3.2it/s 2.0s<6.0s
                 Class     Images  Instances      Box(P          R      mAP50  mAP50-95): 30% ━━━╸──────── 8/26 3.3it/s 2.3s<5.5s
                 Class     Images  Instances      Box(P          R      mAP50  mAP50-95): 34% ━━━━──────── 9/26 3.3it/s 2.6s<5.1s
                 Class     Images  Instances      Box(P          R      mAP50  mAP50-95): 38% ━━━━╸─────── 10/26 3.4it/s 2.9s<4.8s
                 Class     Images  Instances      Box(P          R      mAP50  mAP50-95): 42% ━━━━━─────── 11/26 3.4it/s 3.2s<4.4s
                 Class     Images  Instances      Box(P          R      mAP50  mAP50-95): 46% ━━━━━╸────── 12/26 3.4it/s 3.5s<4.1s
                 Class     Images  Instances      Box(P          R      mAP50  mAP50-95): 50% ━━━━━━────── 13/26 3.4it/s 3.8s<3.8s
                 Class     Images  Instances      Box(P          R      mAP50  mAP50-95): 53% ━━━━━━────── 14/26 3.4it/s 4.1s<3.5s
                 Class     Images  Instances      Box(P          R      mAP50  mAP50-95): 57% ━━━━━━╸───── 15/26 3.4it/s 4.4s<3.2s
                 Class     Images  Instances      Box(P          R      mAP50  mAP50-95): 61% ━━━━━━━───── 16/26 3.4it/s 4.7s<3.0s
                 Class     Images  Instances      Box(P          R      mAP50  mAP50-95): 65% ━━━━━━━╸──── 17/26 3.4it/s 5.0s<2.7s
                 Class     Images  Instances      Box(P          R      mAP50  mAP50-95): 69% ━━━━━━━━──── 18/26 3.4it/s 5.3s<2.4s
                 Class     Images  Instances      Box(P          R      mAP50  mAP50-95): 73% ━━━━━━━━╸─── 19/26 3.3it/s 5.6s<2.1s
                 Class     Images  Instances      Box(P          R      mAP50  mAP50-95): 76% ━━━━━━━━━─── 20/26 3.3it/s 5.9s<1.8s
                 Class     Images  Instances      Box(P          R      mAP50  mAP50-95): 80% ━━━━━━━━━╸── 21/26 3.3it/s 6.2s<1.5s
                 Class     Images  Instances      Box(P          R      mAP50  mAP50-95): 84% ━━━━━━━━━━── 22/26 3.3it/s 6.5s<1.2s
                 Class     Images  Instances      Box(P          R      mAP50  mAP50-95): 88% ━━━━━━━━━━╸─ 23/26 3.3it/s 6.8s<0.9s
                 Class     Images  Instances      Box(P          R      mAP50  mAP50-95): 92% ━━━━━━━━━━━─ 24/26 3.3it/s 7.1s<0.6s
                 Class     Images  Instances      Box(P          R      mAP50  mAP50-95): 96% ━━━━━━━━━━━╸ 25/26 3.3it/s 7.4s<0.3s
                 Class     Images  Instances      Box(P          R      mAP50  mAP50-95): 100% ━━━━━━━━━━━━ 26/26 3.4it/s 7.7s
      Epoch    GPU_mem   box_loss   cls_loss   dfl_loss  Instances       Size
                 Class     Images  Instances      Box(P          R      mAP50  mAP50-95): 3% ──────────── 1/26 1.0s/it 0.3s<25.2s
                 Class     Images  Instances      Box(P          R      mAP50  mAP50-95): 7% ╸─────────── 2/26 1.7it/s 0.6s<13.9s
                 Class     Images  Instances      Box(P          R      mAP50  mAP50-95): 11% ━─────────── 3/26 2.2it/s 0.9s<10.4s
                 Class     Images  Instances      Box(P          R      mAP50  mAP50-95): 15% ━╸────────── 4/26 2.6it/s 1.2s<8.6s
                 Class     Images  Instances      Box(P          R      mAP50  mAP50-95): 19% ━━────────── 5/26 2.8it/s 1.5s<7.5s
                 Class     Images  Instances      Box(P          R      mAP50  mAP50-95): 23% ━━╸───────── 6/26 3.0it/s 1.8s<6.7s
                 Class     Images  Instances      Box(P          R      mAP50  mAP50-95): 26% ━━━───────── 7/26 3.1it/s 2.1s<6.1s
                 Class     Images  Instances      Box(P          R      mAP50  mAP50-95): 30% ━━━╸──────── 8/26 3.2it/s 2.4s<5.6s
                 Class     Images  Instances      Box(P          R      mAP50  mAP50-95): 34% ━━━━──────── 9/26 3.3it/s 2.7s<5.2s
                 Class     Images  Instances      Box(P          R      mAP50  mAP50-95): 38% ━━━━╸─────── 10/26 3.3it/s 2.9s<4.8s
                 Class     Images  Instances      Box(P          R      mAP50  mAP50-95): 42% ━━━━━─────── 11/26 3.4it/s 3.2s<4.4s
                 Class     Images  Instances      Box(P          R      mAP50  mAP50-95): 46% ━━━━━╸────── 12/26 3.4it/s 3.5s<4.1s
                 Class     Images  Instances      Box(P          R      mAP50  mAP50-95): 50% ━━━━━━────── 13/26 3.4it/s 3.8s<3.8s
                 Class     Images  Instances      Box(P          R      mAP50  mAP50-95): 53% ━━━━━━────── 14/26 3.4it/s 4.1s<3.5s
                 Class     Images  Instances      Box(P          R      mAP50  mAP50-95): 57% ━━━━━━╸───── 15/26 3.4it/s 4.4s<3.2s
                 Class     Images  Instances      Box(P          R      mAP50  mAP50-95): 61% ━━━━━━━───── 16/26 3.4it/s 4.7s<2.9s
                 Class     Images  Instances      Box(P          R      mAP50  mAP50-95): 65% ━━━━━━━╸──── 17/26 3.4it/s 5.0s<2.7s
                 Class     Images  Instances      Box(P          R      mAP50  mAP50-95): 69% ━━━━━━━━──── 18/26 3.4it/s 5.3s<2.4s
                 Class     Images  Instances      Box(P          R      mAP50  mAP50-95): 73% ━━━━━━━━╸─── 19/26 3.4it/s 5.6s<2.1s
                 Class     Images  Instances      Box(P          R      mAP50  mAP50-95): 76% ━━━━━━━━━─── 20/26 3.3it/s 5.9s<1.8s
                 Class     Images  Instances      Box(P          R      mAP50  mAP50-95): 80% ━━━━━━━━━╸── 21/26 3.3it/s 6.2s<1.5s
                 Class     Images  Instances      Box(P          R      mAP50  mAP50-95): 84% ━━━━━━━━━━── 22/26 3.3it/s 6.5s<1.2s
                 Class     Images  Instances      Box(P          R      mAP50  mAP50-95): 88% ━━━━━━━━━━╸─ 23/26 3.3it/s 6.8s<0.9s
                 Class     Images  Instances      Box(P          R      mAP50  mAP50-95): 92% ━━━━━━━━━━━─ 24/26 3.3it/s 7.1s<0.6s
                 Class     Images  Instances      Box(P          R      mAP50  mAP50-95): 96% ━━━━━━━━━━━╸ 25/26 3.3it/s 7.4s<0.3s
                 Class     Images  Instances      Box(P          R      mAP50  mAP50-95): 100% ━━━━━━━━━━━━ 26/26 3.4it/s 7.7s
      Epoch    GPU_mem   box_loss   cls_loss   dfl_loss  Instances       Size
                 Class     Images  Instances      Box(P          R      mAP50  mAP50-95): 3% ──────────── 1/26 1.0it/s 0.3s<24.4s
                 Class     Images  Instances      Box(P          R      mAP50  mAP50-95): 7% ╸─────────── 2/26 1.8it/s 0.6s<13.7s
                 Class     Images  Instances      Box(P          R      mAP50  mAP50-95): 11% ━─────────── 3/26 2.3it/s 0.9s<10.1s
                 Class     Images  Instances      Box(P          R      mAP50  mAP50-95): 15% ━╸────────── 4/26 2.6it/s 1.2s<8.3s
                 Class     Images  Instances      Box(P          R      mAP50  mAP50-95): 19% ━━────────── 5/26 2.9it/s 1.4s<7.3s
                 Class     Images  Instances      Box(P          R      mAP50  mAP50-95): 23% ━━╸───────── 6/26 3.1it/s 1.7s<6.5s
                 Class     Images  Instances      Box(P          R      mAP50  mAP50-95): 26% ━━━───────── 7/26 3.2it/s 2.0s<6.0s
                 Class     Images  Instances      Box(P          R      mAP50  mAP50-95): 30% ━━━╸──────── 8/26 3.2it/s 2.3s<5.5s
                 Class     Images  Instances      Box(P          R      mAP50  mAP50-95): 34% ━━━━──────── 9/26 2.9it/s 2.8s<5.9s
                 Class     Images  Instances      Box(P          R      mAP50  mAP50-95): 38% ━━━━╸─────── 10/26 3.1it/s 3.1s<5.2s
                 Class     Images  Instances      Box(P          R      mAP50  mAP50-95): 42% ━━━━━─────── 11/26 3.2it/s 3.4s<4.7s
                 Class     Images  Instances      Box(P          R      mAP50  mAP50-95): 46% ━━━━━╸────── 12/26 3.3it/s 3.7s<4.3s
                 Class     Images  Instances      Box(P          R      mAP50  mAP50-95): 50% ━━━━━━────── 13/26 3.3it/s 4.0s<3.9s
                 Class     Images  Instances      Box(P          R      mAP50  mAP50-95): 53% ━━━━━━────── 14/26 3.4it/s 4.2s<3.6s
                 Class     Images  Instances      Box(P          R      mAP50  mAP50-95): 57% ━━━━━━╸───── 15/26 3.4it/s 4.5s<3.2s
                 Class     Images  Instances      Box(P          R      mAP50  mAP50-95): 61% ━━━━━━━───── 16/26 3.4it/s 4.8s<2.9s
                 Class     Images  Instances      Box(P          R      mAP50  mAP50-95): 65% ━━━━━━━╸──── 17/26 3.4it/s 5.1s<2.6s
                 Class     Images  Instances      Box(P          R      mAP50  mAP50-95): 69% ━━━━━━━━──── 18/26 3.4it/s 5.4s<2.3s
                 Class     Images  Instances      Box(P          R      mAP50  mAP50-95): 73% ━━━━━━━━╸─── 19/26 3.4it/s 5.7s<2.1s
                 Class     Images  Instances      Box(P          R      mAP50  mAP50-95): 76% ━━━━━━━━━─── 20/26 3.4it/s 6.0s<1.8s
                 Class     Images  Instances      Box(P          R      mAP50  mAP50-95): 80% ━━━━━━━━━╸── 21/26 3.3it/s 6.3s<1.5s
                 Class     Images  Instances      Box(P          R      mAP50  mAP50-95): 84% ━━━━━━━━━━── 22/26 3.4it/s 6.6s<1.2s
                 Class     Images  Instances      Box(P          R      mAP50  mAP50-95): 88% ━━━━━━━━━━╸─ 23/26 3.3it/s 6.9s<0.9s
                 Class     Images  Instances      Box(P          R      mAP50  mAP50-95): 92% ━━━━━━━━━━━─ 24/26 3.3it/s 7.2s<0.6s
                 Class     Images  Instances      Box(P          R      mAP50  mAP50-95): 96% ━━━━━━━━━━━╸ 25/26 3.3it/s 7.5s<0.3s
                 Class     Images  Instances      Box(P          R      mAP50  mAP50-95): 100% ━━━━━━━━━━━━ 26/26 3.3it/s 7.8s
      Epoch    GPU_mem   box_loss   cls_loss   dfl_loss  Instances       Size
                 Class     Images  Instances      Box(P          R      mAP50  mAP50-95): 3% ──────────── 1/26 1.0it/s 0.3s<24.8s
                 Class     Images  Instances      Box(P          R      mAP50  mAP50-95): 7% ╸─────────── 2/26 1.7it/s 0.6s<13.7s
                 Class     Images  Instances      Box(P          R      mAP50  mAP50-95): 11% ━─────────── 3/26 2.3it/s 0.9s<10.1s
                 Class     Images  Instances      Box(P          R      mAP50  mAP50-95): 15% ━╸────────── 4/26 2.6it/s 1.2s<8.3s
                 Class     Images  Instances      Box(P          R      mAP50  mAP50-95): 19% ━━────────── 5/26 2.9it/s 1.4s<7.2s
                 Class     Images  Instances      Box(P          R      mAP50  mAP50-95): 23% ━━╸───────── 6/26 3.1it/s 1.7s<6.5s
                 Class     Images  Instances      Box(P          R      mAP50  mAP50-95): 26% ━━━───────── 7/26 3.2it/s 2.0s<5.9s
                 Class     Images  Instances      Box(P          R      mAP50  mAP50-95): 30% ━━━╸──────── 8/26 3.3it/s 2.3s<5.5s
                 Class     Images  Instances      Box(P          R      mAP50  mAP50-95): 34% ━━━━──────── 9/26 3.3it/s 2.6s<5.2s
                 Class     Images  Instances      Box(P          R      mAP50  mAP50-95): 38% ━━━━╸─────── 10/26 3.3it/s 2.9s<4.8s
                 Class     Images  Instances      Box(P          R      mAP50  mAP50-95): 42% ━━━━━─────── 11/26 3.3it/s 3.2s<4.5s
                 Class     Images  Instances      Box(P          R      mAP50  mAP50-95): 46% ━━━━━╸────── 12/26 3.3it/s 3.5s<4.2s
                 Class     Images  Instances      Box(P          R      mAP50  mAP50-95): 50% ━━━━━━────── 13/26 3.3it/s 3.8s<3.9s
                 Class     Images  Instances      Box(P          R      mAP50  mAP50-95): 53% ━━━━━━────── 14/26 3.3it/s 4.1s<3.6s
                 Class     Images  Instances      Box(P          R      mAP50  mAP50-95): 57% ━━━━━━╸───── 15/26 3.4it/s 4.4s<3.3s
                 Class     Images  Instances      Box(P          R      mAP50  mAP50-95): 61% ━━━━━━━───── 16/26 3.4it/s 4.7s<2.9s
                 Class     Images  Instances      Box(P          R      mAP50  mAP50-95): 65% ━━━━━━━╸──── 17/26 3.4it/s 5.0s<2.6s
                 Class     Images  Instances      Box(P          R      mAP50  mAP50-95): 69% ━━━━━━━━──── 18/26 3.4it/s 5.3s<2.3s
                 Class     Images  Instances      Box(P          R      mAP50  mAP50-95): 73% ━━━━━━━━╸─── 19/26 3.4it/s 5.5s<2.0s
                 Class     Images  Instances      Box(P          R      mAP50  mAP50-95): 76% ━━━━━━━━━─── 20/26 3.4it/s 5.8s<1.7s
                 Class     Images  Instances      Box(P          R      mAP50  mAP50-95): 80% ━━━━━━━━━╸── 21/26 3.5it/s 6.1s<1.4s
                 Class     Images  Instances      Box(P          R      mAP50  mAP50-95): 84% ━━━━━━━━━━── 22/26 3.5it/s 6.4s<1.2s
                 Class     Images  Instances      Box(P          R      mAP50  mAP50-95): 88% ━━━━━━━━━━╸─ 23/26 3.5it/s 6.7s<0.9s
                 Class     Images  Instances      Box(P          R      mAP50  mAP50-95): 92% ━━━━━━━━━━━─ 24/26 3.4it/s 7.0s<0.6s
                 Class     Images  Instances      Box(P          R      mAP50  mAP50-95): 96% ━━━━━━━━━━━╸ 25/26 3.4it/s 7.3s<0.3s
                 Class     Images  Instances      Box(P          R      mAP50  mAP50-95): 100% ━━━━━━━━━━━━ 26/26 3.4it/s 7.6s
      Epoch    GPU_mem   box_loss   cls_loss   dfl_loss  Instances       Size
                 Class     Images  Instances      Box(P          R      mAP50  mAP50-95): 3% ──────────── 1/26 1.0it/s 0.3s<24.5s
                 Class     Images  Instances      Box(P          R      mAP50  mAP50-95): 7% ╸─────────── 2/26 1.8it/s 0.6s<13.7s
                 Class     Images  Instances      Box(P          R      mAP50  mAP50-95): 11% ━─────────── 3/26 2.3it/s 0.9s<10.1s
                 Class     Images  Instances      Box(P          R      mAP50  mAP50-95): 15% ━╸────────── 4/26 2.6it/s 1.2s<8.3s
                 Class     Images  Instances      Box(P          R      mAP50  mAP50-95): 19% ━━────────── 5/26 2.9it/s 1.4s<7.2s
                 Class     Images  Instances      Box(P          R      mAP50  mAP50-95): 23% ━━╸───────── 6/26 3.1it/s 1.7s<6.5s
                 Class     Images  Instances      Box(P          R      mAP50  mAP50-95): 26% ━━━───────── 7/26 3.2it/s 2.0s<6.0s
                 Class     Images  Instances      Box(P          R      mAP50  mAP50-95): 30% ━━━╸──────── 8/26 3.2it/s 2.3s<5.6s
                 Class     Images  Instances      Box(P          R      mAP50  mAP50-95): 34% ━━━━──────── 9/26 3.2it/s 2.6s<5.3s
                 Class     Images  Instances      Box(P          R      mAP50  mAP50-95): 38% ━━━━╸─────── 10/26 3.3it/s 2.9s<4.9s
                 Class     Images  Instances      Box(P          R      mAP50  mAP50-95): 42% ━━━━━─────── 11/26 3.3it/s 3.2s<4.6s
                 Class     Images  Instances      Box(P          R      mAP50  mAP50-95): 46% ━━━━━╸────── 12/26 3.3it/s 3.5s<4.2s
                 Class     Images  Instances      Box(P          R      mAP50  mAP50-95): 50% ━━━━━━────── 13/26 3.3it/s 3.8s<3.9s
                 Class     Images  Instances      Box(P          R      mAP50  mAP50-95): 53% ━━━━━━────── 14/26 3.3it/s 4.1s<3.6s
                 Class     Images  Instances      Box(P          R      mAP50  mAP50-95): 57% ━━━━━━╸───── 15/26 3.3it/s 4.4s<3.3s
                 Class     Images  Instances      Box(P          R      mAP50  mAP50-95): 61% ━━━━━━━───── 16/26 3.3it/s 4.7s<3.0s
                 Class     Images  Instances      Box(P          R      mAP50  mAP50-95): 65% ━━━━━━━╸──── 17/26 3.3it/s 5.0s<2.7s
                 Class     Images  Instances      Box(P          R      mAP50  mAP50-95): 69% ━━━━━━━━──── 18/26 3.3it/s 5.3s<2.4s
                 Class     Images  Instances      Box(P          R      mAP50  mAP50-95): 73% ━━━━━━━━╸─── 19/26 3.3it/s 5.6s<2.1s
                 Class     Images  Instances      Box(P          R      mAP50  mAP50-95): 76% ━━━━━━━━━─── 20/26 3.3it/s 5.9s<1.8s
                 Class     Images  Instances      Box(P          R      mAP50  mAP50-95): 80% ━━━━━━━━━╸── 21/26 3.3it/s 6.2s<1.5s
                 Class     Images  Instances      Box(P          R      mAP50  mAP50-95): 84% ━━━━━━━━━━── 22/26 3.3it/s 6.5s<1.2s
                 Class     Images  Instances      Box(P          R      mAP50  mAP50-95): 88% ━━━━━━━━━━╸─ 23/26 3.3it/s 6.8s<0.9s
                 Class     Images  Instances      Box(P          R      mAP50  mAP50-95): 92% ━━━━━━━━━━━─ 24/26 3.3it/s 7.1s<0.6s
                 Class     Images  Instances      Box(P          R      mAP50  mAP50-95): 96% ━━━━━━━━━━━╸ 25/26 3.3it/s 7.4s<0.3s
                 Class     Images  Instances      Box(P          R      mAP50  mAP50-95): 100% ━━━━━━━━━━━━ 26/26 3.4it/s 7.7s
      Epoch    GPU_mem   box_loss   cls_loss   dfl_loss  Instances       Size
                 Class     Images  Instances      Box(P          R      mAP50  mAP50-95): 3% ──────────── 1/26 1.0s/it 0.3s<25.2s
                 Class     Images  Instances      Box(P          R      mAP50  mAP50-95): 7% ╸─────────── 2/26 1.7it/s 0.6s<13.8s
                 Class     Images  Instances      Box(P          R      mAP50  mAP50-95): 11% ━─────────── 3/26 2.3it/s 0.9s<10.2s
                 Class     Images  Instances      Box(P          R      mAP50  mAP50-95): 15% ━╸────────── 4/26 2.6it/s 1.2s<8.4s
                 Class     Images  Instances      Box(P          R      mAP50  mAP50-95): 19% ━━────────── 5/26 2.9it/s 1.5s<7.3s
                 Class     Images  Instances      Box(P          R      mAP50  mAP50-95): 23% ━━╸───────── 6/26 3.1it/s 1.7s<6.5s
                 Class     Images  Instances      Box(P          R      mAP50  mAP50-95): 26% ━━━───────── 7/26 3.2it/s 2.0s<6.0s
                 Class     Images  Instances      Box(P          R      mAP50  mAP50-95): 30% ━━━╸──────── 8/26 3.2it/s 2.3s<5.5s
                 Class     Images  Instances      Box(P          R      mAP50  mAP50-95): 34% ━━━━──────── 9/26 3.3it/s 2.6s<5.1s
                 Class     Images  Instances      Box(P          R      mAP50  mAP50-95): 38% ━━━━╸─────── 10/26 3.3it/s 2.9s<4.8s
                 Class     Images  Instances      Box(P          R      mAP50  mAP50-95): 42% ━━━━━─────── 11/26 3.3it/s 3.2s<4.5s
                 Class     Images  Instances      Box(P          R      mAP50  mAP50-95): 46% ━━━━━╸────── 12/26 3.3it/s 3.5s<4.2s
                 Class     Images  Instances      Box(P          R      mAP50  mAP50-95): 50% ━━━━━━────── 13/26 3.3it/s 3.8s<3.9s
                 Class     Images  Instances      Box(P          R      mAP50  mAP50-95): 53% ━━━━━━────── 14/26 3.3it/s 4.1s<3.6s
                 Class     Images  Instances      Box(P          R      mAP50  mAP50-95): 57% ━━━━━━╸───── 15/26 3.3it/s 4.4s<3.3s
                 Class     Images  Instances      Box(P          R      mAP50  mAP50-95): 61% ━━━━━━━───── 16/26 3.3it/s 4.7s<3.0s
                 Class     Images  Instances      Box(P          R      mAP50  mAP50-95): 65% ━━━━━━━╸──── 17/26 3.3it/s 5.0s<2.7s
                 Class     Images  Instances      Box(P          R      mAP50  mAP50-95): 69% ━━━━━━━━──── 18/26 3.3it/s 5.3s<2.4s
                 Class     Images  Instances      Box(P          R      mAP50  mAP50-95): 73% ━━━━━━━━╸─── 19/26 3.3it/s 5.6s<2.1s
                 Class     Images  Instances      Box(P          R      mAP50  mAP50-95): 76% ━━━━━━━━━─── 20/26 3.3it/s 5.9s<1.8s
                 Class     Images  Instances      Box(P          R      mAP50  mAP50-95): 80% ━━━━━━━━━╸── 21/26 3.3it/s 6.2s<1.5s
                 Class     Images  Instances      Box(P          R      mAP50  mAP50-95): 84% ━━━━━━━━━━── 22/26 3.4it/s 6.5s<1.2s
                 Class     Images  Instances      Box(P          R      mAP50  mAP50-95): 88% ━━━━━━━━━━╸─ 23/26 3.3it/s 6.8s<0.9s
                 Class     Images  Instances      Box(P          R      mAP50  mAP50-95): 92% ━━━━━━━━━━━─ 24/26 3.3it/s 7.1s<0.6s
                 Class     Images  Instances      Box(P          R      mAP50  mAP50-95): 96% ━━━━━━━━━━━╸ 25/26 3.3it/s 7.4s<0.3s
                 Class     Images  Instances      Box(P          R      mAP50  mAP50-95): 100% ━━━━━━━━━━━━ 26/26 3.4it/s 7.7s
      Epoch    GPU_mem   box_loss   cls_loss   dfl_loss  Instances       Size
                 Class     Images  Instances      Box(P          R      mAP50  mAP50-95): 3% ──────────── 1/26 1.0it/s 0.3s<24.0s
                 Class     Images  Instances      Box(P          R      mAP50  mAP50-95): 7% ╸─────────── 2/26 1.8it/s 0.6s<13.6s
                 Class     Images  Instances      Box(P          R      mAP50  mAP50-95): 11% ━─────────── 3/26 2.3it/s 0.9s<10.1s
                 Class     Images  Instances      Box(P          R      mAP50  mAP50-95): 15% ━╸────────── 4/26 2.6it/s 1.1s<8.3s
                 Class     Images  Instances      Box(P          R      mAP50  mAP50-95): 19% ━━────────── 5/26 2.9it/s 1.4s<7.2s
                 Class     Images  Instances      Box(P          R      mAP50  mAP50-95): 23% ━━╸───────── 6/26 3.1it/s 1.7s<6.5s
                 Class     Images  Instances      Box(P          R      mAP50  mAP50-95): 26% ━━━───────── 7/26 3.2it/s 2.0s<6.0s
                 Class     Images  Instances      Box(P          R      mAP50  mAP50-95): 30% ━━━╸──────── 8/26 3.3it/s 2.3s<5.5s
                 Class     Images  Instances      Box(P          R      mAP50  mAP50-95): 34% ━━━━──────── 9/26 3.3it/s 2.6s<5.1s
                 Class     Images  Instances      Box(P          R      mAP50  mAP50-95): 38% ━━━━╸─────── 10/26 3.3it/s 2.9s<4.8s
                 Class     Images  Instances      Box(P          R      mAP50  mAP50-95): 42% ━━━━━─────── 11/26 3.3it/s 3.2s<4.5s
                 Class     Images  Instances      Box(P          R      mAP50  mAP50-95): 46% ━━━━━╸────── 12/26 3.3it/s 3.5s<4.2s
                 Class     Images  Instances      Box(P          R      mAP50  mAP50-95): 50% ━━━━━━────── 13/26 3.3it/s 3.8s<3.9s
                 Class     Images  Instances      Box(P          R      mAP50  mAP50-95): 53% ━━━━━━────── 14/26 3.3it/s 4.1s<3.6s
                 Class     Images  Instances      Box(P          R      mAP50  mAP50-95): 57% ━━━━━━╸───── 15/26 3.3it/s 4.4s<3.3s
                 Class     Images  Instances      Box(P          R      mAP50  mAP50-95): 61% ━━━━━━━───── 16/26 3.3it/s 4.7s<3.0s
                 Class     Images  Instances      Box(P          R      mAP50  mAP50-95): 65% ━━━━━━━╸──── 17/26 3.4it/s 5.0s<2.7s
                 Class     Images  Instances      Box(P          R      mAP50  mAP50-95): 69% ━━━━━━━━──── 18/26 3.4it/s 5.3s<2.4s
                 Class     Images  Instances      Box(P          R      mAP50  mAP50-95): 73% ━━━━━━━━╸─── 19/26 3.4it/s 5.6s<2.1s
                 Class     Images  Instances      Box(P          R      mAP50  mAP50-95): 76% ━━━━━━━━━─── 20/26 3.4it/s 5.9s<1.7s
                 Class     Images  Instances      Box(P          R      mAP50  mAP50-95): 80% ━━━━━━━━━╸── 21/26 3.4it/s 6.1s<1.5s
                 Class     Images  Instances      Box(P          R      mAP50  mAP50-95): 84% ━━━━━━━━━━── 22/26 3.4it/s 6.4s<1.2s
                 Class     Images  Instances      Box(P          R      mAP50  mAP50-95): 88% ━━━━━━━━━━╸─ 23/26 3.5it/s 6.7s<0.9s
                 Class     Images  Instances      Box(P          R      mAP50  mAP50-95): 92% ━━━━━━━━━━━─ 24/26 3.5it/s 7.0s<0.6s
                 Class     Images  Instances      Box(P          R      mAP50  mAP50-95): 96% ━━━━━━━━━━━╸ 25/26 3.5it/s 7.3s<0.3s
                 Class     Images  Instances      Box(P          R      mAP50  mAP50-95): 100% ━━━━━━━━━━━━ 26/26 3.4it/s 7.6s
      Epoch    GPU_mem   box_loss   cls_loss   dfl_loss  Instances       Size
                 Class     Images  Instances      Box(P          R      mAP50  mAP50-95): 3% ──────────── 1/26 1.0it/s 0.3s<24.0s
                 Class     Images  Instances      Box(P          R      mAP50  mAP50-95): 7% ╸─────────── 2/26 1.8it/s 0.6s<13.6s
                 Class     Images  Instances      Box(P          R      mAP50  mAP50-95): 11% ━─────────── 3/26 2.3it/s 0.9s<10.1s
                 Class     Images  Instances      Box(P          R      mAP50  mAP50-95): 15% ━╸────────── 4/26 2.7it/s 1.1s<8.3s
                 Class     Images  Instances      Box(P          R      mAP50  mAP50-95): 19% ━━────────── 5/26 2.9it/s 1.4s<7.2s
                 Class     Images  Instances      Box(P          R      mAP50  mAP50-95): 23% ━━╸───────── 6/26 3.1it/s 1.7s<6.5s
                 Class     Images  Instances      Box(P          R      mAP50  mAP50-95): 26% ━━━───────── 7/26 3.2it/s 2.0s<6.0s
                 Class     Images  Instances      Box(P          R      mAP50  mAP50-95): 30% ━━━╸──────── 8/26 3.2it/s 2.3s<5.6s
                 Class     Images  Instances      Box(P          R      mAP50  mAP50-95): 34% ━━━━──────── 9/26 3.3it/s 2.6s<5.2s
                 Class     Images  Instances      Box(P          R      mAP50  mAP50-95): 38% ━━━━╸─────── 10/26 3.3it/s 2.9s<4.9s
                 Class     Images  Instances      Box(P          R      mAP50  mAP50-95): 42% ━━━━━─────── 11/26 3.3it/s 3.2s<4.6s
                 Class     Images  Instances      Box(P          R      mAP50  mAP50-95): 46% ━━━━━╸────── 12/26 3.3it/s 3.5s<4.2s
                 Class     Images  Instances      Box(P          R      mAP50  mAP50-95): 50% ━━━━━━────── 13/26 3.3it/s 3.8s<3.9s
                 Class     Images  Instances      Box(P          R      mAP50  mAP50-95): 53% ━━━━━━────── 14/26 3.3it/s 4.1s<3.6s
                 Class     Images  Instances      Box(P          R      mAP50  mAP50-95): 57% ━━━━━━╸───── 15/26 3.3it/s 4.4s<3.3s
                 Class     Images  Instances      Box(P          R      mAP50  mAP50-95): 61% ━━━━━━━───── 16/26 3.3it/s 4.7s<3.0s
                 Class     Images  Instances      Box(P          R      mAP50  mAP50-95): 65% ━━━━━━━╸──── 17/26 3.3it/s 5.0s<2.7s
                 Class     Images  Instances      Box(P          R      mAP50  mAP50-95): 69% ━━━━━━━━──── 18/26 3.3it/s 5.3s<2.4s
                 Class     Images  Instances      Box(P          R      mAP50  mAP50-95): 73% ━━━━━━━━╸─── 19/26 3.3it/s 5.6s<2.1s
                 Class     Images  Instances      Box(P          R      mAP50  mAP50-95): 76% ━━━━━━━━━─── 20/26 3.3it/s 5.9s<1.8s
                 Class     Images  Instances      Box(P          R      mAP50  mAP50-95): 80% ━━━━━━━━━╸── 21/26 3.3it/s 6.2s<1.5s
                 Class     Images  Instances      Box(P          R      mAP50  mAP50-95): 84% ━━━━━━━━━━── 22/26 3.3it/s 6.5s<1.2s
                 Class     Images  Instances      Box(P          R      mAP50  mAP50-95): 88% ━━━━━━━━━━╸─ 23/26 3.3it/s 6.8s<0.9s
                 Class     Images  Instances      Box(P          R      mAP50  mAP50-95): 92% ━━━━━━━━━━━─ 24/26 3.3it/s 7.1s<0.6s
                 Class     Images  Instances      Box(P          R      mAP50  mAP50-95): 96% ━━━━━━━━━━━╸ 25/26 3.4it/s 7.4s<0.3s
                 Class     Images  Instances      Box(P          R      mAP50  mAP50-95): 100% ━━━━━━━━━━━━ 26/26 3.4it/s 7.7s
      Epoch    GPU_mem   box_loss   cls_loss   dfl_loss  Instances       Size
                 Class     Images  Instances      Box(P          R      mAP50  mAP50-95): 3% ──────────── 1/26 1.0it/s 0.3s<24.2s
                 Class     Images  Instances      Box(P          R      mAP50  mAP50-95): 7% ╸─────────── 2/26 1.8it/s 0.6s<13.7s
                 Class     Images  Instances      Box(P          R      mAP50  mAP50-95): 11% ━─────────── 3/26 2.3it/s 0.9s<10.1s
                 Class     Images  Instances      Box(P          R      mAP50  mAP50-95): 15% ━╸────────── 4/26 2.6it/s 1.2s<8.4s
                 Class     Images  Instances      Box(P          R      mAP50  mAP50-95): 19% ━━────────── 5/26 2.9it/s 1.4s<7.3s
                 Class     Images  Instances      Box(P          R      mAP50  mAP50-95): 23% ━━╸───────── 6/26 3.1it/s 1.7s<6.5s
                 Class     Images  Instances      Box(P          R      mAP50  mAP50-95): 26% ━━━───────── 7/26 3.2it/s 2.0s<6.0s
                 Class     Images  Instances      Box(P          R      mAP50  mAP50-95): 30% ━━━╸──────── 8/26 3.3it/s 2.3s<5.5s
                 Class     Images  Instances      Box(P          R      mAP50  mAP50-95): 34% ━━━━──────── 9/26 3.3it/s 2.6s<5.2s
                 Class     Images  Instances      Box(P          R      mAP50  mAP50-95): 38% ━━━━╸─────── 10/26 3.3it/s 2.9s<4.9s
                 Class     Images  Instances      Box(P          R      mAP50  mAP50-95): 42% ━━━━━─────── 11/26 3.3it/s 3.2s<4.5s
                 Class     Images  Instances      Box(P          R      mAP50  mAP50-95): 46% ━━━━━╸────── 12/26 3.3it/s 3.5s<4.2s
                 Class     Images  Instances      Box(P          R      mAP50  mAP50-95): 50% ━━━━━━────── 13/26 3.3it/s 3.8s<3.9s
                 Class     Images  Instances      Box(P          R      mAP50  mAP50-95): 53% ━━━━━━────── 14/26 3.3it/s 4.1s<3.6s
                 Class     Images  Instances      Box(P          R      mAP50  mAP50-95): 57% ━━━━━━╸───── 15/26 3.3it/s 4.4s<3.3s
                 Class     Images  Instances      Box(P          R      mAP50  mAP50-95): 61% ━━━━━━━───── 16/26 3.3it/s 4.7s<3.0s
                 Class     Images  Instances      Box(P          R      mAP50  mAP50-95): 65% ━━━━━━━╸──── 17/26 3.3it/s 5.0s<2.7s
                 Class     Images  Instances      Box(P          R      mAP50  mAP50-95): 69% ━━━━━━━━──── 18/26 3.3it/s 5.3s<2.4s
                 Class     Images  Instances      Box(P          R      mAP50  mAP50-95): 73% ━━━━━━━━╸─── 19/26 3.3it/s 5.6s<2.1s
                 Class     Images  Instances      Box(P          R      mAP50  mAP50-95): 76% ━━━━━━━━━─── 20/26 3.3it/s 5.9s<1.8s
                 Class     Images  Instances      Box(P          R      mAP50  mAP50-95): 80% ━━━━━━━━━╸── 21/26 3.3it/s 6.2s<1.5s
                 Class     Images  Instances      Box(P          R      mAP50  mAP50-95): 84% ━━━━━━━━━━── 22/26 3.3it/s 6.5s<1.2s
                 Class     Images  Instances      Box(P          R      mAP50  mAP50-95): 88% ━━━━━━━━━━╸─ 23/26 3.3it/s 6.8s<0.9s
                 Class     Images  Instances      Box(P          R      mAP50  mAP50-95): 92% ━━━━━━━━━━━─ 24/26 3.4it/s 7.1s<0.6s
                 Class     Images  Instances      Box(P          R      mAP50  mAP50-95): 96% ━━━━━━━━━━━╸ 25/26 3.4it/s 7.4s<0.3s
                 Class     Images  Instances      Box(P          R      mAP50  mAP50-95): 100% ━━━━━━━━━━━━ 26/26 3.4it/s 7.7s
      Epoch    GPU_mem   box_loss   cls_loss   dfl_loss  Instances       Size
                 Class     Images  Instances      Box(P          R      mAP50  mAP50-95): 3% ──────────── 1/26 1.0it/s 0.3s<24.0s
                 Class     Images  Instances      Box(P          R      mAP50  mAP50-95): 7% ╸─────────── 2/26 1.8it/s 0.6s<13.6s
                 Class     Images  Instances      Box(P          R      mAP50  mAP50-95): 11% ━─────────── 3/26 2.3it/s 0.9s<10.1s
                 Class     Images  Instances      Box(P          R      mAP50  mAP50-95): 15% ━╸────────── 4/26 2.6it/s 1.2s<8.5s
                 Class     Images  Instances      Box(P          R      mAP50  mAP50-95): 19% ━━────────── 5/26 2.8it/s 1.5s<7.4s
                 Class     Images  Instances      Box(P          R      mAP50  mAP50-95): 23% ━━╸───────── 6/26 3.0it/s 1.8s<6.7s
                 Class     Images  Instances      Box(P          R      mAP50  mAP50-95): 26% ━━━───────── 7/26 3.1it/s 2.1s<6.2s
                 Class     Images  Instances      Box(P          R      mAP50  mAP50-95): 30% ━━━╸──────── 8/26 3.2it/s 2.4s<5.7s
                 Class     Images  Instances      Box(P          R      mAP50  mAP50-95): 34% ━━━━──────── 9/26 3.2it/s 2.7s<5.3s
                 Class     Images  Instances      Box(P          R      mAP50  mAP50-95): 38% ━━━━╸─────── 10/26 3.2it/s 3.0s<4.9s
                 Class     Images  Instances      Box(P          R      mAP50  mAP50-95): 42% ━━━━━─────── 11/26 3.3it/s 3.3s<4.6s
                 Class     Images  Instances      Box(P          R      mAP50  mAP50-95): 46% ━━━━━╸────── 12/26 3.3it/s 3.6s<4.3s
                 Class     Images  Instances      Box(P          R      mAP50  mAP50-95): 50% ━━━━━━────── 13/26 3.3it/s 3.9s<3.9s
                 Class     Images  Instances      Box(P          R      mAP50  mAP50-95): 53% ━━━━━━────── 14/26 3.3it/s 4.2s<3.6s
                 Class     Images  Instances      Box(P          R      mAP50  mAP50-95): 57% ━━━━━━╸───── 15/26 3.3it/s 4.5s<3.3s
                 Class     Images  Instances      Box(P          R      mAP50  mAP50-95): 61% ━━━━━━━───── 16/26 3.3it/s 4.8s<3.0s
                 Class     Images  Instances      Box(P          R      mAP50  mAP50-95): 65% ━━━━━━━╸──── 17/26 3.3it/s 5.1s<2.7s
                 Class     Images  Instances      Box(P          R      mAP50  mAP50-95): 69% ━━━━━━━━──── 18/26 3.3it/s 5.4s<2.4s
                 Class     Images  Instances      Box(P          R      mAP50  mAP50-95): 73% ━━━━━━━━╸─── 19/26 3.3it/s 5.7s<2.1s
                 Class     Images  Instances      Box(P          R      mAP50  mAP50-95): 76% ━━━━━━━━━─── 20/26 3.3it/s 6.0s<1.8s
                 Class     Images  Instances      Box(P          R      mAP50  mAP50-95): 80% ━━━━━━━━━╸── 21/26 3.3it/s 6.3s<1.5s
                 Class     Images  Instances      Box(P          R      mAP50  mAP50-95): 84% ━━━━━━━━━━── 22/26 3.3it/s 6.6s<1.2s
                 Class     Images  Instances      Box(P          R      mAP50  mAP50-95): 88% ━━━━━━━━━━╸─ 23/26 3.3it/s 6.9s<0.9s
                 Class     Images  Instances      Box(P          R      mAP50  mAP50-95): 92% ━━━━━━━━━━━─ 24/26 3.3it/s 7.2s<0.6s
                 Class     Images  Instances      Box(P          R      mAP50  mAP50-95): 96% ━━━━━━━━━━━╸ 25/26 3.3it/s 7.5s<0.3s
                 Class     Images  Instances      Box(P          R      mAP50  mAP50-95): 100% ━━━━━━━━━━━━ 26/26 3.3it/s 7.8s
      Epoch    GPU_mem   box_loss   cls_loss   dfl_loss  Instances       Size
                 Class     Images  Instances      Box(P          R      mAP50  mAP50-95): 3% ──────────── 1/26 1.0it/s 0.3s<24.3s
                 Class     Images  Instances      Box(P          R      mAP50  mAP50-95): 7% ╸─────────── 2/26 1.7it/s 0.6s<13.8s
                 Class     Images  Instances      Box(P          R      mAP50  mAP50-95): 11% ━─────────── 3/26 2.3it/s 0.9s<10.2s
                 Class     Images  Instances      Box(P          R      mAP50  mAP50-95): 15% ━╸────────── 4/26 2.6it/s 1.2s<8.4s
                 Class     Images  Instances      Box(P          R      mAP50  mAP50-95): 19% ━━────────── 5/26 2.9it/s 1.4s<7.3s
                 Class     Images  Instances      Box(P          R      mAP50  mAP50-95): 23% ━━╸───────── 6/26 3.0it/s 1.7s<6.6s
                 Class     Images  Instances      Box(P          R      mAP50  mAP50-95): 26% ━━━───────── 7/26 3.2it/s 2.0s<6.0s
                 Class     Images  Instances      Box(P          R      mAP50  mAP50-95): 30% ━━━╸──────── 8/26 3.2it/s 2.3s<5.5s
                 Class     Images  Instances      Box(P          R      mAP50  mAP50-95): 34% ━━━━──────── 9/26 3.3it/s 2.6s<5.2s
                 Class     Images  Instances      Box(P          R      mAP50  mAP50-95): 38% ━━━━╸─────── 10/26 3.3it/s 2.9s<4.8s
                 Class     Images  Instances      Box(P          R      mAP50  mAP50-95): 42% ━━━━━─────── 11/26 3.3it/s 3.2s<4.5s
                 Class     Images  Instances      Box(P          R      mAP50  mAP50-95): 46% ━━━━━╸────── 12/26 3.3it/s 3.5s<4.2s
                 Class     Images  Instances      Box(P          R      mAP50  mAP50-95): 50% ━━━━━━────── 13/26 3.3it/s 3.8s<3.9s
                 Class     Images  Instances      Box(P          R      mAP50  mAP50-95): 53% ━━━━━━────── 14/26 3.3it/s 4.1s<3.6s
                 Class     Images  Instances      Box(P          R      mAP50  mAP50-95): 57% ━━━━━━╸───── 15/26 3.3it/s 4.4s<3.3s
                 Class     Images  Instances      Box(P          R      mAP50  mAP50-95): 61% ━━━━━━━───── 16/26 3.3it/s 4.7s<3.0s
                 Class     Images  Instances      Box(P          R      mAP50  mAP50-95): 65% ━━━━━━━╸──── 17/26 3.3it/s 5.0s<2.7s
                 Class     Images  Instances      Box(P          R      mAP50  mAP50-95): 69% ━━━━━━━━──── 18/26 3.3it/s 5.3s<2.4s
                 Class     Images  Instances      Box(P          R      mAP50  mAP50-95): 73% ━━━━━━━━╸─── 19/26 3.3it/s 5.6s<2.1s
                 Class     Images  Instances      Box(P          R      mAP50  mAP50-95): 76% ━━━━━━━━━─── 20/26 3.4it/s 5.9s<1.8s
                 Class     Images  Instances      Box(P          R      mAP50  mAP50-95): 80% ━━━━━━━━━╸── 21/26 3.3it/s 6.2s<1.5s
                 Class     Images  Instances      Box(P          R      mAP50  mAP50-95): 84% ━━━━━━━━━━── 22/26 3.3it/s 6.5s<1.2s
                 Class     Images  Instances      Box(P          R      mAP50  mAP50-95): 88% ━━━━━━━━━━╸─ 23/26 3.3it/s 6.8s<0.9s
                 Class     Images  Instances      Box(P          R      mAP50  mAP50-95): 92% ━━━━━━━━━━━─ 24/26 3.3it/s 7.1s<0.6s
                 Class     Images  Instances      Box(P          R      mAP50  mAP50-95): 96% ━━━━━━━━━━━╸ 25/26 3.3it/s 7.4s<0.3s
                 Class     Images  Instances      Box(P          R      mAP50  mAP50-95): 100% ━━━━━━━━━━━━ 26/26 3.4it/s 7.7s
      Epoch    GPU_mem   box_loss   cls_loss   dfl_loss  Instances       Size
                 Class     Images  Instances      Box(P          R      mAP50  mAP50-95): 3% ──────────── 1/26 1.0s/it 0.3s<25.2s
                 Class     Images  Instances      Box(P          R      mAP50  mAP50-95): 7% ╸─────────── 2/26 1.7it/s 0.6s<13.9s
                 Class     Images  Instances      Box(P          R      mAP50  mAP50-95): 11% ━─────────── 3/26 2.3it/s 0.9s<10.2s
                 Class     Images  Instances      Box(P          R      mAP50  mAP50-95): 15% ━╸────────── 4/26 2.6it/s 1.2s<8.4s
                 Class     Images  Instances      Box(P          R      mAP50  mAP50-95): 19% ━━────────── 5/26 2.8it/s 1.5s<7.4s
                 Class     Images  Instances      Box(P          R      mAP50  mAP50-95): 23% ━━╸───────── 6/26 3.0it/s 1.8s<6.7s
                 Class     Images  Instances      Box(P          R      mAP50  mAP50-95): 26% ━━━───────── 7/26 3.1it/s 2.1s<6.2s
                 Class     Images  Instances      Box(P          R      mAP50  mAP50-95): 30% ━━━╸──────── 8/26 3.2it/s 2.4s<5.7s
                 Class     Images  Instances      Box(P          R      mAP50  mAP50-95): 34% ━━━━──────── 9/26 3.1it/s 2.7s<5.5s
                 Class     Images  Instances      Box(P          R      mAP50  mAP50-95): 38% ━━━━╸─────── 10/26 3.2it/s 3.0s<5.0s
                 Class     Images  Instances      Box(P          R      mAP50  mAP50-95): 42% ━━━━━─────── 11/26 3.3it/s 3.3s<4.6s
                 Class     Images  Instances      Box(P          R      mAP50  mAP50-95): 46% ━━━━━╸────── 12/26 3.3it/s 3.6s<4.2s
                 Class     Images  Instances      Box(P          R      mAP50  mAP50-95): 50% ━━━━━━────── 13/26 3.4it/s 3.9s<3.9s
                 Class     Images  Instances      Box(P          R      mAP50  mAP50-95): 53% ━━━━━━────── 14/26 3.4it/s 4.2s<3.5s
                 Class     Images  Instances      Box(P          R      mAP50  mAP50-95): 57% ━━━━━━╸───── 15/26 3.3it/s 4.5s<3.3s
                 Class     Images  Instances      Box(P          R      mAP50  mAP50-95): 61% ━━━━━━━───── 16/26 3.4it/s 4.8s<3.0s
                 Class     Images  Instances      Box(P          R      mAP50  mAP50-95): 65% ━━━━━━━╸──── 17/26 3.3it/s 5.1s<2.7s
                 Class     Images  Instances      Box(P          R      mAP50  mAP50-95): 69% ━━━━━━━━──── 18/26 3.4it/s 5.4s<2.4s
                 Class     Images  Instances      Box(P          R      mAP50  mAP50-95): 73% ━━━━━━━━╸─── 19/26 3.4it/s 5.7s<2.1s
                 Class     Images  Instances      Box(P          R      mAP50  mAP50-95): 76% ━━━━━━━━━─── 20/26 3.3it/s 6.0s<1.8s
                 Class     Images  Instances      Box(P          R      mAP50  mAP50-95): 80% ━━━━━━━━━╸── 21/26 3.3it/s 6.3s<1.5s
                 Class     Images  Instances      Box(P          R      mAP50  mAP50-95): 84% ━━━━━━━━━━── 22/26 3.3it/s 6.6s<1.2s
                 Class     Images  Instances      Box(P          R      mAP50  mAP50-95): 88% ━━━━━━━━━━╸─ 23/26 3.3it/s 6.9s<0.9s
                 Class     Images  Instances      Box(P          R      mAP50  mAP50-95): 92% ━━━━━━━━━━━─ 24/26 3.3it/s 7.2s<0.6s
                 Class     Images  Instances      Box(P          R      mAP50  mAP50-95): 96% ━━━━━━━━━━━╸ 25/26 3.3it/s 7.5s<0.3s
                 Class     Images  Instances      Box(P          R      mAP50  mAP50-95): 100% ━━━━━━━━━━━━ 26/26 3.3it/s 7.8s
      Epoch    GPU_mem   box_loss   cls_loss   dfl_loss  Instances       Size
                 Class     Images  Instances      Box(P          R      mAP50  mAP50-95): 3% ──────────── 1/26 1.0it/s 0.3s<24.0s
                 Class     Images  Instances      Box(P          R      mAP50  mAP50-95): 7% ╸─────────── 2/26 1.8it/s 0.6s<13.5s
                 Class     Images  Instances      Box(P          R      mAP50  mAP50-95): 11% ━─────────── 3/26 2.3it/s 0.9s<10.1s
                 Class     Images  Instances      Box(P          R      mAP50  mAP50-95): 15% ━╸────────── 4/26 2.6it/s 1.2s<8.3s
                 Class     Images  Instances      Box(P          R      mAP50  mAP50-95): 19% ━━────────── 5/26 2.9it/s 1.4s<7.3s
                 Class     Images  Instances      Box(P          R      mAP50  mAP50-95): 23% ━━╸───────── 6/26 3.0it/s 1.7s<6.6s
                 Class     Images  Instances      Box(P          R      mAP50  mAP50-95): 26% ━━━───────── 7/26 3.1it/s 2.0s<6.1s
                 Class     Images  Instances      Box(P          R      mAP50  mAP50-95): 30% ━━━╸──────── 8/26 3.2it/s 2.3s<5.6s
                 Class     Images  Instances      Box(P          R      mAP50  mAP50-95): 34% ━━━━──────── 9/26 3.2it/s 2.6s<5.3s
                 Class     Images  Instances      Box(P          R      mAP50  mAP50-95): 38% ━━━━╸─────── 10/26 3.3it/s 2.9s<4.9s
                 Class     Images  Instances      Box(P          R      mAP50  mAP50-95): 42% ━━━━━─────── 11/26 3.3it/s 3.2s<4.6s
                 Class     Images  Instances      Box(P          R      mAP50  mAP50-95): 46% ━━━━━╸────── 12/26 3.3it/s 3.5s<4.2s
                 Class     Images  Instances      Box(P          R      mAP50  mAP50-95): 50% ━━━━━━────── 13/26 3.3it/s 3.8s<3.9s
                 Class     Images  Instances      Box(P          R      mAP50  mAP50-95): 53% ━━━━━━────── 14/26 3.3it/s 4.1s<3.6s
                 Class     Images  Instances      Box(P          R      mAP50  mAP50-95): 57% ━━━━━━╸───── 15/26 3.3it/s 4.4s<3.3s
                 Class     Images  Instances      Box(P          R      mAP50  mAP50-95): 61% ━━━━━━━───── 16/26 3.3it/s 4.7s<3.0s
                 Class     Images  Instances      Box(P          R      mAP50  mAP50-95): 65% ━━━━━━━╸──── 17/26 3.3it/s 5.0s<2.7s
                 Class     Images  Instances      Box(P          R      mAP50  mAP50-95): 69% ━━━━━━━━──── 18/26 3.3it/s 5.3s<2.4s
                 Class     Images  Instances      Box(P          R      mAP50  mAP50-95): 73% ━━━━━━━━╸─── 19/26 3.3it/s 5.6s<2.1s
                 Class     Images  Instances      Box(P          R      mAP50  mAP50-95): 76% ━━━━━━━━━─── 20/26 3.3it/s 5.9s<1.8s
                 Class     Images  Instances      Box(P          R      mAP50  mAP50-95): 80% ━━━━━━━━━╸── 21/26 3.3it/s 6.2s<1.5s
                 Class     Images  Instances      Box(P          R      mAP50  mAP50-95): 84% ━━━━━━━━━━── 22/26 3.3it/s 6.5s<1.2s
                 Class     Images  Instances      Box(P          R      mAP50  mAP50-95): 88% ━━━━━━━━━━╸─ 23/26 3.3it/s 6.8s<0.9s
                 Class     Images  Instances      Box(P          R      mAP50  mAP50-95): 92% ━━━━━━━━━━━─ 24/26 3.3it/s 7.1s<0.6s
                 Class     Images  Instances      Box(P          R      mAP50  mAP50-95): 96% ━━━━━━━━━━━╸ 25/26 3.3it/s 7.4s<0.3s
                 Class     Images  Instances      Box(P          R      mAP50  mAP50-95): 100% ━━━━━━━━━━━━ 26/26 3.4it/s 7.7s
      Epoch    GPU_mem   box_loss   cls_loss   dfl_loss  Instances       Size
                 Class     Images  Instances      Box(P          R      mAP50  mAP50-95): 3% ──────────── 1/26 1.0it/s 0.3s<24.9s
                 Class     Images  Instances      Box(P          R      mAP50  mAP50-95): 7% ╸─────────── 2/26 1.7it/s 0.6s<14.3s
                 Class     Images  Instances      Box(P          R      mAP50  mAP50-95): 11% ━─────────── 3/26 2.2it/s 0.9s<10.5s
                 Class     Images  Instances      Box(P          R      mAP50  mAP50-95): 15% ━╸────────── 4/26 2.5it/s 1.2s<8.6s
                 Class     Images  Instances      Box(P          R      mAP50  mAP50-95): 19% ━━────────── 5/26 2.8it/s 1.5s<7.5s
                 Class     Images  Instances      Box(P          R      mAP50  mAP50-95): 23% ━━╸───────── 6/26 2.9it/s 1.8s<6.9s
                 Class     Images  Instances      Box(P          R      mAP50  mAP50-95): 26% ━━━───────── 7/26 3.1it/s 2.1s<6.2s
                 Class     Images  Instances      Box(P          R      mAP50  mAP50-95): 30% ━━━╸──────── 8/26 3.2it/s 2.4s<5.7s
                 Class     Images  Instances      Box(P          R      mAP50  mAP50-95): 34% ━━━━──────── 9/26 3.2it/s 2.7s<5.3s
                 Class     Images  Instances      Box(P          R      mAP50  mAP50-95): 38% ━━━━╸─────── 10/26 3.2it/s 3.0s<5.0s
                 Class     Images  Instances      Box(P          R      mAP50  mAP50-95): 42% ━━━━━─────── 11/26 3.3it/s 3.3s<4.6s
                 Class     Images  Instances      Box(P          R      mAP50  mAP50-95): 46% ━━━━━╸────── 12/26 3.3it/s 3.6s<4.2s
                 Class     Images  Instances      Box(P          R      mAP50  mAP50-95): 50% ━━━━━━────── 13/26 3.3it/s 3.9s<3.9s
                 Class     Images  Instances      Box(P          R      mAP50  mAP50-95): 53% ━━━━━━────── 14/26 3.3it/s 4.2s<3.6s
                 Class     Images  Instances      Box(P          R      mAP50  mAP50-95): 57% ━━━━━━╸───── 15/26 3.4it/s 4.5s<3.3s
                 Class     Images  Instances      Box(P          R      mAP50  mAP50-95): 61% ━━━━━━━───── 16/26 3.4it/s 4.8s<2.9s
                 Class     Images  Instances      Box(P          R      mAP50  mAP50-95): 65% ━━━━━━━╸──── 17/26 3.4it/s 5.1s<2.6s
                 Class     Images  Instances      Box(P          R      mAP50  mAP50-95): 69% ━━━━━━━━──── 18/26 3.4it/s 5.4s<2.3s
                 Class     Images  Instances      Box(P          R      mAP50  mAP50-95): 73% ━━━━━━━━╸─── 19/26 3.4it/s 5.6s<2.0s
                 Class     Images  Instances      Box(P          R      mAP50  mAP50-95): 76% ━━━━━━━━━─── 20/26 3.4it/s 5.9s<1.7s
                 Class     Images  Instances      Box(P          R      mAP50  mAP50-95): 80% ━━━━━━━━━╸── 21/26 3.4it/s 6.2s<1.4s
                 Class     Images  Instances      Box(P          R      mAP50  mAP50-95): 84% ━━━━━━━━━━── 22/26 3.5it/s 6.5s<1.2s
                 Class     Images  Instances      Box(P          R      mAP50  mAP50-95): 88% ━━━━━━━━━━╸─ 23/26 3.4it/s 6.8s<0.9s
                 Class     Images  Instances      Box(P          R      mAP50  mAP50-95): 92% ━━━━━━━━━━━─ 24/26 3.4it/s 7.1s<0.6s
                 Class     Images  Instances      Box(P          R      mAP50  mAP50-95): 96% ━━━━━━━━━━━╸ 25/26 3.4it/s 7.4s<0.3s
                 Class     Images  Instances      Box(P          R      mAP50  mAP50-95): 100% ━━━━━━━━━━━━ 26/26 3.4it/s 7.7s
      Epoch    GPU_mem   box_loss   cls_loss   dfl_loss  Instances       Size
                 Class     Images  Instances      Box(P          R      mAP50  mAP50-95): 3% ──────────── 1/26 1.0it/s 0.3s<24.6s
                 Class     Images  Instances      Box(P          R      mAP50  mAP50-95): 7% ╸─────────── 2/26 1.8it/s 0.6s<13.7s
                 Class     Images  Instances      Box(P          R      mAP50  mAP50-95): 11% ━─────────── 3/26 2.3it/s 0.9s<10.1s
                 Class     Images  Instances      Box(P          R      mAP50  mAP50-95): 15% ━╸────────── 4/26 2.6it/s 1.2s<8.3s
                 Class     Images  Instances      Box(P          R      mAP50  mAP50-95): 19% ━━────────── 5/26 2.9it/s 1.4s<7.3s
                 Class     Images  Instances      Box(P          R      mAP50  mAP50-95): 23% ━━╸───────── 6/26 3.1it/s 1.7s<6.6s
                 Class     Images  Instances      Box(P          R      mAP50  mAP50-95): 26% ━━━───────── 7/26 3.1it/s 2.0s<6.1s
                 Class     Images  Instances      Box(P          R      mAP50  mAP50-95): 30% ━━━╸──────── 8/26 3.2it/s 2.3s<5.6s
                 Class     Images  Instances      Box(P          R      mAP50  mAP50-95): 34% ━━━━──────── 9/26 3.2it/s 2.6s<5.3s
                 Class     Images  Instances      Box(P          R      mAP50  mAP50-95): 38% ━━━━╸─────── 10/26 3.3it/s 2.9s<4.9s
                 Class     Images  Instances      Box(P          R      mAP50  mAP50-95): 42% ━━━━━─────── 11/26 3.3it/s 3.2s<4.6s
                 Class     Images  Instances      Box(P          R      mAP50  mAP50-95): 46% ━━━━━╸────── 12/26 3.3it/s 3.5s<4.3s
                 Class     Images  Instances      Box(P          R      mAP50  mAP50-95): 50% ━━━━━━────── 13/26 3.3it/s 3.8s<3.9s
                 Class     Images  Instances      Box(P          R      mAP50  mAP50-95): 53% ━━━━━━────── 14/26 3.3it/s 4.1s<3.6s
                 Class     Images  Instances      Box(P          R      mAP50  mAP50-95): 57% ━━━━━━╸───── 15/26 3.3it/s 4.4s<3.3s
                 Class     Images  Instances      Box(P          R      mAP50  mAP50-95): 61% ━━━━━━━───── 16/26 3.3it/s 4.7s<3.0s
                 Class     Images  Instances      Box(P          R      mAP50  mAP50-95): 65% ━━━━━━━╸──── 17/26 3.3it/s 5.0s<2.7s
                 Class     Images  Instances      Box(P          R      mAP50  mAP50-95): 69% ━━━━━━━━──── 18/26 3.3it/s 5.3s<2.4s
                 Class     Images  Instances      Box(P          R      mAP50  mAP50-95): 73% ━━━━━━━━╸─── 19/26 3.3it/s 5.6s<2.1s
                 Class     Images  Instances      Box(P          R      mAP50  mAP50-95): 76% ━━━━━━━━━─── 20/26 3.3it/s 5.9s<1.8s
                 Class     Images  Instances      Box(P          R      mAP50  mAP50-95): 80% ━━━━━━━━━╸── 21/26 3.3it/s 6.2s<1.5s
                 Class     Images  Instances      Box(P          R      mAP50  mAP50-95): 84% ━━━━━━━━━━── 22/26 3.3it/s 6.5s<1.2s
                 Class     Images  Instances      Box(P          R      mAP50  mAP50-95): 88% ━━━━━━━━━━╸─ 23/26 3.3it/s 6.8s<0.9s
                 Class     Images  Instances      Box(P          R      mAP50  mAP50-95): 92% ━━━━━━━━━━━─ 24/26 3.3it/s 7.1s<0.6s
                 Class     Images  Instances      Box(P          R      mAP50  mAP50-95): 96% ━━━━━━━━━━━╸ 25/26 3.3it/s 7.4s<0.3s
                 Class     Images  Instances      Box(P          R      mAP50  mAP50-95): 100% ━━━━━━━━━━━━ 26/26 3.4it/s 7.7s
      Epoch    GPU_mem   box_loss   cls_loss   dfl_loss  Instances       Size
                 Class     Images  Instances      Box(P          R      mAP50  mAP50-95): 3% ──────────── 1/26 1.0it/s 0.3s<24.3s
                 Class     Images  Instances      Box(P          R      mAP50  mAP50-95): 7% ╸─────────── 2/26 1.8it/s 0.6s<13.6s
                 Class     Images  Instances      Box(P          R      mAP50  mAP50-95): 11% ━─────────── 3/26 2.3it/s 0.9s<10.1s
                 Class     Images  Instances      Box(P          R      mAP50  mAP50-95): 15% ━╸────────── 4/26 2.6it/s 1.2s<8.4s
                 Class     Images  Instances      Box(P          R      mAP50  mAP50-95): 19% ━━────────── 5/26 2.9it/s 1.4s<7.3s
                 Class     Images  Instances      Box(P          R      mAP50  mAP50-95): 23% ━━╸───────── 6/26 3.0it/s 1.7s<6.6s
                 Class     Images  Instances      Box(P          R      mAP50  mAP50-95): 26% ━━━───────── 7/26 3.2it/s 2.0s<6.0s
                 Class     Images  Instances      Box(P          R      mAP50  mAP50-95): 30% ━━━╸──────── 8/26 3.2it/s 2.3s<5.6s
                 Class     Images  Instances      Box(P          R      mAP50  mAP50-95): 34% ━━━━──────── 9/26 3.2it/s 2.6s<5.2s
                 Class     Images  Instances      Box(P          R      mAP50  mAP50-95): 38% ━━━━╸─────── 10/26 3.3it/s 2.9s<4.9s
                 Class     Images  Instances      Box(P          R      mAP50  mAP50-95): 42% ━━━━━─────── 11/26 3.3it/s 3.2s<4.6s
                 Class     Images  Instances      Box(P          R      mAP50  mAP50-95): 46% ━━━━━╸────── 12/26 3.3it/s 3.5s<4.2s
                 Class     Images  Instances      Box(P          R      mAP50  mAP50-95): 50% ━━━━━━────── 13/26 3.3it/s 3.8s<3.9s
                 Class     Images  Instances      Box(P          R      mAP50  mAP50-95): 53% ━━━━━━────── 14/26 3.3it/s 4.1s<3.6s
                 Class     Images  Instances      Box(P          R      mAP50  mAP50-95): 57% ━━━━━━╸───── 15/26 3.3it/s 4.4s<3.3s
                 Class     Images  Instances      Box(P          R      mAP50  mAP50-95): 61% ━━━━━━━───── 16/26 3.3it/s 4.7s<3.0s
                 Class     Images  Instances      Box(P          R      mAP50  mAP50-95): 65% ━━━━━━━╸──── 17/26 3.3it/s 5.0s<2.7s
                 Class     Images  Instances      Box(P          R      mAP50  mAP50-95): 69% ━━━━━━━━──── 18/26 3.3it/s 5.3s<2.4s
                 Class     Images  Instances      Box(P          R      mAP50  mAP50-95): 73% ━━━━━━━━╸─── 19/26 3.3it/s 5.6s<2.1s
                 Class     Images  Instances      Box(P          R      mAP50  mAP50-95): 76% ━━━━━━━━━─── 20/26 3.3it/s 5.9s<1.8s
                 Class     Images  Instances      Box(P          R      mAP50  mAP50-95): 80% ━━━━━━━━━╸── 21/26 3.3it/s 6.2s<1.5s
                 Class     Images  Instances      Box(P          R      mAP50  mAP50-95): 84% ━━━━━━━━━━── 22/26 3.3it/s 6.5s<1.2s
                 Class     Images  Instances      Box(P          R      mAP50  mAP50-95): 88% ━━━━━━━━━━╸─ 23/26 3.3it/s 6.8s<0.9s
                 Class     Images  Instances      Box(P          R      mAP50  mAP50-95): 92% ━━━━━━━━━━━─ 24/26 3.3it/s 7.1s<0.6s
                 Class     Images  Instances      Box(P          R      mAP50  mAP50-95): 96% ━━━━━━━━━━━╸ 25/26 3.3it/s 7.4s<0.3s
                 Class     Images  Instances      Box(P          R      mAP50  mAP50-95): 100% ━━━━━━━━━━━━ 26/26 3.4it/s 7.7s
      Epoch    GPU_mem   box_loss   cls_loss   dfl_loss  Instances       Size
                 Class     Images  Instances      Box(P          R      mAP50  mAP50-95): 3% ──────────── 1/26 1.0s/it 0.3s<25.6s
                 Class     Images  Instances      Box(P          R      mAP50  mAP50-95): 7% ╸─────────── 2/26 1.7it/s 0.6s<13.9s
                 Class     Images  Instances      Box(P          R      mAP50  mAP50-95): 11% ━─────────── 3/26 2.3it/s 0.9s<10.2s
                 Class     Images  Instances      Box(P          R      mAP50  mAP50-95): 15% ━╸────────── 4/26 2.6it/s 1.2s<8.4s
                 Class     Images  Instances      Box(P          R      mAP50  mAP50-95): 19% ━━────────── 5/26 2.9it/s 1.5s<7.3s
                 Class     Images  Instances      Box(P          R      mAP50  mAP50-95): 23% ━━╸───────── 6/26 3.1it/s 1.7s<6.6s
                 Class     Images  Instances      Box(P          R      mAP50  mAP50-95): 26% ━━━───────── 7/26 3.2it/s 2.0s<6.0s
                 Class     Images  Instances      Box(P          R      mAP50  mAP50-95): 30% ━━━╸──────── 8/26 3.2it/s 2.3s<5.6s
                 Class     Images  Instances      Box(P          R      mAP50  mAP50-95): 34% ━━━━──────── 9/26 3.3it/s 2.6s<5.2s
                 Class     Images  Instances      Box(P          R      mAP50  mAP50-95): 38% ━━━━╸─────── 10/26 3.3it/s 2.9s<4.9s
                 Class     Images  Instances      Box(P          R      mAP50  mAP50-95): 42% ━━━━━─────── 11/26 3.3it/s 3.2s<4.5s
                 Class     Images  Instances      Box(P          R      mAP50  mAP50-95): 46% ━━━━━╸────── 12/26 3.3it/s 3.5s<4.2s
                 Class     Images  Instances      Box(P          R      mAP50  mAP50-95): 50% ━━━━━━────── 13/26 3.3it/s 3.8s<3.9s
                 Class     Images  Instances      Box(P          R      mAP50  mAP50-95): 53% ━━━━━━────── 14/26 3.3it/s 4.1s<3.6s
                 Class     Images  Instances      Box(P          R      mAP50  mAP50-95): 57% ━━━━━━╸───── 15/26 3.3it/s 4.4s<3.3s
                 Class     Images  Instances      Box(P          R      mAP50  mAP50-95): 61% ━━━━━━━───── 16/26 3.3it/s 4.7s<3.0s
                 Class     Images  Instances      Box(P          R      mAP50  mAP50-95): 65% ━━━━━━━╸──── 17/26 3.3it/s 5.0s<2.7s
                 Class     Images  Instances      Box(P          R      mAP50  mAP50-95): 69% ━━━━━━━━──── 18/26 3.3it/s 5.3s<2.4s
                 Class     Images  Instances      Box(P          R      mAP50  mAP50-95): 73% ━━━━━━━━╸─── 19/26 3.3it/s 5.6s<2.1s
                 Class     Images  Instances      Box(P          R      mAP50  mAP50-95): 76% ━━━━━━━━━─── 20/26 3.3it/s 5.9s<1.8s
                 Class     Images  Instances      Box(P          R      mAP50  mAP50-95): 80% ━━━━━━━━━╸── 21/26 3.3it/s 6.2s<1.5s
                 Class     Images  Instances      Box(P          R      mAP50  mAP50-95): 84% ━━━━━━━━━━── 22/26 3.3it/s 6.5s<1.2s
                 Class     Images  Instances      Box(P          R      mAP50  mAP50-95): 88% ━━━━━━━━━━╸─ 23/26 3.3it/s 6.8s<0.9s
                 Class     Images  Instances      Box(P          R      mAP50  mAP50-95): 92% ━━━━━━━━━━━─ 24/26 3.3it/s 7.1s<0.6s
                 Class     Images  Instances      Box(P          R      mAP50  mAP50-95): 96% ━━━━━━━━━━━╸ 25/26 3.3it/s 7.4s<0.3s
                 Class     Images  Instances      Box(P          R      mAP50  mAP50-95): 100% ━━━━━━━━━━━━ 26/26 3.4it/s 7.7s
      Epoch    GPU_mem   box_loss   cls_loss   dfl_loss  Instances       Size
                 Class     Images  Instances      Box(P          R      mAP50  mAP50-95): 3% ──────────── 1/26 1.0it/s 0.3s<24.8s
                 Class     Images  Instances      Box(P          R      mAP50  mAP50-95): 7% ╸─────────── 2/26 1.7it/s 0.6s<13.8s
                 Class     Images  Instances      Box(P          R      mAP50  mAP50-95): 11% ━─────────── 3/26 2.2it/s 0.9s<10.3s
                 Class     Images  Instances      Box(P          R      mAP50  mAP50-95): 15% ━╸────────── 4/26 2.6it/s 1.2s<8.4s
                 Class     Images  Instances      Box(P          R      mAP50  mAP50-95): 19% ━━────────── 5/26 2.9it/s 1.5s<7.3s
                 Class     Images  Instances      Box(P          R      mAP50  mAP50-95): 23% ━━╸───────── 6/26 3.0it/s 1.7s<6.6s
                 Class     Images  Instances      Box(P          R      mAP50  mAP50-95): 26% ━━━───────── 7/26 3.2it/s 2.0s<6.0s
                 Class     Images  Instances      Box(P          R      mAP50  mAP50-95): 30% ━━━╸──────── 8/26 3.3it/s 2.3s<5.5s
                 Class     Images  Instances      Box(P          R      mAP50  mAP50-95): 34% ━━━━──────── 9/26 3.3it/s 2.6s<5.1s
                 Class     Images  Instances      Box(P          R      mAP50  mAP50-95): 38% ━━━━╸─────── 10/26 3.4it/s 2.9s<4.8s
                 Class     Images  Instances      Box(P          R      mAP50  mAP50-95): 42% ━━━━━─────── 11/26 3.4it/s 3.2s<4.4s
                 Class     Images  Instances      Box(P          R      mAP50  mAP50-95): 46% ━━━━━╸────── 12/26 3.4it/s 3.5s<4.2s
                 Class     Images  Instances      Box(P          R      mAP50  mAP50-95): 50% ━━━━━━────── 13/26 3.3it/s 3.8s<4.0s
                 Class     Images  Instances      Box(P          R      mAP50  mAP50-95): 53% ━━━━━━────── 14/26 3.3it/s 4.1s<3.6s
                 Class     Images  Instances      Box(P          R      mAP50  mAP50-95): 57% ━━━━━━╸───── 15/26 3.4it/s 4.4s<3.3s
                 Class     Images  Instances      Box(P          R      mAP50  mAP50-95): 61% ━━━━━━━───── 16/26 3.4it/s 4.7s<3.0s
                 Class     Images  Instances      Box(P          R      mAP50  mAP50-95): 65% ━━━━━━━╸──── 17/26 3.4it/s 5.0s<2.7s
                 Class     Images  Instances      Box(P          R      mAP50  mAP50-95): 69% ━━━━━━━━──── 18/26 3.3it/s 5.3s<2.4s
                 Class     Images  Instances      Box(P          R      mAP50  mAP50-95): 73% ━━━━━━━━╸─── 19/26 3.3it/s 5.6s<2.1s
                 Class     Images  Instances      Box(P          R      mAP50  mAP50-95): 76% ━━━━━━━━━─── 20/26 3.3it/s 5.9s<1.8s
                 Class     Images  Instances      Box(P          R      mAP50  mAP50-95): 80% ━━━━━━━━━╸── 21/26 3.3it/s 6.2s<1.5s
                 Class     Images  Instances      Box(P          R      mAP50  mAP50-95): 84% ━━━━━━━━━━── 22/26 3.3it/s 6.5s<1.2s
                 Class     Images  Instances      Box(P          R      mAP50  mAP50-95): 88% ━━━━━━━━━━╸─ 23/26 3.3it/s 6.8s<0.9s
                 Class     Images  Instances      Box(P          R      mAP50  mAP50-95): 92% ━━━━━━━━━━━─ 24/26 3.3it/s 7.1s<0.6s
                 Class     Images  Instances      Box(P          R      mAP50  mAP50-95): 96% ━━━━━━━━━━━╸ 25/26 3.3it/s 7.4s<0.3s
                 Class     Images  Instances      Box(P          R      mAP50  mAP50-95): 100% ━━━━━━━━━━━━ 26/26 3.4it/s 7.7s
      Epoch    GPU_mem   box_loss   cls_loss   dfl_loss  Instances       Size
                 Class     Images  Instances      Box(P          R      mAP50  mAP50-95): 3% ──────────── 1/26 1.0it/s 0.3s<25.0s
                 Class     Images  Instances      Box(P          R      mAP50  mAP50-95): 7% ╸─────────── 2/26 1.7it/s 0.6s<13.8s
                 Class     Images  Instances      Box(P          R      mAP50  mAP50-95): 11% ━─────────── 3/26 2.3it/s 0.9s<10.1s
                 Class     Images  Instances      Box(P          R      mAP50  mAP50-95): 15% ━╸────────── 4/26 2.6it/s 1.2s<8.4s
                 Class     Images  Instances      Box(P          R      mAP50  mAP50-95): 19% ━━────────── 5/26 2.9it/s 1.5s<7.3s
                 Class     Images  Instances      Box(P          R      mAP50  mAP50-95): 23% ━━╸───────── 6/26 3.1it/s 1.7s<6.5s
                 Class     Images  Instances      Box(P          R      mAP50  mAP50-95): 26% ━━━───────── 7/26 3.2it/s 2.0s<6.0s
                 Class     Images  Instances      Box(P          R      mAP50  mAP50-95): 30% ━━━╸──────── 8/26 3.3it/s 2.3s<5.5s
                 Class     Images  Instances      Box(P          R      mAP50  mAP50-95): 34% ━━━━──────── 9/26 3.3it/s 2.6s<5.1s
                 Class     Images  Instances      Box(P          R      mAP50  mAP50-95): 38% ━━━━╸─────── 10/26 3.3it/s 2.9s<4.8s
                 Class     Images  Instances      Box(P          R      mAP50  mAP50-95): 42% ━━━━━─────── 11/26 3.3it/s 3.2s<4.5s
                 Class     Images  Instances      Box(P          R      mAP50  mAP50-95): 46% ━━━━━╸────── 12/26 3.0it/s 3.6s<4.6s
                 Class     Images  Instances      Box(P          R      mAP50  mAP50-95): 50% ━━━━━━────── 13/26 3.2it/s 3.9s<4.1s
                 Class     Images  Instances      Box(P          R      mAP50  mAP50-95): 53% ━━━━━━────── 14/26 3.3it/s 4.2s<3.7s
                 Class     Images  Instances      Box(P          R      mAP50  mAP50-95): 57% ━━━━━━╸───── 15/26 3.3it/s 4.5s<3.3s
                 Class     Images  Instances      Box(P          R      mAP50  mAP50-95): 61% ━━━━━━━───── 16/26 3.3it/s 4.8s<3.0s
                 Class     Images  Instances      Box(P          R      mAP50  mAP50-95): 65% ━━━━━━━╸──── 17/26 3.3it/s 5.1s<2.7s
                 Class     Images  Instances      Box(P          R      mAP50  mAP50-95): 69% ━━━━━━━━──── 18/26 3.3it/s 5.4s<2.4s
                 Class     Images  Instances      Box(P          R      mAP50  mAP50-95): 73% ━━━━━━━━╸─── 19/26 3.3it/s 5.7s<2.1s
                 Class     Images  Instances      Box(P          R      mAP50  mAP50-95): 76% ━━━━━━━━━─── 20/26 3.1it/s 6.1s<1.9s
                 Class     Images  Instances      Box(P          R      mAP50  mAP50-95): 80% ━━━━━━━━━╸── 21/26 3.2it/s 6.4s<1.5s
                 Class     Images  Instances      Box(P          R      mAP50  mAP50-95): 84% ━━━━━━━━━━── 22/26 3.3it/s 6.6s<1.2s
                 Class     Images  Instances      Box(P          R      mAP50  mAP50-95): 88% ━━━━━━━━━━╸─ 23/26 3.4it/s 6.9s<0.9s
                 Class     Images  Instances      Box(P          R      mAP50  mAP50-95): 92% ━━━━━━━━━━━─ 24/26 3.4it/s 7.2s<0.6s
                 Class     Images  Instances      Box(P          R      mAP50  mAP50-95): 96% ━━━━━━━━━━━╸ 25/26 3.4it/s 7.5s<0.3s
                 Class     Images  Instances      Box(P          R      mAP50  mAP50-95): 100% ━━━━━━━━━━━━ 26/26 3.3it/s 7.8s
      Epoch    GPU_mem   box_loss   cls_loss   dfl_loss  Instances       Size
                 Class     Images  Instances      Box(P          R      mAP50  mAP50-95): 3% ──────────── 1/26 1.0s/it 0.3s<25.0s
                 Class     Images  Instances      Box(P          R      mAP50  mAP50-95): 7% ╸─────────── 2/26 1.7it/s 0.6s<13.9s
                 Class     Images  Instances      Box(P          R      mAP50  mAP50-95): 11% ━─────────── 3/26 2.2it/s 0.9s<10.5s
                 Class     Images  Instances      Box(P          R      mAP50  mAP50-95): 15% ━╸────────── 4/26 2.6it/s 1.2s<8.6s
                 Class     Images  Instances      Box(P          R      mAP50  mAP50-95): 19% ━━────────── 5/26 2.8it/s 1.5s<7.6s
                 Class     Images  Instances      Box(P          R      mAP50  mAP50-95): 23% ━━╸───────── 6/26 3.0it/s 1.8s<6.8s
                 Class     Images  Instances      Box(P          R      mAP50  mAP50-95): 26% ━━━───────── 7/26 3.1it/s 2.1s<6.2s
                 Class     Images  Instances      Box(P          R      mAP50  mAP50-95): 30% ━━━╸──────── 8/26 3.1it/s 2.4s<5.7s
                 Class     Images  Instances      Box(P          R      mAP50  mAP50-95): 34% ━━━━──────── 9/26 3.2it/s 2.7s<5.3s
                 Class     Images  Instances      Box(P          R      mAP50  mAP50-95): 38% ━━━━╸─────── 10/26 3.2it/s 3.0s<4.9s
                 Class     Images  Instances      Box(P          R      mAP50  mAP50-95): 42% ━━━━━─────── 11/26 3.3it/s 3.3s<4.6s
                 Class     Images  Instances      Box(P          R      mAP50  mAP50-95): 46% ━━━━━╸────── 12/26 3.3it/s 3.6s<4.3s
                 Class     Images  Instances      Box(P          R      mAP50  mAP50-95): 50% ━━━━━━────── 13/26 3.3it/s 3.9s<4.0s
                 Class     Images  Instances      Box(P          R      mAP50  mAP50-95): 53% ━━━━━━────── 14/26 3.3it/s 4.2s<3.6s
                 Class     Images  Instances      Box(P          R      mAP50  mAP50-95): 57% ━━━━━━╸───── 15/26 3.3it/s 4.5s<3.3s
                 Class     Images  Instances      Box(P          R      mAP50  mAP50-95): 61% ━━━━━━━───── 16/26 3.3it/s 4.8s<3.0s
                 Class     Images  Instances      Box(P          R      mAP50  mAP50-95): 65% ━━━━━━━╸──── 17/26 3.3it/s 5.1s<2.7s
                 Class     Images  Instances      Box(P          R      mAP50  mAP50-95): 69% ━━━━━━━━──── 18/26 3.3it/s 5.4s<2.4s
                 Class     Images  Instances      Box(P          R      mAP50  mAP50-95): 73% ━━━━━━━━╸─── 19/26 3.3it/s 5.7s<2.1s
                 Class     Images  Instances      Box(P          R      mAP50  mAP50-95): 76% ━━━━━━━━━─── 20/26 3.3it/s 6.0s<1.8s
                 Class     Images  Instances      Box(P          R      mAP50  mAP50-95): 80% ━━━━━━━━━╸── 21/26 3.3it/s 6.3s<1.5s
                 Class     Images  Instances      Box(P          R      mAP50  mAP50-95): 84% ━━━━━━━━━━── 22/26 3.3it/s 6.6s<1.2s
                 Class     Images  Instances      Box(P          R      mAP50  mAP50-95): 88% ━━━━━━━━━━╸─ 23/26 3.3it/s 6.9s<0.9s
                 Class     Images  Instances      Box(P          R      mAP50  mAP50-95): 92% ━━━━━━━━━━━─ 24/26 3.3it/s 7.2s<0.6s
                 Class     Images  Instances      Box(P          R      mAP50  mAP50-95): 96% ━━━━━━━━━━━╸ 25/26 3.3it/s 7.5s<0.3s
                 Class     Images  Instances      Box(P          R      mAP50  mAP50-95): 100% ━━━━━━━━━━━━ 26/26 3.3it/s 7.8s
      Epoch    GPU_mem   box_loss   cls_loss   dfl_loss  Instances       Size
                 Class     Images  Instances      Box(P          R      mAP50  mAP50-95): 3% ──────────── 1/26 1.0s/it 0.3s<25.5s
                 Class     Images  Instances      Box(P          R      mAP50  mAP50-95): 7% ╸─────────── 2/26 1.7it/s 0.6s<13.9s
                 Class     Images  Instances      Box(P          R      mAP50  mAP50-95): 11% ━─────────── 3/26 2.2it/s 0.9s<10.2s
                 Class     Images  Instances      Box(P          R      mAP50  mAP50-95): 15% ━╸────────── 4/26 2.6it/s 1.2s<8.4s
                 Class     Images  Instances      Box(P          R      mAP50  mAP50-95): 19% ━━────────── 5/26 2.9it/s 1.5s<7.3s
                 Class     Images  Instances      Box(P          R      mAP50  mAP50-95): 23% ━━╸───────── 6/26 3.1it/s 1.7s<6.5s
                 Class     Images  Instances      Box(P          R      mAP50  mAP50-95): 26% ━━━───────── 7/26 3.2it/s 2.0s<6.0s
                 Class     Images  Instances      Box(P          R      mAP50  mAP50-95): 30% ━━━╸──────── 8/26 3.3it/s 2.3s<5.5s
                 Class     Images  Instances      Box(P          R      mAP50  mAP50-95): 34% ━━━━──────── 9/26 3.3it/s 2.6s<5.1s
                 Class     Images  Instances      Box(P          R      mAP50  mAP50-95): 38% ━━━━╸─────── 10/26 3.3it/s 2.9s<4.8s
                 Class     Images  Instances      Box(P          R      mAP50  mAP50-95): 42% ━━━━━─────── 11/26 3.3it/s 3.2s<4.5s
                 Class     Images  Instances      Box(P          R      mAP50  mAP50-95): 46% ━━━━━╸────── 12/26 3.3it/s 3.5s<4.2s
                 Class     Images  Instances      Box(P          R      mAP50  mAP50-95): 50% ━━━━━━────── 13/26 3.3it/s 3.8s<3.9s
                 Class     Images  Instances      Box(P          R      mAP50  mAP50-95): 53% ━━━━━━────── 14/26 3.3it/s 4.1s<3.6s
                 Class     Images  Instances      Box(P          R      mAP50  mAP50-95): 57% ━━━━━━╸───── 15/26 3.3it/s 4.4s<3.3s
                 Class     Images  Instances      Box(P          R      mAP50  mAP50-95): 61% ━━━━━━━───── 16/26 3.3it/s 4.7s<3.0s
                 Class     Images  Instances      Box(P          R      mAP50  mAP50-95): 65% ━━━━━━━╸──── 17/26 3.3it/s 5.0s<2.7s
                 Class     Images  Instances      Box(P          R      mAP50  mAP50-95): 69% ━━━━━━━━──── 18/26 3.3it/s 5.3s<2.4s
                 Class     Images  Instances      Box(P          R      mAP50  mAP50-95): 73% ━━━━━━━━╸─── 19/26 3.3it/s 5.6s<2.1s
                 Class     Images  Instances      Box(P          R      mAP50  mAP50-95): 76% ━━━━━━━━━─── 20/26 3.3it/s 5.9s<1.8s
                 Class     Images  Instances      Box(P          R      mAP50  mAP50-95): 80% ━━━━━━━━━╸── 21/26 3.3it/s 6.2s<1.5s
                 Class     Images  Instances      Box(P          R      mAP50  mAP50-95): 84% ━━━━━━━━━━── 22/26 3.3it/s 6.5s<1.2s
                 Class     Images  Instances      Box(P          R      mAP50  mAP50-95): 88% ━━━━━━━━━━╸─ 23/26 3.3it/s 6.8s<0.9s
                 Class     Images  Instances      Box(P          R      mAP50  mAP50-95): 92% ━━━━━━━━━━━─ 24/26 3.3it/s 7.1s<0.6s
                 Class     Images  Instances      Box(P          R      mAP50  mAP50-95): 96% ━━━━━━━━━━━╸ 25/26 3.3it/s 7.4s<0.3s
                 Class     Images  Instances      Box(P          R      mAP50  mAP50-95): 100% ━━━━━━━━━━━━ 26/26 3.4it/s 7.7s
      Epoch    GPU_mem   box_loss   cls_loss   dfl_loss  Instances       Size
                 Class     Images  Instances      Box(P          R      mAP50  mAP50-95): 3% ──────────── 1/26 1.0s/it 0.3s<25.1s
                 Class     Images  Instances      Box(P          R      mAP50  mAP50-95): 7% ╸─────────── 2/26 1.7it/s 0.6s<13.8s
                 Class     Images  Instances      Box(P          R      mAP50  mAP50-95): 11% ━─────────── 3/26 2.3it/s 0.9s<10.2s
                 Class     Images  Instances      Box(P          R      mAP50  mAP50-95): 15% ━╸────────── 4/26 2.6it/s 1.2s<8.4s
                 Class     Images  Instances      Box(P          R      mAP50  mAP50-95): 19% ━━────────── 5/26 2.9it/s 1.5s<7.3s
                 Class     Images  Instances      Box(P          R      mAP50  mAP50-95): 23% ━━╸───────── 6/26 3.0it/s 1.7s<6.6s
                 Class     Images  Instances      Box(P          R      mAP50  mAP50-95): 26% ━━━───────── 7/26 3.1it/s 2.1s<6.1s
                 Class     Images  Instances      Box(P          R      mAP50  mAP50-95): 30% ━━━╸──────── 8/26 3.2it/s 2.4s<5.7s
                 Class     Images  Instances      Box(P          R      mAP50  mAP50-95): 34% ━━━━──────── 9/26 3.2it/s 2.6s<5.3s
                 Class     Images  Instances      Box(P          R      mAP50  mAP50-95): 38% ━━━━╸─────── 10/26 3.3it/s 3.0s<4.9s
                 Class     Images  Instances      Box(P          R      mAP50  mAP50-95): 42% ━━━━━─────── 11/26 3.3it/s 3.3s<4.6s
                 Class     Images  Instances      Box(P          R      mAP50  mAP50-95): 46% ━━━━━╸────── 12/26 3.3it/s 3.6s<4.3s
                 Class     Images  Instances      Box(P          R      mAP50  mAP50-95): 50% ━━━━━━────── 13/26 3.3it/s 3.8s<3.9s
                 Class     Images  Instances      Box(P          R      mAP50  mAP50-95): 53% ━━━━━━────── 14/26 3.3it/s 4.1s<3.6s
                 Class     Images  Instances      Box(P          R      mAP50  mAP50-95): 57% ━━━━━━╸───── 15/26 3.3it/s 4.5s<3.3s
                 Class     Images  Instances      Box(P          R      mAP50  mAP50-95): 61% ━━━━━━━───── 16/26 3.3it/s 4.8s<3.0s
                 Class     Images  Instances      Box(P          R      mAP50  mAP50-95): 65% ━━━━━━━╸──── 17/26 3.3it/s 5.1s<2.7s
                 Class     Images  Instances      Box(P          R      mAP50  mAP50-95): 69% ━━━━━━━━──── 18/26 3.3it/s 5.4s<2.4s
                 Class     Images  Instances      Box(P          R      mAP50  mAP50-95): 73% ━━━━━━━━╸─── 19/26 3.3it/s 5.6s<2.1s
                 Class     Images  Instances      Box(P          R      mAP50  mAP50-95): 76% ━━━━━━━━━─── 20/26 3.3it/s 6.0s<1.8s
                 Class     Images  Instances      Box(P          R      mAP50  mAP50-95): 80% ━━━━━━━━━╸── 21/26 3.3it/s 6.3s<1.5s
                 Class     Images  Instances      Box(P          R      mAP50  mAP50-95): 84% ━━━━━━━━━━── 22/26 3.3it/s 6.5s<1.2s
                 Class     Images  Instances      Box(P          R      mAP50  mAP50-95): 88% ━━━━━━━━━━╸─ 23/26 3.3it/s 6.8s<0.9s
                 Class     Images  Instances      Box(P          R      mAP50  mAP50-95): 92% ━━━━━━━━━━━─ 24/26 3.3it/s 7.1s<0.6s
                 Class     Images  Instances      Box(P          R      mAP50  mAP50-95): 96% ━━━━━━━━━━━╸ 25/26 3.3it/s 7.4s<0.3s
                 Class     Images  Instances      Box(P          R      mAP50  mAP50-95): 100% ━━━━━━━━━━━━ 26/26 3.4it/s 7.7s
      Epoch    GPU_mem   box_loss   cls_loss   dfl_loss  Instances       Size
                 Class     Images  Instances      Box(P          R      mAP50  mAP50-95): 3% ──────────── 1/26 1.0s/it 0.3s<25.6s
                 Class     Images  Instances      Box(P          R      mAP50  mAP50-95): 7% ╸─────────── 2/26 1.7it/s 0.6s<14.1s
                 Class     Images  Instances      Box(P          R      mAP50  mAP50-95): 11% ━─────────── 3/26 2.2it/s 0.9s<10.3s
                 Class     Images  Instances      Box(P          R      mAP50  mAP50-95): 15% ━╸────────── 4/26 2.6it/s 1.2s<8.4s
                 Class     Images  Instances      Box(P          R      mAP50  mAP50-95): 19% ━━────────── 5/26 2.9it/s 1.5s<7.3s
                 Class     Images  Instances      Box(P          R      mAP50  mAP50-95): 23% ━━╸───────── 6/26 3.0it/s 1.8s<6.6s
                 Class     Images  Instances      Box(P          R      mAP50  mAP50-95): 26% ━━━───────── 7/26 3.2it/s 2.0s<6.0s
                 Class     Images  Instances      Box(P          R      mAP50  mAP50-95): 30% ━━━╸──────── 8/26 3.2it/s 2.3s<5.6s
                 Class     Images  Instances      Box(P          R      mAP50  mAP50-95): 34% ━━━━──────── 9/26 3.2it/s 2.6s<5.2s
                 Class     Images  Instances      Box(P          R      mAP50  mAP50-95): 38% ━━━━╸─────── 10/26 3.3it/s 3.0s<4.9s
                 Class     Images  Instances      Box(P          R      mAP50  mAP50-95): 42% ━━━━━─────── 11/26 3.3it/s 3.2s<4.5s
                 Class     Images  Instances      Box(P          R      mAP50  mAP50-95): 46% ━━━━━╸────── 12/26 3.3it/s 3.5s<4.2s
                 Class     Images  Instances      Box(P          R      mAP50  mAP50-95): 50% ━━━━━━────── 13/26 3.3it/s 3.8s<3.9s
                 Class     Images  Instances      Box(P          R      mAP50  mAP50-95): 53% ━━━━━━────── 14/26 3.3it/s 4.1s<3.6s
                 Class     Images  Instances      Box(P          R      mAP50  mAP50-95): 57% ━━━━━━╸───── 15/26 3.3it/s 4.4s<3.3s
                 Class     Images  Instances      Box(P          R      mAP50  mAP50-95): 61% ━━━━━━━───── 16/26 3.3it/s 4.8s<3.0s
                 Class     Images  Instances      Box(P          R      mAP50  mAP50-95): 65% ━━━━━━━╸──── 17/26 3.3it/s 5.0s<2.7s
                 Class     Images  Instances      Box(P          R      mAP50  mAP50-95): 69% ━━━━━━━━──── 18/26 3.3it/s 5.3s<2.4s
                 Class     Images  Instances      Box(P          R      mAP50  mAP50-95): 73% ━━━━━━━━╸─── 19/26 3.3it/s 5.6s<2.1s
                 Class     Images  Instances      Box(P          R      mAP50  mAP50-95): 76% ━━━━━━━━━─── 20/26 3.3it/s 5.9s<1.8s
                 Class     Images  Instances      Box(P          R      mAP50  mAP50-95): 80% ━━━━━━━━━╸── 21/26 3.3it/s 6.2s<1.5s
                 Class     Images  Instances      Box(P          R      mAP50  mAP50-95): 84% ━━━━━━━━━━── 22/26 3.3it/s 6.5s<1.2s
                 Class     Images  Instances      Box(P          R      mAP50  mAP50-95): 88% ━━━━━━━━━━╸─ 23/26 3.2it/s 6.9s<0.9s
                 Class     Images  Instances      Box(P          R      mAP50  mAP50-95): 92% ━━━━━━━━━━━─ 24/26 3.3it/s 7.2s<0.6s
                 Class     Images  Instances      Box(P          R      mAP50  mAP50-95): 96% ━━━━━━━━━━━╸ 25/26 3.4it/s 7.5s<0.3s
                 Class     Images  Instances      Box(P          R      mAP50  mAP50-95): 100% ━━━━━━━━━━━━ 26/26 3.4it/s 7.8s
      Epoch    GPU_mem   box_loss   cls_loss   dfl_loss  Instances       Size
                 Class     Images  Instances      Box(P          R      mAP50  mAP50-95): 3% ──────────── 1/26 1.0s/it 0.3s<25.1s
                 Class     Images  Instances      Box(P          R      mAP50  mAP50-95): 7% ╸─────────── 2/26 1.7it/s 0.6s<13.8s
                 Class     Images  Instances      Box(P          R      mAP50  mAP50-95): 11% ━─────────── 3/26 2.3it/s 0.9s<10.1s
                 Class     Images  Instances      Box(P          R      mAP50  mAP50-95): 15% ━╸────────── 4/26 2.6it/s 1.2s<8.3s
                 Class     Images  Instances      Box(P          R      mAP50  mAP50-95): 19% ━━────────── 5/26 2.9it/s 1.4s<7.3s
                 Class     Images  Instances      Box(P          R      mAP50  mAP50-95): 23% ━━╸───────── 6/26 3.0it/s 1.7s<6.6s
                 Class     Images  Instances      Box(P          R      mAP50  mAP50-95): 26% ━━━───────── 7/26 3.1it/s 2.0s<6.1s
                 Class     Images  Instances      Box(P          R      mAP50  mAP50-95): 30% ━━━╸──────── 8/26 3.2it/s 2.4s<5.7s
                 Class     Images  Instances      Box(P          R      mAP50  mAP50-95): 34% ━━━━──────── 9/26 3.2it/s 2.6s<5.3s
                 Class     Images  Instances      Box(P          R      mAP50  mAP50-95): 38% ━━━━╸─────── 10/26 3.3it/s 2.9s<4.9s
                 Class     Images  Instances      Box(P          R      mAP50  mAP50-95): 42% ━━━━━─────── 11/26 3.3it/s 3.2s<4.6s
                 Class     Images  Instances      Box(P          R      mAP50  mAP50-95): 46% ━━━━━╸────── 12/26 3.3it/s 3.5s<4.2s
                 Class     Images  Instances      Box(P          R      mAP50  mAP50-95): 50% ━━━━━━────── 13/26 3.3it/s 3.9s<3.9s
                 Class     Images  Instances      Box(P          R      mAP50  mAP50-95): 53% ━━━━━━────── 14/26 3.3it/s 4.1s<3.6s
                 Class     Images  Instances      Box(P          R      mAP50  mAP50-95): 57% ━━━━━━╸───── 15/26 3.3it/s 4.4s<3.3s
                 Class     Images  Instances      Box(P          R      mAP50  mAP50-95): 61% ━━━━━━━───── 16/26 3.3it/s 4.7s<3.0s
                 Class     Images  Instances      Box(P          R      mAP50  mAP50-95): 65% ━━━━━━━╸──── 17/26 3.3it/s 5.0s<2.7s
                 Class     Images  Instances      Box(P          R      mAP50  mAP50-95): 69% ━━━━━━━━──── 18/26 3.3it/s 5.3s<2.4s
                 Class     Images  Instances      Box(P          R      mAP50  mAP50-95): 73% ━━━━━━━━╸─── 19/26 3.3it/s 5.7s<2.1s
                 Class     Images  Instances      Box(P          R      mAP50  mAP50-95): 76% ━━━━━━━━━─── 20/26 3.3it/s 5.9s<1.8s
                 Class     Images  Instances      Box(P          R      mAP50  mAP50-95): 80% ━━━━━━━━━╸── 21/26 3.3it/s 6.2s<1.5s
                 Class     Images  Instances      Box(P          R      mAP50  mAP50-95): 84% ━━━━━━━━━━── 22/26 3.3it/s 6.5s<1.2s
                 Class     Images  Instances      Box(P          R      mAP50  mAP50-95): 88% ━━━━━━━━━━╸─ 23/26 3.3it/s 6.8s<0.9s
                 Class     Images  Instances      Box(P          R      mAP50  mAP50-95): 92% ━━━━━━━━━━━─ 24/26 3.3it/s 7.1s<0.6s
                 Class     Images  Instances      Box(P          R      mAP50  mAP50-95): 96% ━━━━━━━━━━━╸ 25/26 3.3it/s 7.4s<0.3s
                 Class     Images  Instances      Box(P          R      mAP50  mAP50-95): 100% ━━━━━━━━━━━━ 26/26 3.4it/s 7.7s
      Epoch    GPU_mem   box_loss   cls_loss   dfl_loss  Instances       Size
                 Class     Images  Instances      Box(P          R      mAP50  mAP50-95): 3% ──────────── 1/26 1.0it/s 0.3s<24.5s
                 Class     Images  Instances      Box(P          R      mAP50  mAP50-95): 7% ╸─────────── 2/26 1.8it/s 0.6s<13.7s
                 Class     Images  Instances      Box(P          R      mAP50  mAP50-95): 11% ━─────────── 3/26 2.3it/s 0.9s<10.1s
                 Class     Images  Instances      Box(P          R      mAP50  mAP50-95): 15% ━╸────────── 4/26 2.6it/s 1.2s<8.5s
                 Class     Images  Instances      Box(P          R      mAP50  mAP50-95): 19% ━━────────── 5/26 2.9it/s 1.5s<7.3s
                 Class     Images  Instances      Box(P          R      mAP50  mAP50-95): 23% ━━╸───────── 6/26 3.0it/s 1.7s<6.6s
                 Class     Images  Instances      Box(P          R      mAP50  mAP50-95): 26% ━━━───────── 7/26 3.2it/s 2.0s<6.0s
                 Class     Images  Instances      Box(P          R      mAP50  mAP50-95): 30% ━━━╸──────── 8/26 3.2it/s 2.3s<5.6s
                 Class     Images  Instances      Box(P          R      mAP50  mAP50-95): 34% ━━━━──────── 9/26 3.3it/s 2.6s<5.1s
                 Class     Images  Instances      Box(P          R      mAP50  mAP50-95): 38% ━━━━╸─────── 10/26 3.4it/s 2.9s<4.8s
                 Class     Images  Instances      Box(P          R      mAP50  mAP50-95): 42% ━━━━━─────── 11/26 3.4it/s 3.2s<4.4s
                 Class     Images  Instances      Box(P          R      mAP50  mAP50-95): 46% ━━━━━╸────── 12/26 3.4it/s 3.5s<4.1s
                 Class     Images  Instances      Box(P          R      mAP50  mAP50-95): 50% ━━━━━━────── 13/26 3.4it/s 3.8s<3.8s
                 Class     Images  Instances      Box(P          R      mAP50  mAP50-95): 53% ━━━━━━────── 14/26 3.4it/s 4.1s<3.5s
                 Class     Images  Instances      Box(P          R      mAP50  mAP50-95): 57% ━━━━━━╸───── 15/26 3.4it/s 4.4s<3.2s
                 Class     Images  Instances      Box(P          R      mAP50  mAP50-95): 61% ━━━━━━━───── 16/26 3.2it/s 4.7s<3.1s
                 Class     Images  Instances      Box(P          R      mAP50  mAP50-95): 65% ━━━━━━━╸──── 17/26 3.3it/s 5.0s<2.7s
                 Class     Images  Instances      Box(P          R      mAP50  mAP50-95): 69% ━━━━━━━━──── 18/26 3.3it/s 5.3s<2.4s
                 Class     Images  Instances      Box(P          R      mAP50  mAP50-95): 73% ━━━━━━━━╸─── 19/26 3.4it/s 5.6s<2.1s
                 Class     Images  Instances      Box(P          R      mAP50  mAP50-95): 76% ━━━━━━━━━─── 20/26 3.4it/s 5.9s<1.8s
                 Class     Images  Instances      Box(P          R      mAP50  mAP50-95): 80% ━━━━━━━━━╸── 21/26 3.4it/s 6.2s<1.5s
                 Class     Images  Instances      Box(P          R      mAP50  mAP50-95): 84% ━━━━━━━━━━── 22/26 3.4it/s 6.5s<1.2s
                 Class     Images  Instances      Box(P          R      mAP50  mAP50-95): 88% ━━━━━━━━━━╸─ 23/26 3.4it/s 6.8s<0.9s
                 Class     Images  Instances      Box(P          R      mAP50  mAP50-95): 92% ━━━━━━━━━━━─ 24/26 3.3it/s 7.1s<0.6s
                 Class     Images  Instances      Box(P          R      mAP50  mAP50-95): 96% ━━━━━━━━━━━╸ 25/26 3.3it/s 7.4s<0.3s
                 Class     Images  Instances      Box(P          R      mAP50  mAP50-95): 100% ━━━━━━━━━━━━ 26/26 3.4it/s 7.7s
      Epoch    GPU_mem   box_loss   cls_loss   dfl_loss  Instances       Size
                 Class     Images  Instances      Box(P          R      mAP50  mAP50-95): 3% ──────────── 1/26 1.0it/s 0.3s<24.6s
                 Class     Images  Instances      Box(P          R      mAP50  mAP50-95): 7% ╸─────────── 2/26 1.8it/s 0.6s<13.7s
                 Class     Images  Instances      Box(P          R      mAP50  mAP50-95): 11% ━─────────── 3/26 2.3it/s 0.9s<10.1s
                 Class     Images  Instances      Box(P          R      mAP50  mAP50-95): 15% ━╸────────── 4/26 2.6it/s 1.2s<8.3s
                 Class     Images  Instances      Box(P          R      mAP50  mAP50-95): 19% ━━────────── 5/26 2.9it/s 1.4s<7.3s
                 Class     Images  Instances      Box(P          R      mAP50  mAP50-95): 23% ━━╸───────── 6/26 3.1it/s 1.7s<6.5s
                 Class     Images  Instances      Box(P          R      mAP50  mAP50-95): 26% ━━━───────── 7/26 3.2it/s 2.0s<6.0s
                 Class     Images  Instances      Box(P          R      mAP50  mAP50-95): 30% ━━━╸──────── 8/26 3.3it/s 2.3s<5.5s
                 Class     Images  Instances      Box(P          R      mAP50  mAP50-95): 34% ━━━━──────── 9/26 3.3it/s 2.6s<5.1s
                 Class     Images  Instances      Box(P          R      mAP50  mAP50-95): 38% ━━━━╸─────── 10/26 3.3it/s 2.9s<4.8s
                 Class     Images  Instances      Box(P          R      mAP50  mAP50-95): 42% ━━━━━─────── 11/26 3.3it/s 3.2s<4.5s
                 Class     Images  Instances      Box(P          R      mAP50  mAP50-95): 46% ━━━━━╸────── 12/26 3.3it/s 3.5s<4.2s
                 Class     Images  Instances      Box(P          R      mAP50  mAP50-95): 50% ━━━━━━────── 13/26 3.3it/s 3.8s<3.9s
                 Class     Images  Instances      Box(P          R      mAP50  mAP50-95): 53% ━━━━━━────── 14/26 3.3it/s 4.1s<3.6s
                 Class     Images  Instances      Box(P          R      mAP50  mAP50-95): 57% ━━━━━━╸───── 15/26 3.3it/s 4.4s<3.3s
                 Class     Images  Instances      Box(P          R      mAP50  mAP50-95): 61% ━━━━━━━───── 16/26 3.3it/s 4.7s<3.0s
                 Class     Images  Instances      Box(P          R      mAP50  mAP50-95): 65% ━━━━━━━╸──── 17/26 3.3it/s 5.0s<2.7s
                 Class     Images  Instances      Box(P          R      mAP50  mAP50-95): 69% ━━━━━━━━──── 18/26 3.3it/s 5.3s<2.4s
                 Class     Images  Instances      Box(P          R      mAP50  mAP50-95): 73% ━━━━━━━━╸─── 19/26 3.3it/s 5.6s<2.1s
                 Class     Images  Instances      Box(P          R      mAP50  mAP50-95): 76% ━━━━━━━━━─── 20/26 3.3it/s 5.9s<1.8s
                 Class     Images  Instances      Box(P          R      mAP50  mAP50-95): 80% ━━━━━━━━━╸── 21/26 3.4it/s 6.2s<1.5s
                 Class     Images  Instances      Box(P          R      mAP50  mAP50-95): 84% ━━━━━━━━━━── 22/26 3.4it/s 6.5s<1.2s
                 Class     Images  Instances      Box(P          R      mAP50  mAP50-95): 88% ━━━━━━━━━━╸─ 23/26 3.4it/s 6.8s<0.9s
                 Class     Images  Instances      Box(P          R      mAP50  mAP50-95): 92% ━━━━━━━━━━━─ 24/26 3.5it/s 7.0s<0.6s
                 Class     Images  Instances      Box(P          R      mAP50  mAP50-95): 96% ━━━━━━━━━━━╸ 25/26 3.5it/s 7.3s<0.3s
                 Class     Images  Instances      Box(P          R      mAP50  mAP50-95): 100% ━━━━━━━━━━━━ 26/26 3.4it/s 7.6s
Closing dataloader mosaic
      Epoch    GPU_mem   box_loss   cls_loss   dfl_loss  Instances       Size
                 Class     Images  Instances      Box(P          R      mAP50  mAP50-95): 3% ──────────── 1/26 1.0it/s 0.3s<24.0s
                 Class     Images  Instances      Box(P          R      mAP50  mAP50-95): 7% ╸─────────── 2/26 1.8it/s 0.6s<13.5s
                 Class     Images  Instances      Box(P          R      mAP50  mAP50-95): 11% ━─────────── 3/26 2.3it/s 0.9s<10.0s
                 Class     Images  Instances      Box(P          R      mAP50  mAP50-95): 15% ━╸────────── 4/26 2.6it/s 1.1s<8.3s
                 Class     Images  Instances      Box(P          R      mAP50  mAP50-95): 19% ━━────────── 5/26 2.9it/s 1.4s<7.3s
                 Class     Images  Instances      Box(P          R      mAP50  mAP50-95): 23% ━━╸───────── 6/26 3.1it/s 1.7s<6.5s
                 Class     Images  Instances      Box(P          R      mAP50  mAP50-95): 26% ━━━───────── 7/26 3.1it/s 2.0s<6.0s
                 Class     Images  Instances      Box(P          R      mAP50  mAP50-95): 30% ━━━╸──────── 8/26 3.2it/s 2.3s<5.6s
                 Class     Images  Instances      Box(P          R      mAP50  mAP50-95): 34% ━━━━──────── 9/26 3.2it/s 2.6s<5.2s
                 Class     Images  Instances      Box(P          R      mAP50  mAP50-95): 38% ━━━━╸─────── 10/26 3.3it/s 2.9s<4.9s
                 Class     Images  Instances      Box(P          R      mAP50  mAP50-95): 42% ━━━━━─────── 11/26 3.3it/s 3.2s<4.6s
                 Class     Images  Instances      Box(P          R      mAP50  mAP50-95): 46% ━━━━━╸────── 12/26 3.3it/s 3.5s<4.2s
                 Class     Images  Instances      Box(P          R      mAP50  mAP50-95): 50% ━━━━━━────── 13/26 3.3it/s 3.8s<3.9s
                 Class     Images  Instances      Box(P          R      mAP50  mAP50-95): 53% ━━━━━━────── 14/26 3.3it/s 4.1s<3.6s
                 Class     Images  Instances      Box(P          R      mAP50  mAP50-95): 57% ━━━━━━╸───── 15/26 3.3it/s 4.4s<3.3s
                 Class     Images  Instances      Box(P          R      mAP50  mAP50-95): 61% ━━━━━━━───── 16/26 3.3it/s 4.7s<3.0s
                 Class     Images  Instances      Box(P          R      mAP50  mAP50-95): 65% ━━━━━━━╸──── 17/26 3.3it/s 5.0s<2.7s
                 Class     Images  Instances      Box(P          R      mAP50  mAP50-95): 69% ━━━━━━━━──── 18/26 3.3it/s 5.3s<2.4s
                 Class     Images  Instances      Box(P          R      mAP50  mAP50-95): 73% ━━━━━━━━╸─── 19/26 3.3it/s 5.6s<2.1s
                 Class     Images  Instances      Box(P          R      mAP50  mAP50-95): 76% ━━━━━━━━━─── 20/26 3.3it/s 5.9s<1.8s
                 Class     Images  Instances      Box(P          R      mAP50  mAP50-95): 80% ━━━━━━━━━╸── 21/26 3.3it/s 6.2s<1.5s
                 Class     Images  Instances      Box(P          R      mAP50  mAP50-95): 84% ━━━━━━━━━━── 22/26 3.3it/s 6.5s<1.2s
                 Class     Images  Instances      Box(P          R      mAP50  mAP50-95): 88% ━━━━━━━━━━╸─ 23/26 3.3it/s 6.8s<0.9s
                 Class     Images  Instances      Box(P          R      mAP50  mAP50-95): 92% ━━━━━━━━━━━─ 24/26 3.4it/s 7.1s<0.6s
                 Class     Images  Instances      Box(P          R      mAP50  mAP50-95): 96% ━━━━━━━━━━━╸ 25/26 3.4it/s 7.4s<0.3s
                 Class     Images  Instances      Box(P          R      mAP50  mAP50-95): 100% ━━━━━━━━━━━━ 26/26 3.4it/s 7.7s
      Epoch    GPU_mem   box_loss   cls_loss   dfl_loss  Instances       Size
                 Class     Images  Instances      Box(P          R      mAP50  mAP50-95): 3% ──────────── 1/26 1.0s/it 0.3s<25.4s
                 Class     Images  Instances      Box(P          R      mAP50  mAP50-95): 7% ╸─────────── 2/26 1.7it/s 0.6s<13.8s
                 Class     Images  Instances      Box(P          R      mAP50  mAP50-95): 11% ━─────────── 3/26 2.3it/s 0.9s<10.2s
                 Class     Images  Instances      Box(P          R      mAP50  mAP50-95): 15% ━╸────────── 4/26 2.6it/s 1.2s<8.5s
                 Class     Images  Instances      Box(P          R      mAP50  mAP50-95): 19% ━━────────── 5/26 2.9it/s 1.5s<7.4s
                 Class     Images  Instances      Box(P          R      mAP50  mAP50-95): 23% ━━╸───────── 6/26 3.0it/s 1.8s<6.6s
                 Class     Images  Instances      Box(P          R      mAP50  mAP50-95): 26% ━━━───────── 7/26 3.2it/s 2.0s<6.0s
                 Class     Images  Instances      Box(P          R      mAP50  mAP50-95): 30% ━━━╸──────── 8/26 3.2it/s 2.3s<5.6s
                 Class     Images  Instances      Box(P          R      mAP50  mAP50-95): 34% ━━━━──────── 9/26 3.3it/s 2.6s<5.1s
                 Class     Images  Instances      Box(P          R      mAP50  mAP50-95): 38% ━━━━╸─────── 10/26 3.3it/s 2.9s<4.8s
                 Class     Images  Instances      Box(P          R      mAP50  mAP50-95): 42% ━━━━━─────── 11/26 3.4it/s 3.2s<4.4s
                 Class     Images  Instances      Box(P          R      mAP50  mAP50-95): 46% ━━━━━╸────── 12/26 3.4it/s 3.5s<4.1s
                 Class     Images  Instances      Box(P          R      mAP50  mAP50-95): 50% ━━━━━━────── 13/26 3.4it/s 3.8s<3.8s
                 Class     Images  Instances      Box(P          R      mAP50  mAP50-95): 53% ━━━━━━────── 14/26 3.4it/s 4.1s<3.5s
                 Class     Images  Instances      Box(P          R      mAP50  mAP50-95): 57% ━━━━━━╸───── 15/26 3.4it/s 4.4s<3.3s
                 Class     Images  Instances      Box(P          R      mAP50  mAP50-95): 61% ━━━━━━━───── 16/26 3.4it/s 4.7s<3.0s
                 Class     Images  Instances      Box(P          R      mAP50  mAP50-95): 65% ━━━━━━━╸──── 17/26 3.4it/s 5.0s<2.7s
                 Class     Images  Instances      Box(P          R      mAP50  mAP50-95): 69% ━━━━━━━━──── 18/26 3.3it/s 5.3s<2.4s
                 Class     Images  Instances      Box(P          R      mAP50  mAP50-95): 73% ━━━━━━━━╸─── 19/26 3.3it/s 5.6s<2.1s
                 Class     Images  Instances      Box(P          R      mAP50  mAP50-95): 76% ━━━━━━━━━─── 20/26 3.3it/s 5.9s<1.8s
                 Class     Images  Instances      Box(P          R      mAP50  mAP50-95): 80% ━━━━━━━━━╸── 21/26 3.3it/s 6.2s<1.5s
                 Class     Images  Instances      Box(P          R      mAP50  mAP50-95): 84% ━━━━━━━━━━── 22/26 3.4it/s 6.5s<1.2s
                 Class     Images  Instances      Box(P          R      mAP50  mAP50-95): 88% ━━━━━━━━━━╸─ 23/26 3.4it/s 6.8s<0.9s
                 Class     Images  Instances      Box(P          R      mAP50  mAP50-95): 92% ━━━━━━━━━━━─ 24/26 3.4it/s 7.0s<0.6s
                 Class     Images  Instances      Box(P          R      mAP50  mAP50-95): 96% ━━━━━━━━━━━╸ 25/26 3.4it/s 7.3s<0.3s
                 Class     Images  Instances      Box(P          R      mAP50  mAP50-95): 100% ━━━━━━━━━━━━ 26/26 3.4it/s 7.6s
      Epoch    GPU_mem   box_loss   cls_loss   dfl_loss  Instances       Size
                 Class     Images  Instances      Box(P          R      mAP50  mAP50-95): 3% ──────────── 1/26 1.0it/s 0.3s<24.0s
                 Class     Images  Instances      Box(P          R      mAP50  mAP50-95): 7% ╸─────────── 2/26 1.8it/s 0.6s<13.5s
                 Class     Images  Instances      Box(P          R      mAP50  mAP50-95): 11% ━─────────── 3/26 2.3it/s 0.9s<10.2s
                 Class     Images  Instances      Box(P          R      mAP50  mAP50-95): 15% ━╸────────── 4/26 2.6it/s 1.2s<8.5s
                 Class     Images  Instances      Box(P          R      mAP50  mAP50-95): 19% ━━────────── 5/26 2.8it/s 1.5s<7.5s
                 Class     Images  Instances      Box(P          R      mAP50  mAP50-95): 23% ━━╸───────── 6/26 3.0it/s 1.8s<6.7s
                 Class     Images  Instances      Box(P          R      mAP50  mAP50-95): 26% ━━━───────── 7/26 3.1it/s 2.1s<6.2s
                 Class     Images  Instances      Box(P          R      mAP50  mAP50-95): 30% ━━━╸──────── 8/26 3.2it/s 2.4s<5.7s
                 Class     Images  Instances      Box(P          R      mAP50  mAP50-95): 34% ━━━━──────── 9/26 3.3it/s 2.7s<5.2s
                 Class     Images  Instances      Box(P          R      mAP50  mAP50-95): 38% ━━━━╸─────── 10/26 3.3it/s 2.9s<4.9s
                 Class     Images  Instances      Box(P          R      mAP50  mAP50-95): 42% ━━━━━─────── 11/26 3.3it/s 3.3s<4.6s
                 Class     Images  Instances      Box(P          R      mAP50  mAP50-95): 46% ━━━━━╸────── 12/26 3.3it/s 3.5s<4.2s
                 Class     Images  Instances      Box(P          R      mAP50  mAP50-95): 50% ━━━━━━────── 13/26 3.3it/s 3.8s<3.9s
                 Class     Images  Instances      Box(P          R      mAP50  mAP50-95): 53% ━━━━━━────── 14/26 3.4it/s 4.1s<3.5s
                 Class     Images  Instances      Box(P          R      mAP50  mAP50-95): 57% ━━━━━━╸───── 15/26 3.4it/s 4.4s<3.2s
                 Class     Images  Instances      Box(P          R      mAP50  mAP50-95): 61% ━━━━━━━───── 16/26 3.4it/s 4.7s<2.9s
                 Class     Images  Instances      Box(P          R      mAP50  mAP50-95): 65% ━━━━━━━╸──── 17/26 3.4it/s 5.0s<2.6s
                 Class     Images  Instances      Box(P          R      mAP50  mAP50-95): 69% ━━━━━━━━──── 18/26 3.4it/s 5.3s<2.3s
                 Class     Images  Instances      Box(P          R      mAP50  mAP50-95): 73% ━━━━━━━━╸─── 19/26 3.4it/s 5.6s<2.0s
                 Class     Images  Instances      Box(P          R      mAP50  mAP50-95): 76% ━━━━━━━━━─── 20/26 3.4it/s 5.9s<1.7s
                 Class     Images  Instances      Box(P          R      mAP50  mAP50-95): 80% ━━━━━━━━━╸── 21/26 3.4it/s 6.2s<1.5s
                 Class     Images  Instances      Box(P          R      mAP50  mAP50-95): 84% ━━━━━━━━━━── 22/26 3.4it/s 6.5s<1.2s
                 Class     Images  Instances      Box(P          R      mAP50  mAP50-95): 88% ━━━━━━━━━━╸─ 23/26 3.4it/s 6.8s<0.9s
                 Class     Images  Instances      Box(P          R      mAP50  mAP50-95): 92% ━━━━━━━━━━━─ 24/26 3.4it/s 7.1s<0.6s
                 Class     Images  Instances      Box(P          R      mAP50  mAP50-95): 96% ━━━━━━━━━━━╸ 25/26 3.4it/s 7.4s<0.3s
                 Class     Images  Instances      Box(P          R      mAP50  mAP50-95): 100% ━━━━━━━━━━━━ 26/26 3.4it/s 7.6s
      Epoch    GPU_mem   box_loss   cls_loss   dfl_loss  Instances       Size
                 Class     Images  Instances      Box(P          R      mAP50  mAP50-95): 3% ──────────── 1/26 1.0it/s 0.3s<24.2s
                 Class     Images  Instances      Box(P          R      mAP50  mAP50-95): 7% ╸─────────── 2/26 1.8it/s 0.6s<13.6s
                 Class     Images  Instances      Box(P          R      mAP50  mAP50-95): 11% ━─────────── 3/26 2.3it/s 0.9s<10.1s
                 Class     Images  Instances      Box(P          R      mAP50  mAP50-95): 15% ━╸────────── 4/26 2.6it/s 1.2s<8.3s
                 Class     Images  Instances      Box(P          R      mAP50  mAP50-95): 19% ━━────────── 5/26 2.9it/s 1.4s<7.3s
                 Class     Images  Instances      Box(P          R      mAP50  mAP50-95): 23% ━━╸───────── 6/26 3.0it/s 1.8s<6.7s
                 Class     Images  Instances      Box(P          R      mAP50  mAP50-95): 26% ━━━───────── 7/26 3.1it/s 2.0s<6.1s
                 Class     Images  Instances      Box(P          R      mAP50  mAP50-95): 30% ━━━╸──────── 8/26 3.2it/s 2.3s<5.6s
                 Class     Images  Instances      Box(P          R      mAP50  mAP50-95): 34% ━━━━──────── 9/26 3.2it/s 2.6s<5.3s
                 Class     Images  Instances      Box(P          R      mAP50  mAP50-95): 38% ━━━━╸─────── 10/26 3.3it/s 2.9s<4.8s
                 Class     Images  Instances      Box(P          R      mAP50  mAP50-95): 42% ━━━━━─────── 11/26 3.4it/s 3.2s<4.5s
                 Class     Images  Instances      Box(P          R      mAP50  mAP50-95): 46% ━━━━━╸────── 12/26 3.4it/s 3.5s<4.1s
                 Class     Images  Instances      Box(P          R      mAP50  mAP50-95): 50% ━━━━━━────── 13/26 3.4it/s 3.8s<3.8s
                 Class     Images  Instances      Box(P          R      mAP50  mAP50-95): 53% ━━━━━━────── 14/26 3.4it/s 4.1s<3.5s
                 Class     Images  Instances      Box(P          R      mAP50  mAP50-95): 57% ━━━━━━╸───── 15/26 3.4it/s 4.4s<3.2s
                 Class     Images  Instances      Box(P          R      mAP50  mAP50-95): 61% ━━━━━━━───── 16/26 3.5it/s 4.7s<2.9s
                 Class     Images  Instances      Box(P          R      mAP50  mAP50-95): 65% ━━━━━━━╸──── 17/26 3.5it/s 4.9s<2.6s
                 Class     Images  Instances      Box(P          R      mAP50  mAP50-95): 69% ━━━━━━━━──── 18/26 3.4it/s 5.2s<2.3s
                 Class     Images  Instances      Box(P          R      mAP50  mAP50-95): 73% ━━━━━━━━╸─── 19/26 3.4it/s 5.5s<2.1s
                 Class     Images  Instances      Box(P          R      mAP50  mAP50-95): 76% ━━━━━━━━━─── 20/26 3.4it/s 5.8s<1.8s
                 Class     Images  Instances      Box(P          R      mAP50  mAP50-95): 80% ━━━━━━━━━╸── 21/26 3.4it/s 6.1s<1.5s
                 Class     Images  Instances      Box(P          R      mAP50  mAP50-95): 84% ━━━━━━━━━━── 22/26 3.4it/s 6.4s<1.2s
                 Class     Images  Instances      Box(P          R      mAP50  mAP50-95): 88% ━━━━━━━━━━╸─ 23/26 3.4it/s 6.7s<0.9s
                 Class     Images  Instances      Box(P          R      mAP50  mAP50-95): 92% ━━━━━━━━━━━─ 24/26 3.4it/s 7.0s<0.6s
                 Class     Images  Instances      Box(P          R      mAP50  mAP50-95): 96% ━━━━━━━━━━━╸ 25/26 3.4it/s 7.3s<0.3s
                 Class     Images  Instances      Box(P          R      mAP50  mAP50-95): 100% ━━━━━━━━━━━━ 26/26 3.4it/s 7.6s
      Epoch    GPU_mem   box_loss   cls_loss   dfl_loss  Instances       Size
