                 Class     Images  Instances      Box(P          R      mAP50  mAP50-95): 2% ──────────── 1/50 6.1s/it 1.8s<5:01
                 Class     Images  Instances      Box(P          R      mAP50  mAP50-95): 4% ──────────── 2/50 1.1s/it 2.2s<50.4s
                 Class     Images  Instances      Box(P          R      mAP50  mAP50-95): 6% ╸─────────── 3/50 1.5it/s 2.6s<31.2s
                 Class     Images  Instances      Box(P          R      mAP50  mAP50-95): 8% ╸─────────── 4/50 1.9it/s 2.9s<24.3s
                 Class     Images  Instances      Box(P          R      mAP50  mAP50-95): 10% ━─────────── 5/50 2.2it/s 3.3s<20.8s
                 Class     Images  Instances      Box(P          R      mAP50  mAP50-95): 12% ━─────────── 6/50 2.4it/s 3.6s<18.7s
                 Class     Images  Instances      Box(P          R      mAP50  mAP50-95): 14% ━╸────────── 7/50 2.5it/s 4.0s<17.5s
                 Class     Images  Instances      Box(P          R      mAP50  mAP50-95): 16% ━╸────────── 8/50 2.6it/s 4.4s<16.3s
                 Class     Images  Instances      Box(P          R      mAP50  mAP50-95): 18% ━━────────── 9/50 2.6it/s 4.7s<15.6s
                 Class     Images  Instances      Box(P          R      mAP50  mAP50-95): 20% ━━────────── 10/50 2.7it/s 5.1s<14.9s
                 Class     Images  Instances      Box(P          R      mAP50  mAP50-95): 22% ━━╸───────── 11/50 2.7it/s 5.4s<14.3s
                 Class     Images  Instances      Box(P          R      mAP50  mAP50-95): 24% ━━╸───────── 12/50 2.7it/s 5.8s<13.8s
                 Class     Images  Instances      Box(P          R      mAP50  mAP50-95): 26% ━━━───────── 13/50 2.8it/s 6.1s<13.4s
                 Class     Images  Instances      Box(P          R      mAP50  mAP50-95): 28% ━━━───────── 14/50 2.8it/s 6.5s<13.0s
                 Class     Images  Instances      Box(P          R      mAP50  mAP50-95): 30% ━━━╸──────── 15/50 2.8it/s 6.9s<12.6s
                 Class     Images  Instances      Box(P          R      mAP50  mAP50-95): 32% ━━━╸──────── 16/50 2.8it/s 7.2s<12.2s
                 Class     Images  Instances      Box(P          R      mAP50  mAP50-95): 34% ━━━━──────── 17/50 2.8it/s 7.6s<11.8s
                 Class     Images  Instances      Box(P          R      mAP50  mAP50-95): 36% ━━━━──────── 18/50 2.8it/s 7.9s<11.5s
                 Class     Images  Instances      Box(P          R      mAP50  mAP50-95): 38% ━━━━╸─────── 19/50 2.8it/s 8.3s<11.1s
                 Class     Images  Instances      Box(P          R      mAP50  mAP50-95): 40% ━━━━╸─────── 20/50 2.8it/s 8.6s<10.7s
                 Class     Images  Instances      Box(P          R      mAP50  mAP50-95): 42% ━━━━━─────── 21/50 2.8it/s 9.0s<10.4s
                 Class     Images  Instances      Box(P          R      mAP50  mAP50-95): 44% ━━━━━─────── 22/50 2.8it/s 9.4s<10.0s
                 Class     Images  Instances      Box(P          R      mAP50  mAP50-95): 46% ━━━━━╸────── 23/50 2.8it/s 9.7s<9.7s
                 Class     Images  Instances      Box(P          R      mAP50  mAP50-95): 48% ━━━━━╸────── 24/50 2.8it/s 10.1s<9.3s
                 Class     Images  Instances      Box(P          R      mAP50  mAP50-95): 50% ━━━━━━────── 25/50 2.8it/s 10.4s<9.0s
                 Class     Images  Instances      Box(P          R      mAP50  mAP50-95): 52% ━━━━━━────── 26/50 2.8it/s 10.8s<8.6s
                 Class     Images  Instances      Box(P          R      mAP50  mAP50-95): 54% ━━━━━━────── 27/50 2.8it/s 11.2s<8.3s
                 Class     Images  Instances      Box(P          R      mAP50  mAP50-95): 56% ━━━━━━╸───── 28/50 2.8it/s 11.5s<7.9s
                 Class     Images  Instances      Box(P          R      mAP50  mAP50-95): 57% ━━━━━━╸───── 29/50 2.8it/s 11.9s<7.5s
                 Class     Images  Instances      Box(P          R      mAP50  mAP50-95): 60% ━━━━━━━───── 30/50 2.8it/s 12.2s<7.2s
                 Class     Images  Instances      Box(P          R      mAP50  mAP50-95): 62% ━━━━━━━───── 31/50 2.8it/s 12.6s<6.8s
                 Class     Images  Instances      Box(P          R      mAP50  mAP50-95): 64% ━━━━━━━╸──── 32/50 2.8it/s 12.9s<6.4s
                 Class     Images  Instances      Box(P          R      mAP50  mAP50-95): 66% ━━━━━━━╸──── 33/50 2.8it/s 13.3s<6.1s
                 Class     Images  Instances      Box(P          R      mAP50  mAP50-95): 68% ━━━━━━━━──── 34/50 2.8it/s 13.7s<5.8s
                 Class     Images  Instances      Box(P          R      mAP50  mAP50-95): 70% ━━━━━━━━──── 35/50 2.8it/s 14.0s<5.4s
                 Class     Images  Instances      Box(P          R      mAP50  mAP50-95): 72% ━━━━━━━━╸─── 36/50 2.8it/s 14.4s<5.0s
                 Class     Images  Instances      Box(P          R      mAP50  mAP50-95): 74% ━━━━━━━━╸─── 37/50 2.8it/s 14.7s<4.7s
                 Class     Images  Instances      Box(P          R      mAP50  mAP50-95): 76% ━━━━━━━━━─── 38/50 2.8it/s 15.1s<4.3s
                 Class     Images  Instances      Box(P          R      mAP50  mAP50-95): 78% ━━━━━━━━━─── 39/50 2.8it/s 15.5s<3.9s
                 Class     Images  Instances      Box(P          R      mAP50  mAP50-95): 80% ━━━━━━━━━╸── 40/50 2.8it/s 15.8s<3.6s
                 Class     Images  Instances      Box(P          R      mAP50  mAP50-95): 82% ━━━━━━━━━╸── 41/50 2.8it/s 16.2s<3.2s
                 Class     Images  Instances      Box(P          R      mAP50  mAP50-95): 84% ━━━━━━━━━━── 42/50 2.8it/s 16.5s<2.9s
                 Class     Images  Instances      Box(P          R      mAP50  mAP50-95): 86% ━━━━━━━━━━── 43/50 2.8it/s 16.9s<2.5s
                 Class     Images  Instances      Box(P          R      mAP50  mAP50-95): 88% ━━━━━━━━━━╸─ 44/50 2.8it/s 17.3s<2.2s
                 Class     Images  Instances      Box(P          R      mAP50  mAP50-95): 90% ━━━━━━━━━━╸─ 45/50 2.8it/s 17.6s<1.8s
                 Class     Images  Instances      Box(P          R      mAP50  mAP50-95): 92% ━━━━━━━━━━━─ 46/50 2.8it/s 18.0s<1.4s
                 Class     Images  Instances      Box(P          R      mAP50  mAP50-95): 94% ━━━━━━━━━━━─ 47/50 2.8it/s 18.3s<1.1s
                 Class     Images  Instances      Box(P          R      mAP50  mAP50-95): 96% ━━━━━━━━━━━╸ 48/50 2.8it/s 18.7s<0.7s
                 Class     Images  Instances      Box(P          R      mAP50  mAP50-95): 98% ━━━━━━━━━━━╸ 49/50 2.8it/s 19.0s<0.4s
                 Class     Images  Instances      Box(P          R      mAP50  mAP50-95): 100% ━━━━━━━━━━━━ 50/50 2.4it/s 20.7s
      Epoch    GPU_mem   box_loss   cls_loss   dfl_loss  Instances       Size
                 Class     Images  Instances      Box(P          R      mAP50  mAP50-95): 2% ──────────── 1/50 1.2s/it 0.4s<59.8s
                 Class     Images  Instances      Box(P          R      mAP50  mAP50-95): 4% ──────────── 2/50 1.4it/s 0.7s<33.9s
                 Class     Images  Instances      Box(P          R      mAP50  mAP50-95): 6% ╸─────────── 3/50 1.8it/s 1.1s<25.6s
                 Class     Images  Instances      Box(P          R      mAP50  mAP50-95): 8% ╸─────────── 4/50 2.1it/s 1.4s<21.7s
                 Class     Images  Instances      Box(P          R      mAP50  mAP50-95): 10% ━─────────── 5/50 2.3it/s 1.8s<19.5s
                 Class     Images  Instances      Box(P          R      mAP50  mAP50-95): 12% ━─────────── 6/50 2.5it/s 2.2s<17.9s
                 Class     Images  Instances      Box(P          R      mAP50  mAP50-95): 14% ━╸────────── 7/50 2.6it/s 2.5s<16.8s
                 Class     Images  Instances      Box(P          R      mAP50  mAP50-95): 16% ━╸────────── 8/50 2.6it/s 2.9s<15.9s
                 Class     Images  Instances      Box(P          R      mAP50  mAP50-95): 18% ━━────────── 9/50 2.7it/s 3.2s<15.3s
                 Class     Images  Instances      Box(P          R      mAP50  mAP50-95): 20% ━━────────── 10/50 2.7it/s 3.6s<14.9s
                 Class     Images  Instances      Box(P          R      mAP50  mAP50-95): 22% ━━╸───────── 11/50 2.7it/s 4.0s<14.4s
                 Class     Images  Instances      Box(P          R      mAP50  mAP50-95): 24% ━━╸───────── 12/50 2.7it/s 4.3s<13.9s
                 Class     Images  Instances      Box(P          R      mAP50  mAP50-95): 26% ━━━───────── 13/50 2.8it/s 4.7s<13.4s
                 Class     Images  Instances      Box(P          R      mAP50  mAP50-95): 28% ━━━───────── 14/50 2.8it/s 5.0s<13.0s
                 Class     Images  Instances      Box(P          R      mAP50  mAP50-95): 30% ━━━╸──────── 15/50 2.8it/s 5.4s<12.7s
                 Class     Images  Instances      Box(P          R      mAP50  mAP50-95): 32% ━━━╸──────── 16/50 2.8it/s 5.8s<12.3s
                 Class     Images  Instances      Box(P          R      mAP50  mAP50-95): 34% ━━━━──────── 17/50 2.8it/s 6.1s<11.9s
                 Class     Images  Instances      Box(P          R      mAP50  mAP50-95): 36% ━━━━──────── 18/50 2.8it/s 6.5s<11.5s
                 Class     Images  Instances      Box(P          R      mAP50  mAP50-95): 38% ━━━━╸─────── 19/50 2.8it/s 6.8s<11.1s
                 Class     Images  Instances      Box(P          R      mAP50  mAP50-95): 40% ━━━━╸─────── 20/50 2.8it/s 7.2s<10.9s
                 Class     Images  Instances      Box(P          R      mAP50  mAP50-95): 42% ━━━━━─────── 21/50 2.8it/s 7.6s<10.5s
                 Class     Images  Instances      Box(P          R      mAP50  mAP50-95): 44% ━━━━━─────── 22/50 2.8it/s 7.9s<10.1s
                 Class     Images  Instances      Box(P          R      mAP50  mAP50-95): 46% ━━━━━╸────── 23/50 2.8it/s 8.3s<9.7s
                 Class     Images  Instances      Box(P          R      mAP50  mAP50-95): 48% ━━━━━╸────── 24/50 2.8it/s 8.6s<9.3s
                 Class     Images  Instances      Box(P          R      mAP50  mAP50-95): 50% ━━━━━━────── 25/50 2.8it/s 9.0s<9.0s
                 Class     Images  Instances      Box(P          R      mAP50  mAP50-95): 52% ━━━━━━────── 26/50 2.8it/s 9.4s<8.6s
                 Class     Images  Instances      Box(P          R      mAP50  mAP50-95): 54% ━━━━━━────── 27/50 2.8it/s 9.7s<8.3s
                 Class     Images  Instances      Box(P          R      mAP50  mAP50-95): 56% ━━━━━━╸───── 28/50 2.8it/s 10.1s<7.9s
                 Class     Images  Instances      Box(P          R      mAP50  mAP50-95): 57% ━━━━━━╸───── 29/50 2.8it/s 10.4s<7.5s
                 Class     Images  Instances      Box(P          R      mAP50  mAP50-95): 60% ━━━━━━━───── 30/50 2.8it/s 10.8s<7.2s
                 Class     Images  Instances      Box(P          R      mAP50  mAP50-95): 62% ━━━━━━━───── 31/50 2.8it/s 11.1s<6.8s
                 Class     Images  Instances      Box(P          R      mAP50  mAP50-95): 64% ━━━━━━━╸──── 32/50 2.8it/s 11.5s<6.5s
                 Class     Images  Instances      Box(P          R      mAP50  mAP50-95): 66% ━━━━━━━╸──── 33/50 2.8it/s 11.9s<6.1s
                 Class     Images  Instances      Box(P          R      mAP50  mAP50-95): 68% ━━━━━━━━──── 34/50 2.8it/s 12.2s<5.8s
                 Class     Images  Instances      Box(P          R      mAP50  mAP50-95): 70% ━━━━━━━━──── 35/50 2.8it/s 12.6s<5.5s
                 Class     Images  Instances      Box(P          R      mAP50  mAP50-95): 72% ━━━━━━━━╸─── 36/50 2.8it/s 13.0s<5.1s
                 Class     Images  Instances      Box(P          R      mAP50  mAP50-95): 74% ━━━━━━━━╸─── 37/50 2.8it/s 13.3s<4.7s
                 Class     Images  Instances      Box(P          R      mAP50  mAP50-95): 76% ━━━━━━━━━─── 38/50 2.8it/s 13.7s<4.3s
                 Class     Images  Instances      Box(P          R      mAP50  mAP50-95): 78% ━━━━━━━━━─── 39/50 2.8it/s 14.0s<3.9s
                 Class     Images  Instances      Box(P          R      mAP50  mAP50-95): 80% ━━━━━━━━━╸── 40/50 2.8it/s 14.4s<3.6s
                 Class     Images  Instances      Box(P          R      mAP50  mAP50-95): 82% ━━━━━━━━━╸── 41/50 2.8it/s 14.8s<3.3s
                 Class     Images  Instances      Box(P          R      mAP50  mAP50-95): 84% ━━━━━━━━━━── 42/50 2.8it/s 15.1s<2.9s
                 Class     Images  Instances      Box(P          R      mAP50  mAP50-95): 86% ━━━━━━━━━━── 43/50 2.8it/s 15.5s<2.5s
                 Class     Images  Instances      Box(P          R      mAP50  mAP50-95): 88% ━━━━━━━━━━╸─ 44/50 2.8it/s 15.8s<2.2s
                 Class     Images  Instances      Box(P          R      mAP50  mAP50-95): 90% ━━━━━━━━━━╸─ 45/50 2.8it/s 16.2s<1.8s
                 Class     Images  Instances      Box(P          R      mAP50  mAP50-95): 92% ━━━━━━━━━━━─ 46/50 2.8it/s 16.6s<1.4s
                 Class     Images  Instances      Box(P          R      mAP50  mAP50-95): 94% ━━━━━━━━━━━─ 47/50 2.8it/s 16.9s<1.1s
                 Class     Images  Instances      Box(P          R      mAP50  mAP50-95): 96% ━━━━━━━━━━━╸ 48/50 2.8it/s 17.3s<0.7s
                 Class     Images  Instances      Box(P          R      mAP50  mAP50-95): 98% ━━━━━━━━━━━╸ 49/50 2.8it/s 17.6s<0.4s
                 Class     Images  Instances      Box(P          R      mAP50  mAP50-95): 100% ━━━━━━━━━━━━ 50/50 2.8it/s 17.7s
      Epoch    GPU_mem   box_loss   cls_loss   dfl_loss  Instances       Size
                 Class     Images  Instances      Box(P          R      mAP50  mAP50-95): 2% ──────────── 1/50 1.2s/it 0.4s<59.0s
                 Class     Images  Instances      Box(P          R      mAP50  mAP50-95): 4% ──────────── 2/50 1.4it/s 0.7s<34.1s
                 Class     Images  Instances      Box(P          R      mAP50  mAP50-95): 6% ╸─────────── 3/50 1.8it/s 1.1s<25.8s
                 Class     Images  Instances      Box(P          R      mAP50  mAP50-95): 8% ╸─────────── 4/50 2.1it/s 1.5s<22.1s
                 Class     Images  Instances      Box(P          R      mAP50  mAP50-95): 10% ━─────────── 5/50 2.3it/s 1.8s<19.8s
                 Class     Images  Instances      Box(P          R      mAP50  mAP50-95): 12% ━─────────── 6/50 2.4it/s 2.2s<18.4s
                 Class     Images  Instances      Box(P          R      mAP50  mAP50-95): 14% ━╸────────── 7/50 2.4it/s 2.6s<18.1s
                 Class     Images  Instances      Box(P          R      mAP50  mAP50-95): 16% ━╸────────── 8/50 2.4it/s 3.0s<17.2s
                 Class     Images  Instances      Box(P          R      mAP50  mAP50-95): 18% ━━────────── 9/50 2.4it/s 3.5s<17.4s
                 Class     Images  Instances      Box(P          R      mAP50  mAP50-95): 20% ━━────────── 10/50 2.5it/s 3.8s<16.2s
                 Class     Images  Instances      Box(P          R      mAP50  mAP50-95): 22% ━━╸───────── 11/50 2.5it/s 4.2s<15.4s
                 Class     Images  Instances      Box(P          R      mAP50  mAP50-95): 24% ━━╸───────── 12/50 2.6it/s 4.6s<14.5s
                 Class     Images  Instances      Box(P          R      mAP50  mAP50-95): 26% ━━━───────── 13/50 2.6it/s 4.9s<14.0s
                 Class     Images  Instances      Box(P          R      mAP50  mAP50-95): 28% ━━━───────── 14/50 2.7it/s 5.3s<13.5s
                 Class     Images  Instances      Box(P          R      mAP50  mAP50-95): 30% ━━━╸──────── 15/50 2.7it/s 5.7s<13.0s
                 Class     Images  Instances      Box(P          R      mAP50  mAP50-95): 32% ━━━╸──────── 16/50 2.7it/s 6.0s<12.5s
                 Class     Images  Instances      Box(P          R      mAP50  mAP50-95): 34% ━━━━──────── 17/50 2.7it/s 6.4s<12.1s
                 Class     Images  Instances      Box(P          R      mAP50  mAP50-95): 36% ━━━━──────── 18/50 2.7it/s 6.8s<11.7s
                 Class     Images  Instances      Box(P          R      mAP50  mAP50-95): 38% ━━━━╸─────── 19/50 2.7it/s 7.1s<11.3s
                 Class     Images  Instances      Box(P          R      mAP50  mAP50-95): 40% ━━━━╸─────── 20/50 2.8it/s 7.5s<10.9s
                 Class     Images  Instances      Box(P          R      mAP50  mAP50-95): 42% ━━━━━─────── 21/50 2.8it/s 7.8s<10.5s
                 Class     Images  Instances      Box(P          R      mAP50  mAP50-95): 44% ━━━━━─────── 22/50 2.8it/s 8.2s<10.2s
                 Class     Images  Instances      Box(P          R      mAP50  mAP50-95): 46% ━━━━━╸────── 23/50 2.7it/s 8.6s<9.8s
                 Class     Images  Instances      Box(P          R      mAP50  mAP50-95): 48% ━━━━━╸────── 24/50 2.7it/s 8.9s<9.5s
                 Class     Images  Instances      Box(P          R      mAP50  mAP50-95): 50% ━━━━━━────── 25/50 2.8it/s 9.3s<9.1s
                 Class     Images  Instances      Box(P          R      mAP50  mAP50-95): 52% ━━━━━━────── 26/50 2.8it/s 9.7s<8.7s
                 Class     Images  Instances      Box(P          R      mAP50  mAP50-95): 54% ━━━━━━────── 27/50 2.8it/s 10.0s<8.3s
                 Class     Images  Instances      Box(P          R      mAP50  mAP50-95): 56% ━━━━━━╸───── 28/50 2.8it/s 10.4s<8.0s
                 Class     Images  Instances      Box(P          R      mAP50  mAP50-95): 57% ━━━━━━╸───── 29/50 2.8it/s 10.7s<7.6s
                 Class     Images  Instances      Box(P          R      mAP50  mAP50-95): 60% ━━━━━━━───── 30/50 2.8it/s 11.1s<7.3s
                 Class     Images  Instances      Box(P          R      mAP50  mAP50-95): 62% ━━━━━━━───── 31/50 2.8it/s 11.5s<6.9s
                 Class     Images  Instances      Box(P          R      mAP50  mAP50-95): 64% ━━━━━━━╸──── 32/50 2.6it/s 11.9s<6.8s
                 Class     Images  Instances      Box(P          R      mAP50  mAP50-95): 66% ━━━━━━━╸──── 33/50 2.7it/s 12.3s<6.4s
                 Class     Images  Instances      Box(P          R      mAP50  mAP50-95): 68% ━━━━━━━━──── 34/50 2.7it/s 12.6s<5.9s
                 Class     Images  Instances      Box(P          R      mAP50  mAP50-95): 70% ━━━━━━━━──── 35/50 2.7it/s 13.0s<5.5s
                 Class     Images  Instances      Box(P          R      mAP50  mAP50-95): 72% ━━━━━━━━╸─── 36/50 2.7it/s 13.4s<5.2s
                 Class     Images  Instances      Box(P          R      mAP50  mAP50-95): 74% ━━━━━━━━╸─── 37/50 2.7it/s 13.7s<4.8s
                 Class     Images  Instances      Box(P          R      mAP50  mAP50-95): 76% ━━━━━━━━━─── 38/50 2.7it/s 14.1s<4.4s
                 Class     Images  Instances      Box(P          R      mAP50  mAP50-95): 78% ━━━━━━━━━─── 39/50 2.7it/s 14.4s<4.0s
                 Class     Images  Instances      Box(P          R      mAP50  mAP50-95): 80% ━━━━━━━━━╸── 40/50 2.7it/s 14.8s<3.6s
                 Class     Images  Instances      Box(P          R      mAP50  mAP50-95): 82% ━━━━━━━━━╸── 41/50 2.8it/s 15.2s<3.3s
                 Class     Images  Instances      Box(P          R      mAP50  mAP50-95): 84% ━━━━━━━━━━── 42/50 2.8it/s 15.5s<2.9s
                 Class     Images  Instances      Box(P          R      mAP50  mAP50-95): 86% ━━━━━━━━━━── 43/50 2.8it/s 15.9s<2.5s
                 Class     Images  Instances      Box(P          R      mAP50  mAP50-95): 88% ━━━━━━━━━━╸─ 44/50 2.8it/s 16.2s<2.2s
                 Class     Images  Instances      Box(P          R      mAP50  mAP50-95): 90% ━━━━━━━━━━╸─ 45/50 2.8it/s 16.6s<1.8s
                 Class     Images  Instances      Box(P          R      mAP50  mAP50-95): 92% ━━━━━━━━━━━─ 46/50 2.8it/s 17.0s<1.4s
                 Class     Images  Instances      Box(P          R      mAP50  mAP50-95): 94% ━━━━━━━━━━━─ 47/50 2.8it/s 17.3s<1.1s
                 Class     Images  Instances      Box(P          R      mAP50  mAP50-95): 96% ━━━━━━━━━━━╸ 48/50 2.8it/s 17.7s<0.7s
                 Class     Images  Instances      Box(P          R      mAP50  mAP50-95): 98% ━━━━━━━━━━━╸ 49/50 2.8it/s 18.0s<0.4s
                 Class     Images  Instances      Box(P          R      mAP50  mAP50-95): 100% ━━━━━━━━━━━━ 50/50 2.8it/s 18.1s
      Epoch    GPU_mem   box_loss   cls_loss   dfl_loss  Instances       Size
                 Class     Images  Instances      Box(P          R      mAP50  mAP50-95): 2% ──────────── 1/50 1.2s/it 0.4s<59.9s
                 Class     Images  Instances      Box(P          R      mAP50  mAP50-95): 4% ──────────── 2/50 1.4it/s 0.7s<34.0s
                 Class     Images  Instances      Box(P          R      mAP50  mAP50-95): 6% ╸─────────── 3/50 1.8it/s 1.1s<25.8s
                 Class     Images  Instances      Box(P          R      mAP50  mAP50-95): 8% ╸─────────── 4/50 2.1it/s 1.4s<21.8s
                 Class     Images  Instances      Box(P          R      mAP50  mAP50-95): 10% ━─────────── 5/50 2.3it/s 1.8s<19.5s
                 Class     Images  Instances      Box(P          R      mAP50  mAP50-95): 12% ━─────────── 6/50 2.5it/s 2.2s<17.9s
                 Class     Images  Instances      Box(P          R      mAP50  mAP50-95): 14% ━╸────────── 7/50 2.5it/s 2.5s<17.1s
                 Class     Images  Instances      Box(P          R      mAP50  mAP50-95): 16% ━╸────────── 8/50 2.6it/s 2.9s<16.2s
                 Class     Images  Instances      Box(P          R      mAP50  mAP50-95): 18% ━━────────── 9/50 2.7it/s 3.3s<15.5s
                 Class     Images  Instances      Box(P          R      mAP50  mAP50-95): 20% ━━────────── 10/50 2.7it/s 3.6s<14.8s
                 Class     Images  Instances      Box(P          R      mAP50  mAP50-95): 22% ━━╸───────── 11/50 2.7it/s 4.0s<14.4s
                 Class     Images  Instances      Box(P          R      mAP50  mAP50-95): 24% ━━╸───────── 12/50 2.7it/s 4.3s<13.9s
                 Class     Images  Instances      Box(P          R      mAP50  mAP50-95): 26% ━━━───────── 13/50 2.7it/s 4.7s<13.5s
                 Class     Images  Instances      Box(P          R      mAP50  mAP50-95): 28% ━━━───────── 14/50 2.8it/s 5.1s<13.1s
                 Class     Images  Instances      Box(P          R      mAP50  mAP50-95): 30% ━━━╸──────── 15/50 2.8it/s 5.4s<12.6s
                 Class     Images  Instances      Box(P          R      mAP50  mAP50-95): 32% ━━━╸──────── 16/50 2.8it/s 5.8s<12.3s
                 Class     Images  Instances      Box(P          R      mAP50  mAP50-95): 34% ━━━━──────── 17/50 2.8it/s 6.1s<11.9s
                 Class     Images  Instances      Box(P          R      mAP50  mAP50-95): 36% ━━━━──────── 18/50 2.8it/s 6.5s<11.5s
                 Class     Images  Instances      Box(P          R      mAP50  mAP50-95): 38% ━━━━╸─────── 19/50 2.8it/s 6.9s<11.1s
                 Class     Images  Instances      Box(P          R      mAP50  mAP50-95): 40% ━━━━╸─────── 20/50 2.8it/s 7.2s<10.8s
                 Class     Images  Instances      Box(P          R      mAP50  mAP50-95): 42% ━━━━━─────── 21/50 2.8it/s 7.6s<10.5s
                 Class     Images  Instances      Box(P          R      mAP50  mAP50-95): 44% ━━━━━─────── 22/50 2.8it/s 7.9s<10.1s
                 Class     Images  Instances      Box(P          R      mAP50  mAP50-95): 46% ━━━━━╸────── 23/50 2.8it/s 8.3s<9.7s
                 Class     Images  Instances      Box(P          R      mAP50  mAP50-95): 48% ━━━━━╸────── 24/50 2.8it/s 8.7s<9.3s
                 Class     Images  Instances      Box(P          R      mAP50  mAP50-95): 50% ━━━━━━────── 25/50 2.8it/s 9.0s<9.0s
                 Class     Images  Instances      Box(P          R      mAP50  mAP50-95): 52% ━━━━━━────── 26/50 2.8it/s 9.4s<8.7s
                 Class     Images  Instances      Box(P          R      mAP50  mAP50-95): 54% ━━━━━━────── 27/50 2.8it/s 9.7s<8.3s
                 Class     Images  Instances      Box(P          R      mAP50  mAP50-95): 56% ━━━━━━╸───── 28/50 2.8it/s 10.1s<8.0s
                 Class     Images  Instances      Box(P          R      mAP50  mAP50-95): 57% ━━━━━━╸───── 29/50 2.7it/s 10.5s<7.7s
                 Class     Images  Instances      Box(P          R      mAP50  mAP50-95): 60% ━━━━━━━───── 30/50 2.7it/s 10.8s<7.3s
                 Class     Images  Instances      Box(P          R      mAP50  mAP50-95): 62% ━━━━━━━───── 31/50 2.7it/s 11.2s<6.9s
                 Class     Images  Instances      Box(P          R      mAP50  mAP50-95): 64% ━━━━━━━╸──── 32/50 2.8it/s 11.6s<6.5s
                 Class     Images  Instances      Box(P          R      mAP50  mAP50-95): 66% ━━━━━━━╸──── 33/50 2.8it/s 11.9s<6.1s
                 Class     Images  Instances      Box(P          R      mAP50  mAP50-95): 68% ━━━━━━━━──── 34/50 2.8it/s 12.3s<5.8s
                 Class     Images  Instances      Box(P          R      mAP50  mAP50-95): 70% ━━━━━━━━──── 35/50 2.8it/s 12.6s<5.4s
                 Class     Images  Instances      Box(P          R      mAP50  mAP50-95): 72% ━━━━━━━━╸─── 36/50 2.8it/s 13.0s<5.0s
                 Class     Images  Instances      Box(P          R      mAP50  mAP50-95): 74% ━━━━━━━━╸─── 37/50 2.8it/s 13.4s<4.7s
                 Class     Images  Instances      Box(P          R      mAP50  mAP50-95): 76% ━━━━━━━━━─── 38/50 2.8it/s 13.7s<4.3s
                 Class     Images  Instances      Box(P          R      mAP50  mAP50-95): 78% ━━━━━━━━━─── 39/50 2.8it/s 14.1s<4.0s
                 Class     Images  Instances      Box(P          R      mAP50  mAP50-95): 80% ━━━━━━━━━╸── 40/50 2.8it/s 14.4s<3.6s
                 Class     Images  Instances      Box(P          R      mAP50  mAP50-95): 82% ━━━━━━━━━╸── 41/50 2.8it/s 14.8s<3.2s
                 Class     Images  Instances      Box(P          R      mAP50  mAP50-95): 84% ━━━━━━━━━━── 42/50 2.8it/s 15.2s<2.9s
                 Class     Images  Instances      Box(P          R      mAP50  mAP50-95): 86% ━━━━━━━━━━── 43/50 2.8it/s 15.5s<2.5s
                 Class     Images  Instances      Box(P          R      mAP50  mAP50-95): 88% ━━━━━━━━━━╸─ 44/50 2.8it/s 15.9s<2.2s
                 Class     Images  Instances      Box(P          R      mAP50  mAP50-95): 90% ━━━━━━━━━━╸─ 45/50 2.8it/s 16.2s<1.8s
                 Class     Images  Instances      Box(P          R      mAP50  mAP50-95): 92% ━━━━━━━━━━━─ 46/50 2.8it/s 16.6s<1.4s
                 Class     Images  Instances      Box(P          R      mAP50  mAP50-95): 94% ━━━━━━━━━━━─ 47/50 2.8it/s 17.0s<1.1s
                 Class     Images  Instances      Box(P          R      mAP50  mAP50-95): 96% ━━━━━━━━━━━╸ 48/50 2.8it/s 17.3s<0.7s
                 Class     Images  Instances      Box(P          R      mAP50  mAP50-95): 98% ━━━━━━━━━━━╸ 49/50 2.8it/s 17.7s<0.4s
                 Class     Images  Instances      Box(P          R      mAP50  mAP50-95): 100% ━━━━━━━━━━━━ 50/50 2.8it/s 17.8s
      Epoch    GPU_mem   box_loss   cls_loss   dfl_loss  Instances       Size
                 Class     Images  Instances      Box(P          R      mAP50  mAP50-95): 2% ──────────── 1/50 1.2s/it 0.4s<58.5s
                 Class     Images  Instances      Box(P          R      mAP50  mAP50-95): 4% ──────────── 2/50 1.4it/s 0.7s<33.7s
                 Class     Images  Instances      Box(P          R      mAP50  mAP50-95): 6% ╸─────────── 3/50 1.8it/s 1.1s<25.5s
                 Class     Images  Instances      Box(P          R      mAP50  mAP50-95): 8% ╸─────────── 4/50 2.1it/s 1.4s<21.6s
                 Class     Images  Instances      Box(P          R      mAP50  mAP50-95): 10% ━─────────── 5/50 2.3it/s 1.8s<19.3s
                 Class     Images  Instances      Box(P          R      mAP50  mAP50-95): 12% ━─────────── 6/50 2.5it/s 2.1s<17.8s
                 Class     Images  Instances      Box(P          R      mAP50  mAP50-95): 14% ━╸────────── 7/50 2.6it/s 2.5s<16.8s
                 Class     Images  Instances      Box(P          R      mAP50  mAP50-95): 16% ━╸────────── 8/50 2.6it/s 2.9s<16.0s
                 Class     Images  Instances      Box(P          R      mAP50  mAP50-95): 18% ━━────────── 9/50 2.7it/s 3.2s<15.3s
                 Class     Images  Instances      Box(P          R      mAP50  mAP50-95): 20% ━━────────── 10/50 2.7it/s 3.6s<14.8s
                 Class     Images  Instances      Box(P          R      mAP50  mAP50-95): 22% ━━╸───────── 11/50 2.7it/s 3.9s<14.3s
                 Class     Images  Instances      Box(P          R      mAP50  mAP50-95): 24% ━━╸───────── 12/50 2.7it/s 4.3s<13.9s
                 Class     Images  Instances      Box(P          R      mAP50  mAP50-95): 26% ━━━───────── 13/50 2.8it/s 4.7s<13.4s
                 Class     Images  Instances      Box(P          R      mAP50  mAP50-95): 28% ━━━───────── 14/50 2.8it/s 5.0s<13.1s
                 Class     Images  Instances      Box(P          R      mAP50  mAP50-95): 30% ━━━╸──────── 15/50 2.8it/s 5.4s<12.6s
                 Class     Images  Instances      Box(P          R      mAP50  mAP50-95): 32% ━━━╸──────── 16/50 2.8it/s 5.7s<12.2s
                 Class     Images  Instances      Box(P          R      mAP50  mAP50-95): 34% ━━━━──────── 17/50 2.8it/s 6.1s<11.9s
                 Class     Images  Instances      Box(P          R      mAP50  mAP50-95): 36% ━━━━──────── 18/50 2.8it/s 6.5s<11.5s
                 Class     Images  Instances      Box(P          R      mAP50  mAP50-95): 38% ━━━━╸─────── 19/50 2.7it/s 6.8s<11.3s
                 Class     Images  Instances      Box(P          R      mAP50  mAP50-95): 40% ━━━━╸─────── 20/50 2.7it/s 7.2s<11.0s
                 Class     Images  Instances      Box(P          R      mAP50  mAP50-95): 42% ━━━━━─────── 21/50 2.8it/s 7.6s<10.5s
                 Class     Images  Instances      Box(P          R      mAP50  mAP50-95): 44% ━━━━━─────── 22/50 2.8it/s 7.9s<10.1s
                 Class     Images  Instances      Box(P          R      mAP50  mAP50-95): 46% ━━━━━╸────── 23/50 2.8it/s 8.3s<9.7s
                 Class     Images  Instances      Box(P          R      mAP50  mAP50-95): 48% ━━━━━╸────── 24/50 2.8it/s 8.6s<9.4s
                 Class     Images  Instances      Box(P          R      mAP50  mAP50-95): 50% ━━━━━━────── 25/50 2.8it/s 9.0s<9.0s
                 Class     Images  Instances      Box(P          R      mAP50  mAP50-95): 52% ━━━━━━────── 26/50 2.8it/s 9.4s<8.6s
                 Class     Images  Instances      Box(P          R      mAP50  mAP50-95): 54% ━━━━━━────── 27/50 2.8it/s 9.7s<8.3s
                 Class     Images  Instances      Box(P          R      mAP50  mAP50-95): 56% ━━━━━━╸───── 28/50 2.8it/s 10.1s<7.9s
                 Class     Images  Instances      Box(P          R      mAP50  mAP50-95): 57% ━━━━━━╸───── 29/50 2.8it/s 10.4s<7.5s
                 Class     Images  Instances      Box(P          R      mAP50  mAP50-95): 60% ━━━━━━━───── 30/50 2.8it/s 10.8s<7.2s
                 Class     Images  Instances      Box(P          R      mAP50  mAP50-95): 62% ━━━━━━━───── 31/50 2.8it/s 11.2s<6.8s
                 Class     Images  Instances      Box(P          R      mAP50  mAP50-95): 64% ━━━━━━━╸──── 32/50 2.8it/s 11.5s<6.5s
                 Class     Images  Instances      Box(P          R      mAP50  mAP50-95): 66% ━━━━━━━╸──── 33/50 2.8it/s 11.9s<6.1s
                 Class     Images  Instances      Box(P          R      mAP50  mAP50-95): 68% ━━━━━━━━──── 34/50 2.8it/s 12.2s<5.8s
                 Class     Images  Instances      Box(P          R      mAP50  mAP50-95): 70% ━━━━━━━━──── 35/50 2.8it/s 12.6s<5.4s
                 Class     Images  Instances      Box(P          R      mAP50  mAP50-95): 72% ━━━━━━━━╸─── 36/50 2.8it/s 13.0s<5.1s
                 Class     Images  Instances      Box(P          R      mAP50  mAP50-95): 74% ━━━━━━━━╸─── 37/50 2.8it/s 13.3s<4.7s
                 Class     Images  Instances      Box(P          R      mAP50  mAP50-95): 76% ━━━━━━━━━─── 38/50 2.8it/s 13.7s<4.3s
                 Class     Images  Instances      Box(P          R      mAP50  mAP50-95): 78% ━━━━━━━━━─── 39/50 2.8it/s 14.0s<3.9s
                 Class     Images  Instances      Box(P          R      mAP50  mAP50-95): 80% ━━━━━━━━━╸── 40/50 2.8it/s 14.4s<3.6s
                 Class     Images  Instances      Box(P          R      mAP50  mAP50-95): 82% ━━━━━━━━━╸── 41/50 2.8it/s 14.8s<3.2s
                 Class     Images  Instances      Box(P          R      mAP50  mAP50-95): 84% ━━━━━━━━━━── 42/50 2.8it/s 15.1s<2.9s
                 Class     Images  Instances      Box(P          R      mAP50  mAP50-95): 86% ━━━━━━━━━━── 43/50 2.8it/s 15.5s<2.5s
                 Class     Images  Instances      Box(P          R      mAP50  mAP50-95): 88% ━━━━━━━━━━╸─ 44/50 2.8it/s 15.8s<2.2s
                 Class     Images  Instances      Box(P          R      mAP50  mAP50-95): 90% ━━━━━━━━━━╸─ 45/50 2.8it/s 16.2s<1.8s
                 Class     Images  Instances      Box(P          R      mAP50  mAP50-95): 92% ━━━━━━━━━━━─ 46/50 2.8it/s 16.6s<1.4s
                 Class     Images  Instances      Box(P          R      mAP50  mAP50-95): 94% ━━━━━━━━━━━─ 47/50 2.8it/s 16.9s<1.1s
                 Class     Images  Instances      Box(P          R      mAP50  mAP50-95): 96% ━━━━━━━━━━━╸ 48/50 2.8it/s 17.3s<0.7s
                 Class     Images  Instances      Box(P          R      mAP50  mAP50-95): 98% ━━━━━━━━━━━╸ 49/50 2.8it/s 17.6s<0.4s
                 Class     Images  Instances      Box(P          R      mAP50  mAP50-95): 100% ━━━━━━━━━━━━ 50/50 2.8it/s 17.7s
      Epoch    GPU_mem   box_loss   cls_loss   dfl_loss  Instances       Size
                 Class     Images  Instances      Box(P          R      mAP50  mAP50-95): 2% ──────────── 1/50 1.2s/it 0.4s<1:01
                 Class     Images  Instances      Box(P          R      mAP50  mAP50-95): 4% ──────────── 2/50 1.4it/s 0.7s<34.5s
                 Class     Images  Instances      Box(P          R      mAP50  mAP50-95): 6% ╸─────────── 3/50 1.8it/s 1.1s<25.9s
                 Class     Images  Instances      Box(P          R      mAP50  mAP50-95): 8% ╸─────────── 4/50 2.1it/s 1.4s<21.8s
                 Class     Images  Instances      Box(P          R      mAP50  mAP50-95): 10% ━─────────── 5/50 2.3it/s 1.8s<19.5s
                 Class     Images  Instances      Box(P          R      mAP50  mAP50-95): 12% ━─────────── 6/50 2.5it/s 2.2s<17.9s
                 Class     Images  Instances      Box(P          R      mAP50  mAP50-95): 14% ━╸────────── 7/50 2.5it/s 2.5s<16.9s
                 Class     Images  Instances      Box(P          R      mAP50  mAP50-95): 16% ━╸────────── 8/50 2.6it/s 2.9s<16.0s
                 Class     Images  Instances      Box(P          R      mAP50  mAP50-95): 18% ━━────────── 9/50 2.7it/s 3.2s<15.3s
                 Class     Images  Instances      Box(P          R      mAP50  mAP50-95): 20% ━━────────── 10/50 2.7it/s 3.6s<14.8s
                 Class     Images  Instances      Box(P          R      mAP50  mAP50-95): 22% ━━╸───────── 11/50 2.7it/s 4.0s<14.3s
                 Class     Images  Instances      Box(P          R      mAP50  mAP50-95): 24% ━━╸───────── 12/50 2.7it/s 4.3s<13.9s
                 Class     Images  Instances      Box(P          R      mAP50  mAP50-95): 26% ━━━───────── 13/50 2.7it/s 4.7s<13.5s
                 Class     Images  Instances      Box(P          R      mAP50  mAP50-95): 28% ━━━───────── 14/50 2.8it/s 5.0s<13.0s
                 Class     Images  Instances      Box(P          R      mAP50  mAP50-95): 30% ━━━╸──────── 15/50 2.8it/s 5.4s<12.6s
                 Class     Images  Instances      Box(P          R      mAP50  mAP50-95): 32% ━━━╸──────── 16/50 2.8it/s 5.8s<12.2s
                 Class     Images  Instances      Box(P          R      mAP50  mAP50-95): 34% ━━━━──────── 17/50 2.8it/s 6.1s<11.8s
                 Class     Images  Instances      Box(P          R      mAP50  mAP50-95): 36% ━━━━──────── 18/50 2.8it/s 6.5s<11.4s
                 Class     Images  Instances      Box(P          R      mAP50  mAP50-95): 38% ━━━━╸─────── 19/50 2.8it/s 6.8s<11.2s
                 Class     Images  Instances      Box(P          R      mAP50  mAP50-95): 40% ━━━━╸─────── 20/50 2.8it/s 7.2s<10.8s
                 Class     Images  Instances      Box(P          R      mAP50  mAP50-95): 42% ━━━━━─────── 21/50 2.8it/s 7.6s<10.4s
                 Class     Images  Instances      Box(P          R      mAP50  mAP50-95): 44% ━━━━━─────── 22/50 2.8it/s 7.9s<10.0s
                 Class     Images  Instances      Box(P          R      mAP50  mAP50-95): 46% ━━━━━╸────── 23/50 2.8it/s 8.3s<9.7s
                 Class     Images  Instances      Box(P          R      mAP50  mAP50-95): 48% ━━━━━╸────── 24/50 2.8it/s 8.6s<9.4s
                 Class     Images  Instances      Box(P          R      mAP50  mAP50-95): 50% ━━━━━━────── 25/50 2.8it/s 9.0s<9.0s
                 Class     Images  Instances      Box(P          R      mAP50  mAP50-95): 52% ━━━━━━────── 26/50 2.8it/s 9.4s<8.7s
                 Class     Images  Instances      Box(P          R      mAP50  mAP50-95): 54% ━━━━━━────── 27/50 2.8it/s 9.7s<8.3s
                 Class     Images  Instances      Box(P          R      mAP50  mAP50-95): 56% ━━━━━━╸───── 28/50 2.8it/s 10.1s<8.0s
                 Class     Images  Instances      Box(P          R      mAP50  mAP50-95): 57% ━━━━━━╸───── 29/50 2.8it/s 10.4s<7.6s
                 Class     Images  Instances      Box(P          R      mAP50  mAP50-95): 60% ━━━━━━━───── 30/50 2.8it/s 10.8s<7.2s
                 Class     Images  Instances      Box(P          R      mAP50  mAP50-95): 62% ━━━━━━━───── 31/50 2.8it/s 11.2s<6.8s
                 Class     Images  Instances      Box(P          R      mAP50  mAP50-95): 64% ━━━━━━━╸──── 32/50 2.8it/s 11.5s<6.5s
                 Class     Images  Instances      Box(P          R      mAP50  mAP50-95): 66% ━━━━━━━╸──── 33/50 2.8it/s 11.9s<6.1s
                 Class     Images  Instances      Box(P          R      mAP50  mAP50-95): 68% ━━━━━━━━──── 34/50 2.8it/s 12.2s<5.8s
                 Class     Images  Instances      Box(P          R      mAP50  mAP50-95): 70% ━━━━━━━━──── 35/50 2.8it/s 12.6s<5.4s
                 Class     Images  Instances      Box(P          R      mAP50  mAP50-95): 72% ━━━━━━━━╸─── 36/50 2.8it/s 13.0s<5.0s
                 Class     Images  Instances      Box(P          R      mAP50  mAP50-95): 74% ━━━━━━━━╸─── 37/50 2.8it/s 13.3s<4.7s
                 Class     Images  Instances      Box(P          R      mAP50  mAP50-95): 76% ━━━━━━━━━─── 38/50 2.8it/s 13.7s<4.3s
                 Class     Images  Instances      Box(P          R      mAP50  mAP50-95): 78% ━━━━━━━━━─── 39/50 2.8it/s 14.0s<4.0s
                 Class     Images  Instances      Box(P          R      mAP50  mAP50-95): 80% ━━━━━━━━━╸── 40/50 2.8it/s 14.4s<3.6s
                 Class     Images  Instances      Box(P          R      mAP50  mAP50-95): 82% ━━━━━━━━━╸── 41/50 2.8it/s 14.8s<3.2s
                 Class     Images  Instances      Box(P          R      mAP50  mAP50-95): 84% ━━━━━━━━━━── 42/50 2.8it/s 15.1s<2.9s
                 Class     Images  Instances      Box(P          R      mAP50  mAP50-95): 86% ━━━━━━━━━━── 43/50 2.8it/s 15.5s<2.5s
                 Class     Images  Instances      Box(P          R      mAP50  mAP50-95): 88% ━━━━━━━━━━╸─ 44/50 2.8it/s 15.8s<2.2s
                 Class     Images  Instances      Box(P          R      mAP50  mAP50-95): 90% ━━━━━━━━━━╸─ 45/50 2.8it/s 16.2s<1.8s
                 Class     Images  Instances      Box(P          R      mAP50  mAP50-95): 92% ━━━━━━━━━━━─ 46/50 2.8it/s 16.6s<1.4s
                 Class     Images  Instances      Box(P          R      mAP50  mAP50-95): 94% ━━━━━━━━━━━─ 47/50 2.8it/s 16.9s<1.1s
                 Class     Images  Instances      Box(P          R      mAP50  mAP50-95): 96% ━━━━━━━━━━━╸ 48/50 2.8it/s 17.3s<0.7s
                 Class     Images  Instances      Box(P          R      mAP50  mAP50-95): 98% ━━━━━━━━━━━╸ 49/50 2.8it/s 17.6s<0.4s
                 Class     Images  Instances      Box(P          R      mAP50  mAP50-95): 100% ━━━━━━━━━━━━ 50/50 2.8it/s 17.7s
      Epoch    GPU_mem   box_loss   cls_loss   dfl_loss  Instances       Size
                 Class     Images  Instances      Box(P          R      mAP50  mAP50-95): 2% ──────────── 1/50 1.2s/it 0.4s<59.9s
                 Class     Images  Instances      Box(P          R      mAP50  mAP50-95): 4% ──────────── 2/50 1.4it/s 0.7s<33.9s
                 Class     Images  Instances      Box(P          R      mAP50  mAP50-95): 6% ╸─────────── 3/50 1.8it/s 1.1s<25.9s
                 Class     Images  Instances      Box(P          R      mAP50  mAP50-95): 8% ╸─────────── 4/50 2.1it/s 1.4s<21.9s
                 Class     Images  Instances      Box(P          R      mAP50  mAP50-95): 10% ━─────────── 5/50 2.3it/s 1.8s<19.5s
                 Class     Images  Instances      Box(P          R      mAP50  mAP50-95): 12% ━─────────── 6/50 2.4it/s 2.2s<18.0s
                 Class     Images  Instances      Box(P          R      mAP50  mAP50-95): 14% ━╸────────── 7/50 2.6it/s 2.5s<16.8s
                 Class     Images  Instances      Box(P          R      mAP50  mAP50-95): 16% ━╸────────── 8/50 2.6it/s 2.9s<16.0s
                 Class     Images  Instances      Box(P          R      mAP50  mAP50-95): 18% ━━────────── 9/50 2.7it/s 3.2s<15.4s
                 Class     Images  Instances      Box(P          R      mAP50  mAP50-95): 20% ━━────────── 10/50 2.7it/s 3.6s<14.8s
                 Class     Images  Instances      Box(P          R      mAP50  mAP50-95): 22% ━━╸───────── 11/50 2.7it/s 4.0s<14.3s
                 Class     Images  Instances      Box(P          R      mAP50  mAP50-95): 24% ━━╸───────── 12/50 2.7it/s 4.3s<13.8s
                 Class     Images  Instances      Box(P          R      mAP50  mAP50-95): 26% ━━━───────── 13/50 2.8it/s 4.7s<13.4s
                 Class     Images  Instances      Box(P          R      mAP50  mAP50-95): 28% ━━━───────── 14/50 2.7it/s 5.0s<13.1s
                 Class     Images  Instances      Box(P          R      mAP50  mAP50-95): 30% ━━━╸──────── 15/50 2.8it/s 5.4s<12.7s
                 Class     Images  Instances      Box(P          R      mAP50  mAP50-95): 32% ━━━╸──────── 16/50 2.8it/s 5.8s<12.2s
                 Class     Images  Instances      Box(P          R      mAP50  mAP50-95): 34% ━━━━──────── 17/50 2.8it/s 6.1s<11.8s
                 Class     Images  Instances      Box(P          R      mAP50  mAP50-95): 36% ━━━━──────── 18/50 2.8it/s 6.5s<11.5s
                 Class     Images  Instances      Box(P          R      mAP50  mAP50-95): 38% ━━━━╸─────── 19/50 2.8it/s 6.8s<11.1s
                 Class     Images  Instances      Box(P          R      mAP50  mAP50-95): 40% ━━━━╸─────── 20/50 2.8it/s 7.2s<10.7s
                 Class     Images  Instances      Box(P          R      mAP50  mAP50-95): 42% ━━━━━─────── 21/50 2.8it/s 7.5s<10.4s
                 Class     Images  Instances      Box(P          R      mAP50  mAP50-95): 44% ━━━━━─────── 22/50 2.8it/s 7.9s<10.0s
                 Class     Images  Instances      Box(P          R      mAP50  mAP50-95): 46% ━━━━━╸────── 23/50 2.8it/s 8.3s<9.7s
                 Class     Images  Instances      Box(P          R      mAP50  mAP50-95): 48% ━━━━━╸────── 24/50 2.8it/s 8.6s<9.3s
                 Class     Images  Instances      Box(P          R      mAP50  mAP50-95): 50% ━━━━━━────── 25/50 2.8it/s 9.0s<8.9s
                 Class     Images  Instances      Box(P          R      mAP50  mAP50-95): 52% ━━━━━━────── 26/50 2.8it/s 9.3s<8.6s
                 Class     Images  Instances      Box(P          R      mAP50  mAP50-95): 54% ━━━━━━────── 27/50 2.8it/s 9.7s<8.2s
                 Class     Images  Instances      Box(P          R      mAP50  mAP50-95): 56% ━━━━━━╸───── 28/50 2.8it/s 10.0s<7.9s
                 Class     Images  Instances      Box(P          R      mAP50  mAP50-95): 57% ━━━━━━╸───── 29/50 2.8it/s 10.4s<7.5s
                 Class     Images  Instances      Box(P          R      mAP50  mAP50-95): 60% ━━━━━━━───── 30/50 2.8it/s 10.8s<7.2s
                 Class     Images  Instances      Box(P          R      mAP50  mAP50-95): 62% ━━━━━━━───── 31/50 2.8it/s 11.1s<6.8s
                 Class     Images  Instances      Box(P          R      mAP50  mAP50-95): 64% ━━━━━━━╸──── 32/50 2.8it/s 11.5s<6.5s
                 Class     Images  Instances      Box(P          R      mAP50  mAP50-95): 66% ━━━━━━━╸──── 33/50 2.8it/s 11.8s<6.1s
                 Class     Images  Instances      Box(P          R      mAP50  mAP50-95): 68% ━━━━━━━━──── 34/50 2.8it/s 12.2s<5.8s
                 Class     Images  Instances      Box(P          R      mAP50  mAP50-95): 70% ━━━━━━━━──── 35/50 2.8it/s 12.6s<5.4s
                 Class     Images  Instances      Box(P          R      mAP50  mAP50-95): 72% ━━━━━━━━╸─── 36/50 2.8it/s 12.9s<5.0s
                 Class     Images  Instances      Box(P          R      mAP50  mAP50-95): 74% ━━━━━━━━╸─── 37/50 2.8it/s 13.3s<4.7s
                 Class     Images  Instances      Box(P          R      mAP50  mAP50-95): 76% ━━━━━━━━━─── 38/50 2.8it/s 13.6s<4.3s
                 Class     Images  Instances      Box(P          R      mAP50  mAP50-95): 78% ━━━━━━━━━─── 39/50 2.8it/s 14.0s<4.0s
                 Class     Images  Instances      Box(P          R      mAP50  mAP50-95): 80% ━━━━━━━━━╸── 40/50 2.8it/s 14.4s<3.6s
                 Class     Images  Instances      Box(P          R      mAP50  mAP50-95): 82% ━━━━━━━━━╸── 41/50 2.8it/s 14.7s<3.2s
                 Class     Images  Instances      Box(P          R      mAP50  mAP50-95): 84% ━━━━━━━━━━── 42/50 2.8it/s 15.1s<2.9s
                 Class     Images  Instances      Box(P          R      mAP50  mAP50-95): 86% ━━━━━━━━━━── 43/50 2.8it/s 15.4s<2.5s
                 Class     Images  Instances      Box(P          R      mAP50  mAP50-95): 88% ━━━━━━━━━━╸─ 44/50 2.8it/s 15.8s<2.2s
                 Class     Images  Instances      Box(P          R      mAP50  mAP50-95): 90% ━━━━━━━━━━╸─ 45/50 2.8it/s 16.2s<1.8s
                 Class     Images  Instances      Box(P          R      mAP50  mAP50-95): 92% ━━━━━━━━━━━─ 46/50 2.8it/s 16.5s<1.4s
                 Class     Images  Instances      Box(P          R      mAP50  mAP50-95): 94% ━━━━━━━━━━━─ 47/50 2.8it/s 16.9s<1.1s
                 Class     Images  Instances      Box(P          R      mAP50  mAP50-95): 96% ━━━━━━━━━━━╸ 48/50 2.8it/s 17.2s<0.7s
                 Class     Images  Instances      Box(P          R      mAP50  mAP50-95): 98% ━━━━━━━━━━━╸ 49/50 2.8it/s 17.6s<0.4s
                 Class     Images  Instances      Box(P          R      mAP50  mAP50-95): 100% ━━━━━━━━━━━━ 50/50 2.8it/s 17.7s
      Epoch    GPU_mem   box_loss   cls_loss   dfl_loss  Instances       Size
                 Class     Images  Instances      Box(P          R      mAP50  mAP50-95): 2% ──────────── 1/50 1.2s/it 0.4s<58.0s
                 Class     Images  Instances      Box(P          R      mAP50  mAP50-95): 4% ──────────── 2/50 1.4it/s 0.7s<33.5s
                 Class     Images  Instances      Box(P          R      mAP50  mAP50-95): 6% ╸─────────── 3/50 1.8it/s 1.1s<25.5s
                 Class     Images  Instances      Box(P          R      mAP50  mAP50-95): 8% ╸─────────── 4/50 2.1it/s 1.4s<21.6s
                 Class     Images  Instances      Box(P          R      mAP50  mAP50-95): 10% ━─────────── 5/50 2.3it/s 1.8s<19.3s
                 Class     Images  Instances      Box(P          R      mAP50  mAP50-95): 12% ━─────────── 6/50 2.5it/s 2.1s<17.8s
                 Class     Images  Instances      Box(P          R      mAP50  mAP50-95): 14% ━╸────────── 7/50 2.6it/s 2.5s<16.7s
                 Class     Images  Instances      Box(P          R      mAP50  mAP50-95): 16% ━╸────────── 8/50 2.6it/s 2.9s<16.1s
                 Class     Images  Instances      Box(P          R      mAP50  mAP50-95): 18% ━━────────── 9/50 2.7it/s 3.2s<15.4s
                 Class     Images  Instances      Box(P          R      mAP50  mAP50-95): 20% ━━────────── 10/50 2.7it/s 3.6s<14.8s
                 Class     Images  Instances      Box(P          R      mAP50  mAP50-95): 22% ━━╸───────── 11/50 2.7it/s 3.9s<14.3s
                 Class     Images  Instances      Box(P          R      mAP50  mAP50-95): 24% ━━╸───────── 12/50 2.8it/s 4.3s<13.8s
                 Class     Images  Instances      Box(P          R      mAP50  mAP50-95): 26% ━━━───────── 13/50 2.8it/s 4.7s<13.4s
                 Class     Images  Instances      Box(P          R      mAP50  mAP50-95): 28% ━━━───────── 14/50 2.8it/s 5.0s<13.0s
                 Class     Images  Instances      Box(P          R      mAP50  mAP50-95): 30% ━━━╸──────── 15/50 2.8it/s 5.4s<12.6s
                 Class     Images  Instances      Box(P          R      mAP50  mAP50-95): 32% ━━━╸──────── 16/50 2.8it/s 5.7s<12.2s
                 Class     Images  Instances      Box(P          R      mAP50  mAP50-95): 34% ━━━━──────── 17/50 2.8it/s 6.1s<11.8s
                 Class     Images  Instances      Box(P          R      mAP50  mAP50-95): 36% ━━━━──────── 18/50 2.8it/s 6.4s<11.5s
                 Class     Images  Instances      Box(P          R      mAP50  mAP50-95): 38% ━━━━╸─────── 19/50 2.8it/s 6.8s<11.1s
                 Class     Images  Instances      Box(P          R      mAP50  mAP50-95): 40% ━━━━╸─────── 20/50 2.8it/s 7.2s<10.8s
                 Class     Images  Instances      Box(P          R      mAP50  mAP50-95): 42% ━━━━━─────── 21/50 2.8it/s 7.5s<10.4s
                 Class     Images  Instances      Box(P          R      mAP50  mAP50-95): 44% ━━━━━─────── 22/50 2.8it/s 7.9s<10.1s
                 Class     Images  Instances      Box(P          R      mAP50  mAP50-95): 46% ━━━━━╸────── 23/50 2.8it/s 8.2s<9.7s
                 Class     Images  Instances      Box(P          R      mAP50  mAP50-95): 48% ━━━━━╸────── 24/50 2.8it/s 8.6s<9.3s
                 Class     Images  Instances      Box(P          R      mAP50  mAP50-95): 50% ━━━━━━────── 25/50 2.8it/s 9.0s<9.0s
                 Class     Images  Instances      Box(P          R      mAP50  mAP50-95): 52% ━━━━━━────── 26/50 2.8it/s 9.3s<8.6s
                 Class     Images  Instances      Box(P          R      mAP50  mAP50-95): 54% ━━━━━━────── 27/50 2.8it/s 9.7s<8.2s
                 Class     Images  Instances      Box(P          R      mAP50  mAP50-95): 56% ━━━━━━╸───── 28/50 2.8it/s 10.0s<7.9s
                 Class     Images  Instances      Box(P          R      mAP50  mAP50-95): 57% ━━━━━━╸───── 29/50 2.8it/s 10.4s<7.5s
                 Class     Images  Instances      Box(P          R      mAP50  mAP50-95): 60% ━━━━━━━───── 30/50 2.8it/s 10.7s<7.1s
                 Class     Images  Instances      Box(P          R      mAP50  mAP50-95): 62% ━━━━━━━───── 31/50 2.8it/s 11.1s<6.8s
                 Class     Images  Instances      Box(P          R      mAP50  mAP50-95): 64% ━━━━━━━╸──── 32/50 2.8it/s 11.5s<6.4s
                 Class     Images  Instances      Box(P          R      mAP50  mAP50-95): 66% ━━━━━━━╸──── 33/50 2.8it/s 11.8s<6.1s
                 Class     Images  Instances      Box(P          R      mAP50  mAP50-95): 68% ━━━━━━━━──── 34/50 2.8it/s 12.2s<5.7s
                 Class     Images  Instances      Box(P          R      mAP50  mAP50-95): 70% ━━━━━━━━──── 35/50 2.8it/s 12.5s<5.4s
                 Class     Images  Instances      Box(P          R      mAP50  mAP50-95): 72% ━━━━━━━━╸─── 36/50 2.8it/s 12.9s<5.0s
                 Class     Images  Instances      Box(P          R      mAP50  mAP50-95): 74% ━━━━━━━━╸─── 37/50 2.8it/s 13.3s<4.7s
                 Class     Images  Instances      Box(P          R      mAP50  mAP50-95): 76% ━━━━━━━━━─── 38/50 2.8it/s 13.6s<4.3s
                 Class     Images  Instances      Box(P          R      mAP50  mAP50-95): 78% ━━━━━━━━━─── 39/50 2.8it/s 14.0s<3.9s
                 Class     Images  Instances      Box(P          R      mAP50  mAP50-95): 80% ━━━━━━━━━╸── 40/50 2.8it/s 14.3s<3.6s
                 Class     Images  Instances      Box(P          R      mAP50  mAP50-95): 82% ━━━━━━━━━╸── 41/50 2.8it/s 14.7s<3.2s
                 Class     Images  Instances      Box(P          R      mAP50  mAP50-95): 84% ━━━━━━━━━━── 42/50 2.8it/s 15.1s<2.9s
                 Class     Images  Instances      Box(P          R      mAP50  mAP50-95): 86% ━━━━━━━━━━── 43/50 2.8it/s 15.4s<2.5s
                 Class     Images  Instances      Box(P          R      mAP50  mAP50-95): 88% ━━━━━━━━━━╸─ 44/50 2.8it/s 15.8s<2.2s
                 Class     Images  Instances      Box(P          R      mAP50  mAP50-95): 90% ━━━━━━━━━━╸─ 45/50 2.8it/s 16.1s<1.8s
                 Class     Images  Instances      Box(P          R      mAP50  mAP50-95): 92% ━━━━━━━━━━━─ 46/50 2.8it/s 16.5s<1.4s
                 Class     Images  Instances      Box(P          R      mAP50  mAP50-95): 94% ━━━━━━━━━━━─ 47/50 2.8it/s 16.9s<1.1s
                 Class     Images  Instances      Box(P          R      mAP50  mAP50-95): 96% ━━━━━━━━━━━╸ 48/50 2.8it/s 17.2s<0.7s
                 Class     Images  Instances      Box(P          R      mAP50  mAP50-95): 98% ━━━━━━━━━━━╸ 49/50 2.8it/s 17.6s<0.4s
                 Class     Images  Instances      Box(P          R      mAP50  mAP50-95): 100% ━━━━━━━━━━━━ 50/50 2.8it/s 17.7s
      Epoch    GPU_mem   box_loss   cls_loss   dfl_loss  Instances       Size
                 Class     Images  Instances      Box(P          R      mAP50  mAP50-95): 2% ──────────── 1/50 1.2s/it 0.4s<1:00
                 Class     Images  Instances      Box(P          R      mAP50  mAP50-95): 4% ──────────── 2/50 1.4it/s 0.7s<34.1s
                 Class     Images  Instances      Box(P          R      mAP50  mAP50-95): 6% ╸─────────── 3/50 1.8it/s 1.1s<25.7s
                 Class     Images  Instances      Box(P          R      mAP50  mAP50-95): 8% ╸─────────── 4/50 2.1it/s 1.4s<21.9s
                 Class     Images  Instances      Box(P          R      mAP50  mAP50-95): 10% ━─────────── 5/50 2.3it/s 1.8s<19.5s
                 Class     Images  Instances      Box(P          R      mAP50  mAP50-95): 12% ━─────────── 6/50 2.5it/s 2.2s<17.9s
                 Class     Images  Instances      Box(P          R      mAP50  mAP50-95): 14% ━╸────────── 7/50 2.6it/s 2.5s<16.8s
                 Class     Images  Instances      Box(P          R      mAP50  mAP50-95): 16% ━╸────────── 8/50 2.6it/s 2.9s<16.0s
                 Class     Images  Instances      Box(P          R      mAP50  mAP50-95): 18% ━━────────── 9/50 2.7it/s 3.2s<15.3s
                 Class     Images  Instances      Box(P          R      mAP50  mAP50-95): 20% ━━────────── 10/50 2.7it/s 3.6s<14.8s
                 Class     Images  Instances      Box(P          R      mAP50  mAP50-95): 22% ━━╸───────── 11/50 2.7it/s 4.0s<14.5s
                 Class     Images  Instances      Box(P          R      mAP50  mAP50-95): 24% ━━╸───────── 12/50 2.7it/s 4.3s<14.0s
                 Class     Images  Instances      Box(P          R      mAP50  mAP50-95): 26% ━━━───────── 13/50 2.7it/s 4.7s<13.5s
                 Class     Images  Instances      Box(P          R      mAP50  mAP50-95): 28% ━━━───────── 14/50 2.7it/s 5.1s<13.1s
                 Class     Images  Instances      Box(P          R      mAP50  mAP50-95): 30% ━━━╸──────── 15/50 2.8it/s 5.4s<12.7s
                 Class     Images  Instances      Box(P          R      mAP50  mAP50-95): 32% ━━━╸──────── 16/50 2.8it/s 5.8s<12.3s
                 Class     Images  Instances      Box(P          R      mAP50  mAP50-95): 34% ━━━━──────── 17/50 2.8it/s 6.1s<11.8s
                 Class     Images  Instances      Box(P          R      mAP50  mAP50-95): 36% ━━━━──────── 18/50 2.8it/s 6.5s<11.5s
                 Class     Images  Instances      Box(P          R      mAP50  mAP50-95): 38% ━━━━╸─────── 19/50 2.8it/s 6.9s<11.2s
                 Class     Images  Instances      Box(P          R      mAP50  mAP50-95): 40% ━━━━╸─────── 20/50 2.8it/s 7.2s<10.8s
                 Class     Images  Instances      Box(P          R      mAP50  mAP50-95): 42% ━━━━━─────── 21/50 2.8it/s 7.6s<10.4s
                 Class     Images  Instances      Box(P          R      mAP50  mAP50-95): 44% ━━━━━─────── 22/50 2.8it/s 7.9s<10.0s
                 Class     Images  Instances      Box(P          R      mAP50  mAP50-95): 46% ━━━━━╸────── 23/50 2.8it/s 8.3s<9.7s
                 Class     Images  Instances      Box(P          R      mAP50  mAP50-95): 48% ━━━━━╸────── 24/50 2.8it/s 8.6s<9.3s
                 Class     Images  Instances      Box(P          R      mAP50  mAP50-95): 50% ━━━━━━────── 25/50 2.8it/s 9.0s<8.9s
                 Class     Images  Instances      Box(P          R      mAP50  mAP50-95): 52% ━━━━━━────── 26/50 2.8it/s 9.4s<8.6s
                 Class     Images  Instances      Box(P          R      mAP50  mAP50-95): 54% ━━━━━━────── 27/50 2.8it/s 9.7s<8.2s
                 Class     Images  Instances      Box(P          R      mAP50  mAP50-95): 56% ━━━━━━╸───── 28/50 2.8it/s 10.1s<7.9s
                 Class     Images  Instances      Box(P          R      mAP50  mAP50-95): 57% ━━━━━━╸───── 29/50 2.8it/s 10.4s<7.5s
                 Class     Images  Instances      Box(P          R      mAP50  mAP50-95): 60% ━━━━━━━───── 30/50 2.8it/s 10.8s<7.1s
                 Class     Images  Instances      Box(P          R      mAP50  mAP50-95): 62% ━━━━━━━───── 31/50 2.8it/s 11.1s<6.8s
                 Class     Images  Instances      Box(P          R      mAP50  mAP50-95): 64% ━━━━━━━╸──── 32/50 2.8it/s 11.5s<6.4s
                 Class     Images  Instances      Box(P          R      mAP50  mAP50-95): 66% ━━━━━━━╸──── 33/50 2.8it/s 11.9s<6.2s
                 Class     Images  Instances      Box(P          R      mAP50  mAP50-95): 68% ━━━━━━━━──── 34/50 2.8it/s 12.2s<5.8s
                 Class     Images  Instances      Box(P          R      mAP50  mAP50-95): 70% ━━━━━━━━──── 35/50 2.8it/s 12.6s<5.4s
                 Class     Images  Instances      Box(P          R      mAP50  mAP50-95): 72% ━━━━━━━━╸─── 36/50 2.8it/s 13.0s<5.1s
                 Class     Images  Instances      Box(P          R      mAP50  mAP50-95): 74% ━━━━━━━━╸─── 37/50 2.8it/s 13.3s<4.7s
                 Class     Images  Instances      Box(P          R      mAP50  mAP50-95): 76% ━━━━━━━━━─── 38/50 2.8it/s 13.7s<4.3s
                 Class     Images  Instances      Box(P          R      mAP50  mAP50-95): 78% ━━━━━━━━━─── 39/50 2.8it/s 14.0s<3.9s
                 Class     Images  Instances      Box(P          R      mAP50  mAP50-95): 80% ━━━━━━━━━╸── 40/50 2.8it/s 14.4s<3.6s
                 Class     Images  Instances      Box(P          R      mAP50  mAP50-95): 82% ━━━━━━━━━╸── 41/50 2.8it/s 14.7s<3.2s
                 Class     Images  Instances      Box(P          R      mAP50  mAP50-95): 84% ━━━━━━━━━━── 42/50 2.8it/s 15.1s<2.9s
                 Class     Images  Instances      Box(P          R      mAP50  mAP50-95): 86% ━━━━━━━━━━── 43/50 2.8it/s 15.5s<2.5s
                 Class     Images  Instances      Box(P          R      mAP50  mAP50-95): 88% ━━━━━━━━━━╸─ 44/50 2.8it/s 15.8s<2.2s
                 Class     Images  Instances      Box(P          R      mAP50  mAP50-95): 90% ━━━━━━━━━━╸─ 45/50 2.8it/s 16.2s<1.8s
                 Class     Images  Instances      Box(P          R      mAP50  mAP50-95): 92% ━━━━━━━━━━━─ 46/50 2.8it/s 16.5s<1.4s
                 Class     Images  Instances      Box(P          R      mAP50  mAP50-95): 94% ━━━━━━━━━━━─ 47/50 2.8it/s 16.9s<1.1s
                 Class     Images  Instances      Box(P          R      mAP50  mAP50-95): 96% ━━━━━━━━━━━╸ 48/50 2.7it/s 17.3s<0.7s
                 Class     Images  Instances      Box(P          R      mAP50  mAP50-95): 98% ━━━━━━━━━━━╸ 49/50 2.8it/s 17.6s<0.4s
                 Class     Images  Instances      Box(P          R      mAP50  mAP50-95): 100% ━━━━━━━━━━━━ 50/50 2.8it/s 17.7s
      Epoch    GPU_mem   box_loss   cls_loss   dfl_loss  Instances       Size
                 Class     Images  Instances      Box(P          R      mAP50  mAP50-95): 2% ──────────── 1/50 1.3s/it 0.4s<1:01
                 Class     Images  Instances      Box(P          R      mAP50  mAP50-95): 4% ──────────── 2/50 1.4it/s 0.7s<35.0s
                 Class     Images  Instances      Box(P          R      mAP50  mAP50-95): 6% ╸─────────── 3/50 1.8it/s 1.1s<26.0s
                 Class     Images  Instances      Box(P          R      mAP50  mAP50-95): 8% ╸─────────── 4/50 2.1it/s 1.5s<21.9s
                 Class     Images  Instances      Box(P          R      mAP50  mAP50-95): 10% ━─────────── 5/50 2.3it/s 1.8s<19.5s
                 Class     Images  Instances      Box(P          R      mAP50  mAP50-95): 12% ━─────────── 6/50 2.5it/s 2.2s<17.9s
                 Class     Images  Instances      Box(P          R      mAP50  mAP50-95): 14% ━╸────────── 7/50 2.5it/s 2.5s<16.9s
                 Class     Images  Instances      Box(P          R      mAP50  mAP50-95): 16% ━╸────────── 8/50 2.6it/s 2.9s<16.0s
                 Class     Images  Instances      Box(P          R      mAP50  mAP50-95): 18% ━━────────── 9/50 2.7it/s 3.3s<15.3s
                 Class     Images  Instances      Box(P          R      mAP50  mAP50-95): 20% ━━────────── 10/50 2.7it/s 3.6s<14.7s
                 Class     Images  Instances      Box(P          R      mAP50  mAP50-95): 22% ━━╸───────── 11/50 2.7it/s 4.0s<14.2s
                 Class     Images  Instances      Box(P          R      mAP50  mAP50-95): 24% ━━╸───────── 12/50 2.8it/s 4.3s<13.8s
                 Class     Images  Instances      Box(P          R      mAP50  mAP50-95): 26% ━━━───────── 13/50 2.8it/s 4.7s<13.4s
                 Class     Images  Instances      Box(P          R      mAP50  mAP50-95): 28% ━━━───────── 14/50 2.8it/s 5.0s<12.9s
                 Class     Images  Instances      Box(P          R      mAP50  mAP50-95): 30% ━━━╸──────── 15/50 2.8it/s 5.4s<12.6s
                 Class     Images  Instances      Box(P          R      mAP50  mAP50-95): 32% ━━━╸──────── 16/50 2.8it/s 5.8s<12.2s
                 Class     Images  Instances      Box(P          R      mAP50  mAP50-95): 34% ━━━━──────── 17/50 2.8it/s 6.1s<11.8s
                 Class     Images  Instances      Box(P          R      mAP50  mAP50-95): 36% ━━━━──────── 18/50 2.8it/s 6.5s<11.5s
                 Class     Images  Instances      Box(P          R      mAP50  mAP50-95): 38% ━━━━╸─────── 19/50 2.8it/s 6.8s<11.1s
                 Class     Images  Instances      Box(P          R      mAP50  mAP50-95): 40% ━━━━╸─────── 20/50 2.8it/s 7.2s<10.7s
                 Class     Images  Instances      Box(P          R      mAP50  mAP50-95): 42% ━━━━━─────── 21/50 2.8it/s 7.5s<10.4s
                 Class     Images  Instances      Box(P          R      mAP50  mAP50-95): 44% ━━━━━─────── 22/50 2.8it/s 7.9s<10.0s
                 Class     Images  Instances      Box(P          R      mAP50  mAP50-95): 46% ━━━━━╸────── 23/50 2.8it/s 8.3s<9.7s
                 Class     Images  Instances      Box(P          R      mAP50  mAP50-95): 48% ━━━━━╸────── 24/50 2.8it/s 8.6s<9.3s
                 Class     Images  Instances      Box(P          R      mAP50  mAP50-95): 50% ━━━━━━────── 25/50 2.8it/s 9.0s<8.9s
                 Class     Images  Instances      Box(P          R      mAP50  mAP50-95): 52% ━━━━━━────── 26/50 2.8it/s 9.3s<8.6s
                 Class     Images  Instances      Box(P          R      mAP50  mAP50-95): 54% ━━━━━━────── 27/50 2.8it/s 9.7s<8.2s
                 Class     Images  Instances      Box(P          R      mAP50  mAP50-95): 56% ━━━━━━╸───── 28/50 2.8it/s 10.0s<7.9s
                 Class     Images  Instances      Box(P          R      mAP50  mAP50-95): 57% ━━━━━━╸───── 29/50 2.8it/s 10.4s<7.6s
                 Class     Images  Instances      Box(P          R      mAP50  mAP50-95): 60% ━━━━━━━───── 30/50 2.8it/s 10.8s<7.2s
                 Class     Images  Instances      Box(P          R      mAP50  mAP50-95): 62% ━━━━━━━───── 31/50 2.8it/s 11.1s<6.8s
                 Class     Images  Instances      Box(P          R      mAP50  mAP50-95): 64% ━━━━━━━╸──── 32/50 2.8it/s 11.5s<6.4s
                 Class     Images  Instances      Box(P          R      mAP50  mAP50-95): 66% ━━━━━━━╸──── 33/50 2.8it/s 11.8s<6.1s
                 Class     Images  Instances      Box(P          R      mAP50  mAP50-95): 68% ━━━━━━━━──── 34/50 2.8it/s 12.2s<5.7s
                 Class     Images  Instances      Box(P          R      mAP50  mAP50-95): 70% ━━━━━━━━──── 35/50 2.8it/s 12.6s<5.4s
                 Class     Images  Instances      Box(P          R      mAP50  mAP50-95): 72% ━━━━━━━━╸─── 36/50 2.8it/s 12.9s<5.0s
                 Class     Images  Instances      Box(P          R      mAP50  mAP50-95): 74% ━━━━━━━━╸─── 37/50 2.8it/s 13.3s<4.7s
                 Class     Images  Instances      Box(P          R      mAP50  mAP50-95): 76% ━━━━━━━━━─── 38/50 2.8it/s 13.6s<4.3s
                 Class     Images  Instances      Box(P          R      mAP50  mAP50-95): 78% ━━━━━━━━━─── 39/50 2.8it/s 14.0s<3.9s
                 Class     Images  Instances      Box(P          R      mAP50  mAP50-95): 80% ━━━━━━━━━╸── 40/50 2.8it/s 14.4s<3.6s
                 Class     Images  Instances      Box(P          R      mAP50  mAP50-95): 82% ━━━━━━━━━╸── 41/50 2.8it/s 14.7s<3.2s
                 Class     Images  Instances      Box(P          R      mAP50  mAP50-95): 84% ━━━━━━━━━━── 42/50 2.8it/s 15.1s<2.9s
                 Class     Images  Instances      Box(P          R      mAP50  mAP50-95): 86% ━━━━━━━━━━── 43/50 2.8it/s 15.4s<2.5s
                 Class     Images  Instances      Box(P          R      mAP50  mAP50-95): 88% ━━━━━━━━━━╸─ 44/50 2.8it/s 15.8s<2.1s
                 Class     Images  Instances      Box(P          R      mAP50  mAP50-95): 90% ━━━━━━━━━━╸─ 45/50 2.8it/s 16.1s<1.8s
                 Class     Images  Instances      Box(P          R      mAP50  mAP50-95): 92% ━━━━━━━━━━━─ 46/50 2.8it/s 16.5s<1.4s
                 Class     Images  Instances      Box(P          R      mAP50  mAP50-95): 94% ━━━━━━━━━━━─ 47/50 2.8it/s 16.9s<1.1s
                 Class     Images  Instances      Box(P          R      mAP50  mAP50-95): 96% ━━━━━━━━━━━╸ 48/50 2.8it/s 17.2s<0.7s
                 Class     Images  Instances      Box(P          R      mAP50  mAP50-95): 98% ━━━━━━━━━━━╸ 49/50 2.8it/s 17.6s<0.4s
                 Class     Images  Instances      Box(P          R      mAP50  mAP50-95): 100% ━━━━━━━━━━━━ 50/50 2.8it/s 17.7s
      Epoch    GPU_mem   box_loss   cls_loss   dfl_loss  Instances       Size
                 Class     Images  Instances      Box(P          R      mAP50  mAP50-95): 2% ──────────── 1/50 1.2s/it 0.4s<59.5s
                 Class     Images  Instances      Box(P          R      mAP50  mAP50-95): 4% ──────────── 2/50 1.4it/s 0.7s<33.9s
                 Class     Images  Instances      Box(P          R      mAP50  mAP50-95): 6% ╸─────────── 3/50 1.8it/s 1.1s<25.6s
                 Class     Images  Instances      Box(P          R      mAP50  mAP50-95): 8% ╸─────────── 4/50 2.1it/s 1.4s<21.7s
                 Class     Images  Instances      Box(P          R      mAP50  mAP50-95): 10% ━─────────── 5/50 2.3it/s 1.8s<19.6s
                 Class     Images  Instances      Box(P          R      mAP50  mAP50-95): 12% ━─────────── 6/50 2.5it/s 2.2s<17.9s
                 Class     Images  Instances      Box(P          R      mAP50  mAP50-95): 14% ━╸────────── 7/50 2.6it/s 2.5s<16.8s
                 Class     Images  Instances      Box(P          R      mAP50  mAP50-95): 16% ━╸────────── 8/50 2.6it/s 2.9s<16.0s
                 Class     Images  Instances      Box(P          R      mAP50  mAP50-95): 18% ━━────────── 9/50 2.7it/s 3.2s<15.4s
                 Class     Images  Instances      Box(P          R      mAP50  mAP50-95): 20% ━━────────── 10/50 2.7it/s 3.6s<14.9s
                 Class     Images  Instances      Box(P          R      mAP50  mAP50-95): 22% ━━╸───────── 11/50 2.7it/s 4.0s<14.3s
                 Class     Images  Instances      Box(P          R      mAP50  mAP50-95): 24% ━━╸───────── 12/50 2.7it/s 4.3s<13.9s
                 Class     Images  Instances      Box(P          R      mAP50  mAP50-95): 26% ━━━───────── 13/50 2.8it/s 4.7s<13.4s
                 Class     Images  Instances      Box(P          R      mAP50  mAP50-95): 28% ━━━───────── 14/50 2.8it/s 5.0s<13.0s
                 Class     Images  Instances      Box(P          R      mAP50  mAP50-95): 30% ━━━╸──────── 15/50 2.8it/s 5.4s<12.7s
                 Class     Images  Instances      Box(P          R      mAP50  mAP50-95): 32% ━━━╸──────── 16/50 2.8it/s 5.8s<12.3s
                 Class     Images  Instances      Box(P          R      mAP50  mAP50-95): 34% ━━━━──────── 17/50 2.8it/s 6.1s<12.0s
                 Class     Images  Instances      Box(P          R      mAP50  mAP50-95): 36% ━━━━──────── 18/50 2.7it/s 6.5s<11.8s
                 Class     Images  Instances      Box(P          R      mAP50  mAP50-95): 38% ━━━━╸─────── 19/50 2.7it/s 6.9s<11.4s
                 Class     Images  Instances      Box(P          R      mAP50  mAP50-95): 40% ━━━━╸─────── 20/50 2.7it/s 7.2s<11.0s
                 Class     Images  Instances      Box(P          R      mAP50  mAP50-95): 42% ━━━━━─────── 21/50 2.7it/s 7.6s<10.5s
                 Class     Images  Instances      Box(P          R      mAP50  mAP50-95): 44% ━━━━━─────── 22/50 2.8it/s 8.0s<10.2s
                 Class     Images  Instances      Box(P          R      mAP50  mAP50-95): 46% ━━━━━╸────── 23/50 2.8it/s 8.3s<9.8s
                 Class     Images  Instances      Box(P          R      mAP50  mAP50-95): 48% ━━━━━╸────── 24/50 2.8it/s 8.7s<9.3s
                 Class     Images  Instances      Box(P          R      mAP50  mAP50-95): 50% ━━━━━━────── 25/50 2.8it/s 9.0s<9.0s
                 Class     Images  Instances      Box(P          R      mAP50  mAP50-95): 52% ━━━━━━────── 26/50 2.8it/s 9.4s<8.7s
                 Class     Images  Instances      Box(P          R      mAP50  mAP50-95): 54% ━━━━━━────── 27/50 2.8it/s 9.8s<8.3s
                 Class     Images  Instances      Box(P          R      mAP50  mAP50-95): 56% ━━━━━━╸───── 28/50 2.8it/s 10.1s<7.9s
                 Class     Images  Instances      Box(P          R      mAP50  mAP50-95): 57% ━━━━━━╸───── 29/50 2.8it/s 10.5s<7.5s
                 Class     Images  Instances      Box(P          R      mAP50  mAP50-95): 60% ━━━━━━━───── 30/50 2.8it/s 10.8s<7.2s
                 Class     Images  Instances      Box(P          R      mAP50  mAP50-95): 62% ━━━━━━━───── 31/50 2.8it/s 11.2s<6.8s
                 Class     Images  Instances      Box(P          R      mAP50  mAP50-95): 64% ━━━━━━━╸──── 32/50 2.8it/s 11.5s<6.4s
                 Class     Images  Instances      Box(P          R      mAP50  mAP50-95): 66% ━━━━━━━╸──── 33/50 2.8it/s 11.9s<6.1s
                 Class     Images  Instances      Box(P          R      mAP50  mAP50-95): 68% ━━━━━━━━──── 34/50 2.8it/s 12.3s<5.7s
                 Class     Images  Instances      Box(P          R      mAP50  mAP50-95): 70% ━━━━━━━━──── 35/50 2.8it/s 12.6s<5.4s
                 Class     Images  Instances      Box(P          R      mAP50  mAP50-95): 72% ━━━━━━━━╸─── 36/50 2.8it/s 13.0s<5.0s
                 Class     Images  Instances      Box(P          R      mAP50  mAP50-95): 74% ━━━━━━━━╸─── 37/50 2.8it/s 13.3s<4.7s
                 Class     Images  Instances      Box(P          R      mAP50  mAP50-95): 76% ━━━━━━━━━─── 38/50 2.8it/s 13.7s<4.3s
                 Class     Images  Instances      Box(P          R      mAP50  mAP50-95): 78% ━━━━━━━━━─── 39/50 2.8it/s 14.1s<3.9s
                 Class     Images  Instances      Box(P          R      mAP50  mAP50-95): 80% ━━━━━━━━━╸── 40/50 2.8it/s 14.4s<3.6s
                 Class     Images  Instances      Box(P          R      mAP50  mAP50-95): 82% ━━━━━━━━━╸── 41/50 2.8it/s 14.8s<3.2s
                 Class     Images  Instances      Box(P          R      mAP50  mAP50-95): 84% ━━━━━━━━━━── 42/50 2.8it/s 15.1s<2.9s
                 Class     Images  Instances      Box(P          R      mAP50  mAP50-95): 86% ━━━━━━━━━━── 43/50 2.7it/s 15.5s<2.5s
                 Class     Images  Instances      Box(P          R      mAP50  mAP50-95): 88% ━━━━━━━━━━╸─ 44/50 2.8it/s 15.9s<2.2s
                 Class     Images  Instances      Box(P          R      mAP50  mAP50-95): 90% ━━━━━━━━━━╸─ 45/50 2.8it/s 16.2s<1.8s
                 Class     Images  Instances      Box(P          R      mAP50  mAP50-95): 92% ━━━━━━━━━━━─ 46/50 2.7it/s 16.6s<1.5s
                 Class     Images  Instances      Box(P          R      mAP50  mAP50-95): 94% ━━━━━━━━━━━─ 47/50 2.8it/s 17.0s<1.1s
                 Class     Images  Instances      Box(P          R      mAP50  mAP50-95): 96% ━━━━━━━━━━━╸ 48/50 2.8it/s 17.3s<0.7s
                 Class     Images  Instances      Box(P          R      mAP50  mAP50-95): 98% ━━━━━━━━━━━╸ 49/50 2.8it/s 17.7s<0.4s
                 Class     Images  Instances      Box(P          R      mAP50  mAP50-95): 100% ━━━━━━━━━━━━ 50/50 2.8it/s 17.8s
      Epoch    GPU_mem   box_loss   cls_loss   dfl_loss  Instances       Size
                 Class     Images  Instances      Box(P          R      mAP50  mAP50-95): 2% ──────────── 1/50 1.2s/it 0.4s<58.5s
                 Class     Images  Instances      Box(P          R      mAP50  mAP50-95): 4% ──────────── 2/50 1.4it/s 0.7s<33.6s
                 Class     Images  Instances      Box(P          R      mAP50  mAP50-95): 6% ╸─────────── 3/50 1.8it/s 1.1s<25.5s
                 Class     Images  Instances      Box(P          R      mAP50  mAP50-95): 8% ╸─────────── 4/50 2.1it/s 1.4s<21.6s
                 Class     Images  Instances      Box(P          R      mAP50  mAP50-95): 10% ━─────────── 5/50 2.3it/s 1.8s<19.3s
                 Class     Images  Instances      Box(P          R      mAP50  mAP50-95): 12% ━─────────── 6/50 2.5it/s 2.1s<17.8s
                 Class     Images  Instances      Box(P          R      mAP50  mAP50-95): 14% ━╸────────── 7/50 2.6it/s 2.5s<16.8s
                 Class     Images  Instances      Box(P          R      mAP50  mAP50-95): 16% ━╸────────── 8/50 2.6it/s 2.9s<15.9s
                 Class     Images  Instances      Box(P          R      mAP50  mAP50-95): 18% ━━────────── 9/50 2.7it/s 3.2s<15.3s
                 Class     Images  Instances      Box(P          R      mAP50  mAP50-95): 20% ━━────────── 10/50 2.7it/s 3.6s<14.7s
                 Class     Images  Instances      Box(P          R      mAP50  mAP50-95): 22% ━━╸───────── 11/50 2.7it/s 3.9s<14.2s
                 Class     Images  Instances      Box(P          R      mAP50  mAP50-95): 24% ━━╸───────── 12/50 2.8it/s 4.3s<13.8s
                 Class     Images  Instances      Box(P          R      mAP50  mAP50-95): 26% ━━━───────── 13/50 2.8it/s 4.6s<13.4s
                 Class     Images  Instances      Box(P          R      mAP50  mAP50-95): 28% ━━━───────── 14/50 2.8it/s 5.0s<13.0s
                 Class     Images  Instances      Box(P          R      mAP50  mAP50-95): 30% ━━━╸──────── 15/50 2.8it/s 5.4s<12.6s
                 Class     Images  Instances      Box(P          R      mAP50  mAP50-95): 32% ━━━╸──────── 16/50 2.8it/s 5.7s<12.2s
                 Class     Images  Instances      Box(P          R      mAP50  mAP50-95): 34% ━━━━──────── 17/50 2.8it/s 6.1s<11.8s
                 Class     Images  Instances      Box(P          R      mAP50  mAP50-95): 36% ━━━━──────── 18/50 2.8it/s 6.4s<11.4s
                 Class     Images  Instances      Box(P          R      mAP50  mAP50-95): 38% ━━━━╸─────── 19/50 2.8it/s 6.8s<11.1s
                 Class     Images  Instances      Box(P          R      mAP50  mAP50-95): 40% ━━━━╸─────── 20/50 2.8it/s 7.1s<10.7s
                 Class     Images  Instances      Box(P          R      mAP50  mAP50-95): 42% ━━━━━─────── 21/50 2.8it/s 7.5s<10.4s
                 Class     Images  Instances      Box(P          R      mAP50  mAP50-95): 44% ━━━━━─────── 22/50 2.8it/s 7.9s<10.0s
                 Class     Images  Instances      Box(P          R      mAP50  mAP50-95): 46% ━━━━━╸────── 23/50 2.8it/s 8.2s<9.6s
                 Class     Images  Instances      Box(P          R      mAP50  mAP50-95): 48% ━━━━━╸────── 24/50 2.8it/s 8.6s<9.3s
                 Class     Images  Instances      Box(P          R      mAP50  mAP50-95): 50% ━━━━━━────── 25/50 2.8it/s 8.9s<8.9s
                 Class     Images  Instances      Box(P          R      mAP50  mAP50-95): 52% ━━━━━━────── 26/50 2.8it/s 9.3s<8.6s
                 Class     Images  Instances      Box(P          R      mAP50  mAP50-95): 54% ━━━━━━────── 27/50 2.8it/s 9.6s<8.2s
                 Class     Images  Instances      Box(P          R      mAP50  mAP50-95): 56% ━━━━━━╸───── 28/50 2.8it/s 10.0s<7.9s
                 Class     Images  Instances      Box(P          R      mAP50  mAP50-95): 57% ━━━━━━╸───── 29/50 2.8it/s 10.4s<7.5s
                 Class     Images  Instances      Box(P          R      mAP50  mAP50-95): 60% ━━━━━━━───── 30/50 2.8it/s 10.7s<7.2s
                 Class     Images  Instances      Box(P          R      mAP50  mAP50-95): 62% ━━━━━━━───── 31/50 2.8it/s 11.1s<6.8s
                 Class     Images  Instances      Box(P          R      mAP50  mAP50-95): 64% ━━━━━━━╸──── 32/50 2.8it/s 11.4s<6.4s
                 Class     Images  Instances      Box(P          R      mAP50  mAP50-95): 66% ━━━━━━━╸──── 33/50 2.8it/s 11.8s<6.1s
                 Class     Images  Instances      Box(P          R      mAP50  mAP50-95): 68% ━━━━━━━━──── 34/50 2.8it/s 12.2s<5.8s
                 Class     Images  Instances      Box(P          R      mAP50  mAP50-95): 70% ━━━━━━━━──── 35/50 2.8it/s 12.5s<5.4s
                 Class     Images  Instances      Box(P          R      mAP50  mAP50-95): 72% ━━━━━━━━╸─── 36/50 2.8it/s 12.9s<5.0s
                 Class     Images  Instances      Box(P          R      mAP50  mAP50-95): 74% ━━━━━━━━╸─── 37/50 2.8it/s 13.2s<4.6s
                 Class     Images  Instances      Box(P          R      mAP50  mAP50-95): 76% ━━━━━━━━━─── 38/50 2.8it/s 13.6s<4.3s
                 Class     Images  Instances      Box(P          R      mAP50  mAP50-95): 78% ━━━━━━━━━─── 39/50 2.8it/s 13.9s<3.9s
                 Class     Images  Instances      Box(P          R      mAP50  mAP50-95): 80% ━━━━━━━━━╸── 40/50 2.8it/s 14.3s<3.6s
                 Class     Images  Instances      Box(P          R      mAP50  mAP50-95): 82% ━━━━━━━━━╸── 41/50 2.8it/s 14.7s<3.2s
                 Class     Images  Instances      Box(P          R      mAP50  mAP50-95): 84% ━━━━━━━━━━── 42/50 2.8it/s 15.0s<2.9s
                 Class     Images  Instances      Box(P          R      mAP50  mAP50-95): 86% ━━━━━━━━━━── 43/50 2.8it/s 15.4s<2.5s
                 Class     Images  Instances      Box(P          R      mAP50  mAP50-95): 88% ━━━━━━━━━━╸─ 44/50 2.8it/s 15.7s<2.1s
                 Class     Images  Instances      Box(P          R      mAP50  mAP50-95): 90% ━━━━━━━━━━╸─ 45/50 2.8it/s 16.1s<1.8s
                 Class     Images  Instances      Box(P          R      mAP50  mAP50-95): 92% ━━━━━━━━━━━─ 46/50 2.8it/s 16.4s<1.4s
                 Class     Images  Instances      Box(P          R      mAP50  mAP50-95): 94% ━━━━━━━━━━━─ 47/50 2.8it/s 16.8s<1.1s
                 Class     Images  Instances      Box(P          R      mAP50  mAP50-95): 96% ━━━━━━━━━━━╸ 48/50 2.8it/s 17.2s<0.7s
                 Class     Images  Instances      Box(P          R      mAP50  mAP50-95): 98% ━━━━━━━━━━━╸ 49/50 2.8it/s 17.5s<0.4s
                 Class     Images  Instances      Box(P          R      mAP50  mAP50-95): 100% ━━━━━━━━━━━━ 50/50 2.8it/s 17.6s
      Epoch    GPU_mem   box_loss   cls_loss   dfl_loss  Instances       Size
                 Class     Images  Instances      Box(P          R      mAP50  mAP50-95): 2% ──────────── 1/50 1.2s/it 0.4s<59.1s
                 Class     Images  Instances      Box(P          R      mAP50  mAP50-95): 4% ──────────── 2/50 1.4it/s 0.7s<33.7s
                 Class     Images  Instances      Box(P          R      mAP50  mAP50-95): 6% ╸─────────── 3/50 1.8it/s 1.1s<25.5s
                 Class     Images  Instances      Box(P          R      mAP50  mAP50-95): 8% ╸─────────── 4/50 2.1it/s 1.4s<21.6s
                 Class     Images  Instances      Box(P          R      mAP50  mAP50-95): 10% ━─────────── 5/50 2.3it/s 1.8s<19.4s
                 Class     Images  Instances      Box(P          R      mAP50  mAP50-95): 12% ━─────────── 6/50 2.5it/s 2.1s<17.8s
                 Class     Images  Instances      Box(P          R      mAP50  mAP50-95): 14% ━╸────────── 7/50 2.6it/s 2.5s<16.7s
                 Class     Images  Instances      Box(P          R      mAP50  mAP50-95): 16% ━╸────────── 8/50 2.6it/s 2.9s<15.9s
                 Class     Images  Instances      Box(P          R      mAP50  mAP50-95): 18% ━━────────── 9/50 2.7it/s 3.2s<15.2s
                 Class     Images  Instances      Box(P          R      mAP50  mAP50-95): 20% ━━────────── 10/50 2.7it/s 3.6s<14.7s
                 Class     Images  Instances      Box(P          R      mAP50  mAP50-95): 22% ━━╸───────── 11/50 2.7it/s 3.9s<14.2s
                 Class     Images  Instances      Box(P          R      mAP50  mAP50-95): 24% ━━╸───────── 12/50 2.8it/s 4.3s<13.8s
                 Class     Images  Instances      Box(P          R      mAP50  mAP50-95): 26% ━━━───────── 13/50 2.8it/s 4.6s<13.3s
                 Class     Images  Instances      Box(P          R      mAP50  mAP50-95): 28% ━━━───────── 14/50 2.8it/s 5.0s<13.0s
                 Class     Images  Instances      Box(P          R      mAP50  mAP50-95): 30% ━━━╸──────── 15/50 2.8it/s 5.4s<12.6s
                 Class     Images  Instances      Box(P          R      mAP50  mAP50-95): 32% ━━━╸──────── 16/50 2.8it/s 5.7s<12.2s
                 Class     Images  Instances      Box(P          R      mAP50  mAP50-95): 34% ━━━━──────── 17/50 2.8it/s 6.1s<11.8s
                 Class     Images  Instances      Box(P          R      mAP50  mAP50-95): 36% ━━━━──────── 18/50 2.8it/s 6.4s<11.4s
                 Class     Images  Instances      Box(P          R      mAP50  mAP50-95): 38% ━━━━╸─────── 19/50 2.8it/s 6.8s<11.0s
                 Class     Images  Instances      Box(P          R      mAP50  mAP50-95): 40% ━━━━╸─────── 20/50 2.8it/s 7.1s<10.7s
                 Class     Images  Instances      Box(P          R      mAP50  mAP50-95): 42% ━━━━━─────── 21/50 2.8it/s 7.5s<10.3s
                 Class     Images  Instances      Box(P          R      mAP50  mAP50-95): 44% ━━━━━─────── 22/50 2.8it/s 7.8s<10.0s
                 Class     Images  Instances      Box(P          R      mAP50  mAP50-95): 46% ━━━━━╸────── 23/50 2.8it/s 8.2s<9.6s
                 Class     Images  Instances      Box(P          R      mAP50  mAP50-95): 48% ━━━━━╸────── 24/50 2.8it/s 8.6s<9.2s
                 Class     Images  Instances      Box(P          R      mAP50  mAP50-95): 50% ━━━━━━────── 25/50 2.8it/s 8.9s<8.9s
                 Class     Images  Instances      Box(P          R      mAP50  mAP50-95): 52% ━━━━━━────── 26/50 2.8it/s 9.3s<8.6s
                 Class     Images  Instances      Box(P          R      mAP50  mAP50-95): 54% ━━━━━━────── 27/50 2.8it/s 9.6s<8.2s
                 Class     Images  Instances      Box(P          R      mAP50  mAP50-95): 56% ━━━━━━╸───── 28/50 2.8it/s 10.0s<8.0s
                 Class     Images  Instances      Box(P          R      mAP50  mAP50-95): 57% ━━━━━━╸───── 29/50 2.8it/s 10.4s<7.6s
                 Class     Images  Instances      Box(P          R      mAP50  mAP50-95): 60% ━━━━━━━───── 30/50 2.8it/s 10.7s<7.2s
                 Class     Images  Instances      Box(P          R      mAP50  mAP50-95): 62% ━━━━━━━───── 31/50 2.8it/s 11.1s<6.9s
                 Class     Images  Instances      Box(P          R      mAP50  mAP50-95): 64% ━━━━━━━╸──── 32/50 2.8it/s 11.4s<6.5s
                 Class     Images  Instances      Box(P          R      mAP50  mAP50-95): 66% ━━━━━━━╸──── 33/50 2.8it/s 11.8s<6.1s
                 Class     Images  Instances      Box(P          R      mAP50  mAP50-95): 68% ━━━━━━━━──── 34/50 2.8it/s 12.2s<5.7s
                 Class     Images  Instances      Box(P          R      mAP50  mAP50-95): 70% ━━━━━━━━──── 35/50 2.8it/s 12.5s<5.4s
                 Class     Images  Instances      Box(P          R      mAP50  mAP50-95): 72% ━━━━━━━━╸─── 36/50 2.8it/s 12.9s<5.0s
                 Class     Images  Instances      Box(P          R      mAP50  mAP50-95): 74% ━━━━━━━━╸─── 37/50 2.8it/s 13.2s<4.6s
                 Class     Images  Instances      Box(P          R      mAP50  mAP50-95): 76% ━━━━━━━━━─── 38/50 2.8it/s 13.6s<4.3s
                 Class     Images  Instances      Box(P          R      mAP50  mAP50-95): 78% ━━━━━━━━━─── 39/50 2.8it/s 13.9s<3.9s
                 Class     Images  Instances      Box(P          R      mAP50  mAP50-95): 80% ━━━━━━━━━╸── 40/50 2.8it/s 14.3s<3.6s
                 Class     Images  Instances      Box(P          R      mAP50  mAP50-95): 82% ━━━━━━━━━╸── 41/50 2.8it/s 14.7s<3.2s
                 Class     Images  Instances      Box(P          R      mAP50  mAP50-95): 84% ━━━━━━━━━━── 42/50 2.8it/s 15.0s<2.9s
                 Class     Images  Instances      Box(P          R      mAP50  mAP50-95): 86% ━━━━━━━━━━── 43/50 2.8it/s 15.4s<2.5s
                 Class     Images  Instances      Box(P          R      mAP50  mAP50-95): 88% ━━━━━━━━━━╸─ 44/50 2.8it/s 15.7s<2.1s
                 Class     Images  Instances      Box(P          R      mAP50  mAP50-95): 90% ━━━━━━━━━━╸─ 45/50 2.8it/s 16.1s<1.8s
                 Class     Images  Instances      Box(P          R      mAP50  mAP50-95): 92% ━━━━━━━━━━━─ 46/50 2.8it/s 16.4s<1.4s
                 Class     Images  Instances      Box(P          R      mAP50  mAP50-95): 94% ━━━━━━━━━━━─ 47/50 2.8it/s 16.8s<1.1s
                 Class     Images  Instances      Box(P          R      mAP50  mAP50-95): 96% ━━━━━━━━━━━╸ 48/50 2.8it/s 17.2s<0.7s
                 Class     Images  Instances      Box(P          R      mAP50  mAP50-95): 98% ━━━━━━━━━━━╸ 49/50 2.8it/s 17.5s<0.4s
                 Class     Images  Instances      Box(P          R      mAP50  mAP50-95): 100% ━━━━━━━━━━━━ 50/50 2.8it/s 17.6s
      Epoch    GPU_mem   box_loss   cls_loss   dfl_loss  Instances       Size
                 Class     Images  Instances      Box(P          R      mAP50  mAP50-95): 2% ──────────── 1/50 1.2s/it 0.4s<59.3s
                 Class     Images  Instances      Box(P          R      mAP50  mAP50-95): 4% ──────────── 2/50 1.4it/s 0.7s<33.9s
                 Class     Images  Instances      Box(P          R      mAP50  mAP50-95): 6% ╸─────────── 3/50 1.8it/s 1.1s<25.8s
                 Class     Images  Instances      Box(P          R      mAP50  mAP50-95): 8% ╸─────────── 4/50 2.1it/s 1.4s<21.7s
                 Class     Images  Instances      Box(P          R      mAP50  mAP50-95): 10% ━─────────── 5/50 2.3it/s 1.8s<19.5s
                 Class     Images  Instances      Box(P          R      mAP50  mAP50-95): 12% ━─────────── 6/50 2.4it/s 2.2s<18.0s
                 Class     Images  Instances      Box(P          R      mAP50  mAP50-95): 14% ━╸────────── 7/50 2.5it/s 2.5s<16.9s
                 Class     Images  Instances      Box(P          R      mAP50  mAP50-95): 16% ━╸────────── 8/50 2.6it/s 2.9s<16.1s
                 Class     Images  Instances      Box(P          R      mAP50  mAP50-95): 18% ━━────────── 9/50 2.7it/s 3.2s<15.3s
                 Class     Images  Instances      Box(P          R      mAP50  mAP50-95): 20% ━━────────── 10/50 2.7it/s 3.6s<14.8s
                 Class     Images  Instances      Box(P          R      mAP50  mAP50-95): 22% ━━╸───────── 11/50 2.7it/s 4.0s<14.4s
                 Class     Images  Instances      Box(P          R      mAP50  mAP50-95): 24% ━━╸───────── 12/50 2.7it/s 4.3s<13.9s
                 Class     Images  Instances      Box(P          R      mAP50  mAP50-95): 26% ━━━───────── 13/50 2.8it/s 4.7s<13.5s
                 Class     Images  Instances      Box(P          R      mAP50  mAP50-95): 28% ━━━───────── 14/50 2.8it/s 5.0s<13.0s
                 Class     Images  Instances      Box(P          R      mAP50  mAP50-95): 30% ━━━╸──────── 15/50 2.8it/s 5.4s<12.6s
                 Class     Images  Instances      Box(P          R      mAP50  mAP50-95): 32% ━━━╸──────── 16/50 2.8it/s 5.8s<12.3s
                 Class     Images  Instances      Box(P          R      mAP50  mAP50-95): 34% ━━━━──────── 17/50 2.8it/s 6.1s<11.9s
                 Class     Images  Instances      Box(P          R      mAP50  mAP50-95): 36% ━━━━──────── 18/50 2.8it/s 6.5s<11.6s
                 Class     Images  Instances      Box(P          R      mAP50  mAP50-95): 38% ━━━━╸─────── 19/50 2.8it/s 6.8s<11.2s
                 Class     Images  Instances      Box(P          R      mAP50  mAP50-95): 40% ━━━━╸─────── 20/50 2.8it/s 7.2s<10.8s
                 Class     Images  Instances      Box(P          R      mAP50  mAP50-95): 42% ━━━━━─────── 21/50 2.8it/s 7.6s<10.5s
                 Class     Images  Instances      Box(P          R      mAP50  mAP50-95): 44% ━━━━━─────── 22/50 2.8it/s 7.9s<10.1s
                 Class     Images  Instances      Box(P          R      mAP50  mAP50-95): 46% ━━━━━╸────── 23/50 2.8it/s 8.3s<9.7s
                 Class     Images  Instances      Box(P          R      mAP50  mAP50-95): 48% ━━━━━╸────── 24/50 2.8it/s 8.6s<9.3s
                 Class     Images  Instances      Box(P          R      mAP50  mAP50-95): 50% ━━━━━━────── 25/50 2.8it/s 9.0s<9.0s
                 Class     Images  Instances      Box(P          R      mAP50  mAP50-95): 52% ━━━━━━────── 26/50 2.8it/s 9.4s<8.7s
                 Class     Images  Instances      Box(P          R      mAP50  mAP50-95): 54% ━━━━━━────── 27/50 2.8it/s 9.7s<8.3s
                 Class     Images  Instances      Box(P          R      mAP50  mAP50-95): 56% ━━━━━━╸───── 28/50 2.8it/s 10.1s<7.9s
                 Class     Images  Instances      Box(P          R      mAP50  mAP50-95): 57% ━━━━━━╸───── 29/50 2.8it/s 10.4s<7.5s
                 Class     Images  Instances      Box(P          R      mAP50  mAP50-95): 60% ━━━━━━━───── 30/50 2.8it/s 10.8s<7.2s
                 Class     Images  Instances      Box(P          R      mAP50  mAP50-95): 62% ━━━━━━━───── 31/50 2.8it/s 11.2s<6.9s
                 Class     Images  Instances      Box(P          R      mAP50  mAP50-95): 64% ━━━━━━━╸──── 32/50 2.8it/s 11.5s<6.5s
                 Class     Images  Instances      Box(P          R      mAP50  mAP50-95): 66% ━━━━━━━╸──── 33/50 2.8it/s 11.9s<6.1s
                 Class     Images  Instances      Box(P          R      mAP50  mAP50-95): 68% ━━━━━━━━──── 34/50 2.8it/s 12.2s<5.8s
                 Class     Images  Instances      Box(P          R      mAP50  mAP50-95): 70% ━━━━━━━━──── 35/50 2.8it/s 12.6s<5.4s
                 Class     Images  Instances      Box(P          R      mAP50  mAP50-95): 72% ━━━━━━━━╸─── 36/50 2.8it/s 13.0s<5.1s
                 Class     Images  Instances      Box(P          R      mAP50  mAP50-95): 74% ━━━━━━━━╸─── 37/50 2.8it/s 13.3s<4.7s
                 Class     Images  Instances      Box(P          R      mAP50  mAP50-95): 76% ━━━━━━━━━─── 38/50 2.8it/s 13.7s<4.3s
                 Class     Images  Instances      Box(P          R      mAP50  mAP50-95): 78% ━━━━━━━━━─── 39/50 2.8it/s 14.0s<3.9s
                 Class     Images  Instances      Box(P          R      mAP50  mAP50-95): 80% ━━━━━━━━━╸── 40/50 2.8it/s 14.4s<3.6s
                 Class     Images  Instances      Box(P          R      mAP50  mAP50-95): 82% ━━━━━━━━━╸── 41/50 2.8it/s 14.8s<3.3s
                 Class     Images  Instances      Box(P          R      mAP50  mAP50-95): 84% ━━━━━━━━━━── 42/50 2.8it/s 15.1s<2.9s
                 Class     Images  Instances      Box(P          R      mAP50  mAP50-95): 86% ━━━━━━━━━━── 43/50 2.8it/s 15.5s<2.5s
                 Class     Images  Instances      Box(P          R      mAP50  mAP50-95): 88% ━━━━━━━━━━╸─ 44/50 2.8it/s 15.8s<2.2s
                 Class     Images  Instances      Box(P          R      mAP50  mAP50-95): 90% ━━━━━━━━━━╸─ 45/50 2.8it/s 16.2s<1.8s
                 Class     Images  Instances      Box(P          R      mAP50  mAP50-95): 92% ━━━━━━━━━━━─ 46/50 2.8it/s 16.6s<1.4s
                 Class     Images  Instances      Box(P          R      mAP50  mAP50-95): 94% ━━━━━━━━━━━─ 47/50 2.8it/s 16.9s<1.1s
                 Class     Images  Instances      Box(P          R      mAP50  mAP50-95): 96% ━━━━━━━━━━━╸ 48/50 2.8it/s 17.3s<0.7s
                 Class     Images  Instances      Box(P          R      mAP50  mAP50-95): 98% ━━━━━━━━━━━╸ 49/50 2.8it/s 17.6s<0.4s
                 Class     Images  Instances      Box(P          R      mAP50  mAP50-95): 100% ━━━━━━━━━━━━ 50/50 2.8it/s 17.7s
      Epoch    GPU_mem   box_loss   cls_loss   dfl_loss  Instances       Size
                 Class     Images  Instances      Box(P          R      mAP50  mAP50-95): 2% ──────────── 1/50 1.2s/it 0.4s<1:00
                 Class     Images  Instances      Box(P          R      mAP50  mAP50-95): 4% ──────────── 2/50 1.4it/s 0.7s<34.0s
                 Class     Images  Instances      Box(P          R      mAP50  mAP50-95): 6% ╸─────────── 3/50 1.8it/s 1.1s<25.7s
                 Class     Images  Instances      Box(P          R      mAP50  mAP50-95): 8% ╸─────────── 4/50 2.1it/s 1.4s<21.7s
                 Class     Images  Instances      Box(P          R      mAP50  mAP50-95): 10% ━─────────── 5/50 2.3it/s 1.8s<19.4s
                 Class     Images  Instances      Box(P          R      mAP50  mAP50-95): 12% ━─────────── 6/50 2.4it/s 2.2s<18.1s
                 Class     Images  Instances      Box(P          R      mAP50  mAP50-95): 14% ━╸────────── 7/50 2.5it/s 2.5s<16.9s
                 Class     Images  Instances      Box(P          R      mAP50  mAP50-95): 16% ━╸────────── 8/50 2.6it/s 2.9s<16.0s
                 Class     Images  Instances      Box(P          R      mAP50  mAP50-95): 18% ━━────────── 9/50 2.7it/s 3.2s<15.3s
                 Class     Images  Instances      Box(P          R      mAP50  mAP50-95): 20% ━━────────── 10/50 2.7it/s 3.6s<14.7s
                 Class     Images  Instances      Box(P          R      mAP50  mAP50-95): 22% ━━╸───────── 11/50 2.7it/s 4.0s<14.4s
                 Class     Images  Instances      Box(P          R      mAP50  mAP50-95): 24% ━━╸───────── 12/50 2.7it/s 4.3s<13.9s
                 Class     Images  Instances      Box(P          R      mAP50  mAP50-95): 26% ━━━───────── 13/50 2.8it/s 4.7s<13.4s
                 Class     Images  Instances      Box(P          R      mAP50  mAP50-95): 28% ━━━───────── 14/50 2.8it/s 5.0s<13.0s
                 Class     Images  Instances      Box(P          R      mAP50  mAP50-95): 30% ━━━╸──────── 15/50 2.8it/s 5.4s<12.6s
                 Class     Images  Instances      Box(P          R      mAP50  mAP50-95): 32% ━━━╸──────── 16/50 2.8it/s 5.8s<12.2s
                 Class     Images  Instances      Box(P          R      mAP50  mAP50-95): 34% ━━━━──────── 17/50 2.8it/s 6.1s<11.8s
                 Class     Images  Instances      Box(P          R      mAP50  mAP50-95): 36% ━━━━──────── 18/50 2.8it/s 6.5s<11.5s
                 Class     Images  Instances      Box(P          R      mAP50  mAP50-95): 38% ━━━━╸─────── 19/50 2.8it/s 6.8s<11.2s
                 Class     Images  Instances      Box(P          R      mAP50  mAP50-95): 40% ━━━━╸─────── 20/50 2.8it/s 7.2s<10.8s
                 Class     Images  Instances      Box(P          R      mAP50  mAP50-95): 42% ━━━━━─────── 21/50 2.8it/s 7.6s<10.5s
                 Class     Images  Instances      Box(P          R      mAP50  mAP50-95): 44% ━━━━━─────── 22/50 2.8it/s 7.9s<10.1s
                 Class     Images  Instances      Box(P          R      mAP50  mAP50-95): 46% ━━━━━╸────── 23/50 2.7it/s 8.3s<9.9s
                 Class     Images  Instances      Box(P          R      mAP50  mAP50-95): 48% ━━━━━╸────── 24/50 2.7it/s 8.7s<9.5s
                 Class     Images  Instances      Box(P          R      mAP50  mAP50-95): 50% ━━━━━━────── 25/50 2.8it/s 9.0s<9.1s
                 Class     Images  Instances      Box(P          R      mAP50  mAP50-95): 52% ━━━━━━────── 26/50 2.8it/s 9.4s<8.7s
                 Class     Images  Instances      Box(P          R      mAP50  mAP50-95): 54% ━━━━━━────── 27/50 2.8it/s 9.7s<8.3s
                 Class     Images  Instances      Box(P          R      mAP50  mAP50-95): 56% ━━━━━━╸───── 28/50 2.8it/s 10.1s<7.9s
                 Class     Images  Instances      Box(P          R      mAP50  mAP50-95): 57% ━━━━━━╸───── 29/50 2.8it/s 10.5s<7.6s
                 Class     Images  Instances      Box(P          R      mAP50  mAP50-95): 60% ━━━━━━━───── 30/50 2.8it/s 10.8s<7.2s
                 Class     Images  Instances      Box(P          R      mAP50  mAP50-95): 62% ━━━━━━━───── 31/50 2.8it/s 11.2s<6.8s
                 Class     Images  Instances      Box(P          R      mAP50  mAP50-95): 64% ━━━━━━━╸──── 32/50 2.8it/s 11.5s<6.5s
                 Class     Images  Instances      Box(P          R      mAP50  mAP50-95): 66% ━━━━━━━╸──── 33/50 2.8it/s 11.9s<6.1s
                 Class     Images  Instances      Box(P          R      mAP50  mAP50-95): 68% ━━━━━━━━──── 34/50 2.8it/s 12.3s<5.8s
                 Class     Images  Instances      Box(P          R      mAP50  mAP50-95): 70% ━━━━━━━━──── 35/50 2.8it/s 12.6s<5.4s
                 Class     Images  Instances      Box(P          R      mAP50  mAP50-95): 72% ━━━━━━━━╸─── 36/50 2.8it/s 13.0s<5.0s
                 Class     Images  Instances      Box(P          R      mAP50  mAP50-95): 74% ━━━━━━━━╸─── 37/50 2.8it/s 13.3s<4.7s
                 Class     Images  Instances      Box(P          R      mAP50  mAP50-95): 76% ━━━━━━━━━─── 38/50 2.8it/s 13.7s<4.3s
                 Class     Images  Instances      Box(P          R      mAP50  mAP50-95): 78% ━━━━━━━━━─── 39/50 2.8it/s 14.1s<4.0s
                 Class     Images  Instances      Box(P          R      mAP50  mAP50-95): 80% ━━━━━━━━━╸── 40/50 2.8it/s 14.4s<3.6s
                 Class     Images  Instances      Box(P          R      mAP50  mAP50-95): 82% ━━━━━━━━━╸── 41/50 2.8it/s 14.8s<3.2s
                 Class     Images  Instances      Box(P          R      mAP50  mAP50-95): 84% ━━━━━━━━━━── 42/50 2.8it/s 15.1s<2.9s
                 Class     Images  Instances      Box(P          R      mAP50  mAP50-95): 86% ━━━━━━━━━━── 43/50 2.8it/s 15.5s<2.5s
                 Class     Images  Instances      Box(P          R      mAP50  mAP50-95): 88% ━━━━━━━━━━╸─ 44/50 2.8it/s 15.9s<2.2s
                 Class     Images  Instances      Box(P          R      mAP50  mAP50-95): 90% ━━━━━━━━━━╸─ 45/50 2.8it/s 16.2s<1.8s
                 Class     Images  Instances      Box(P          R      mAP50  mAP50-95): 92% ━━━━━━━━━━━─ 46/50 2.8it/s 16.6s<1.4s
                 Class     Images  Instances      Box(P          R      mAP50  mAP50-95): 94% ━━━━━━━━━━━─ 47/50 2.8it/s 16.9s<1.1s
                 Class     Images  Instances      Box(P          R      mAP50  mAP50-95): 96% ━━━━━━━━━━━╸ 48/50 2.8it/s 17.3s<0.7s
                 Class     Images  Instances      Box(P          R      mAP50  mAP50-95): 98% ━━━━━━━━━━━╸ 49/50 2.8it/s 17.7s<0.4s
                 Class     Images  Instances      Box(P          R      mAP50  mAP50-95): 100% ━━━━━━━━━━━━ 50/50 2.8it/s 17.8s
      Epoch    GPU_mem   box_loss   cls_loss   dfl_loss  Instances       Size
                 Class     Images  Instances      Box(P          R      mAP50  mAP50-95): 2% ──────────── 1/50 1.2s/it 0.4s<1:00
                 Class     Images  Instances      Box(P          R      mAP50  mAP50-95): 4% ──────────── 2/50 1.4it/s 0.7s<33.9s
                 Class     Images  Instances      Box(P          R      mAP50  mAP50-95): 6% ╸─────────── 3/50 1.8it/s 1.1s<25.8s
                 Class     Images  Instances      Box(P          R      mAP50  mAP50-95): 8% ╸─────────── 4/50 2.1it/s 1.4s<21.9s
                 Class     Images  Instances      Box(P          R      mAP50  mAP50-95): 10% ━─────────── 5/50 2.3it/s 1.8s<19.5s
                 Class     Images  Instances      Box(P          R      mAP50  mAP50-95): 12% ━─────────── 6/50 2.4it/s 2.2s<18.0s
                 Class     Images  Instances      Box(P          R      mAP50  mAP50-95): 14% ━╸────────── 7/50 2.5it/s 2.5s<16.9s
                 Class     Images  Instances      Box(P          R      mAP50  mAP50-95): 16% ━╸────────── 8/50 2.6it/s 2.9s<16.1s
                 Class     Images  Instances      Box(P          R      mAP50  mAP50-95): 18% ━━────────── 9/50 2.7it/s 3.3s<15.4s
                 Class     Images  Instances      Box(P          R      mAP50  mAP50-95): 20% ━━────────── 10/50 2.7it/s 3.6s<14.8s
                 Class     Images  Instances      Box(P          R      mAP50  mAP50-95): 22% ━━╸───────── 11/50 2.7it/s 4.0s<14.3s
                 Class     Images  Instances      Box(P          R      mAP50  mAP50-95): 24% ━━╸───────── 12/50 2.7it/s 4.3s<13.9s
                 Class     Images  Instances      Box(P          R      mAP50  mAP50-95): 26% ━━━───────── 13/50 2.8it/s 4.7s<13.4s
                 Class     Images  Instances      Box(P          R      mAP50  mAP50-95): 28% ━━━───────── 14/50 2.8it/s 5.0s<13.0s
                 Class     Images  Instances      Box(P          R      mAP50  mAP50-95): 30% ━━━╸──────── 15/50 2.8it/s 5.4s<12.6s
                 Class     Images  Instances      Box(P          R      mAP50  mAP50-95): 32% ━━━╸──────── 16/50 2.8it/s 5.8s<12.2s
                 Class     Images  Instances      Box(P          R      mAP50  mAP50-95): 34% ━━━━──────── 17/50 2.8it/s 6.1s<11.8s
                 Class     Images  Instances      Box(P          R      mAP50  mAP50-95): 36% ━━━━──────── 18/50 2.8it/s 6.5s<11.5s
                 Class     Images  Instances      Box(P          R      mAP50  mAP50-95): 38% ━━━━╸─────── 19/50 2.8it/s 6.8s<11.1s
                 Class     Images  Instances      Box(P          R      mAP50  mAP50-95): 40% ━━━━╸─────── 20/50 2.8it/s 7.2s<10.7s
                 Class     Images  Instances      Box(P          R      mAP50  mAP50-95): 42% ━━━━━─────── 21/50 2.8it/s 7.5s<10.4s
                 Class     Images  Instances      Box(P          R      mAP50  mAP50-95): 44% ━━━━━─────── 22/50 2.8it/s 7.9s<10.0s
                 Class     Images  Instances      Box(P          R      mAP50  mAP50-95): 46% ━━━━━╸────── 23/50 2.8it/s 8.3s<9.7s
                 Class     Images  Instances      Box(P          R      mAP50  mAP50-95): 48% ━━━━━╸────── 24/50 2.8it/s 8.6s<9.3s
                 Class     Images  Instances      Box(P          R      mAP50  mAP50-95): 50% ━━━━━━────── 25/50 2.8it/s 9.0s<8.9s
                 Class     Images  Instances      Box(P          R      mAP50  mAP50-95): 52% ━━━━━━────── 26/50 2.8it/s 9.3s<8.7s
                 Class     Images  Instances      Box(P          R      mAP50  mAP50-95): 54% ━━━━━━────── 27/50 2.8it/s 9.7s<8.3s
                 Class     Images  Instances      Box(P          R      mAP50  mAP50-95): 56% ━━━━━━╸───── 28/50 2.8it/s 10.1s<7.9s
                 Class     Images  Instances      Box(P          R      mAP50  mAP50-95): 57% ━━━━━━╸───── 29/50 2.8it/s 10.4s<7.5s
                 Class     Images  Instances      Box(P          R      mAP50  mAP50-95): 60% ━━━━━━━───── 30/50 2.8it/s 10.8s<7.2s
                 Class     Images  Instances      Box(P          R      mAP50  mAP50-95): 62% ━━━━━━━───── 31/50 2.8it/s 11.1s<6.9s
                 Class     Images  Instances      Box(P          R      mAP50  mAP50-95): 64% ━━━━━━━╸──── 32/50 2.8it/s 11.5s<6.5s
                 Class     Images  Instances      Box(P          R      mAP50  mAP50-95): 66% ━━━━━━━╸──── 33/50 2.8it/s 11.9s<6.1s
                 Class     Images  Instances      Box(P          R      mAP50  mAP50-95): 68% ━━━━━━━━──── 34/50 2.8it/s 12.2s<5.7s
                 Class     Images  Instances      Box(P          R      mAP50  mAP50-95): 70% ━━━━━━━━──── 35/50 2.8it/s 12.6s<5.4s
                 Class     Images  Instances      Box(P          R      mAP50  mAP50-95): 72% ━━━━━━━━╸─── 36/50 2.7it/s 13.0s<5.1s
                 Class     Images  Instances      Box(P          R      mAP50  mAP50-95): 74% ━━━━━━━━╸─── 37/50 2.8it/s 13.3s<4.7s
                 Class     Images  Instances      Box(P          R      mAP50  mAP50-95): 76% ━━━━━━━━━─── 38/50 2.8it/s 13.7s<4.3s
                 Class     Images  Instances      Box(P          R      mAP50  mAP50-95): 78% ━━━━━━━━━─── 39/50 2.8it/s 14.0s<3.9s
                 Class     Images  Instances      Box(P          R      mAP50  mAP50-95): 80% ━━━━━━━━━╸── 40/50 2.8it/s 14.4s<3.6s
                 Class     Images  Instances      Box(P          R      mAP50  mAP50-95): 82% ━━━━━━━━━╸── 41/50 2.8it/s 14.7s<3.2s
                 Class     Images  Instances      Box(P          R      mAP50  mAP50-95): 84% ━━━━━━━━━━── 42/50 2.8it/s 15.1s<2.9s
                 Class     Images  Instances      Box(P          R      mAP50  mAP50-95): 86% ━━━━━━━━━━── 43/50 2.8it/s 15.5s<2.5s
                 Class     Images  Instances      Box(P          R      mAP50  mAP50-95): 88% ━━━━━━━━━━╸─ 44/50 2.8it/s 15.8s<2.1s
                 Class     Images  Instances      Box(P          R      mAP50  mAP50-95): 90% ━━━━━━━━━━╸─ 45/50 2.8it/s 16.2s<1.8s
                 Class     Images  Instances      Box(P          R      mAP50  mAP50-95): 92% ━━━━━━━━━━━─ 46/50 2.8it/s 16.5s<1.4s
                 Class     Images  Instances      Box(P          R      mAP50  mAP50-95): 94% ━━━━━━━━━━━─ 47/50 2.8it/s 16.9s<1.1s
                 Class     Images  Instances      Box(P          R      mAP50  mAP50-95): 96% ━━━━━━━━━━━╸ 48/50 2.8it/s 17.2s<0.7s
                 Class     Images  Instances      Box(P          R      mAP50  mAP50-95): 98% ━━━━━━━━━━━╸ 49/50 2.8it/s 17.6s<0.4s
                 Class     Images  Instances      Box(P          R      mAP50  mAP50-95): 100% ━━━━━━━━━━━━ 50/50 2.8it/s 17.7s
      Epoch    GPU_mem   box_loss   cls_loss   dfl_loss  Instances       Size
                 Class     Images  Instances      Box(P          R      mAP50  mAP50-95): 2% ──────────── 1/50 1.2s/it 0.4s<1:01
                 Class     Images  Instances      Box(P          R      mAP50  mAP50-95): 4% ──────────── 2/50 1.4it/s 0.7s<34.2s
                 Class     Images  Instances      Box(P          R      mAP50  mAP50-95): 6% ╸─────────── 3/50 1.8it/s 1.1s<26.0s
                 Class     Images  Instances      Box(P          R      mAP50  mAP50-95): 8% ╸─────────── 4/50 2.1it/s 1.5s<21.9s
                 Class     Images  Instances      Box(P          R      mAP50  mAP50-95): 10% ━─────────── 5/50 2.3it/s 1.8s<19.6s
                 Class     Images  Instances      Box(P          R      mAP50  mAP50-95): 12% ━─────────── 6/50 2.5it/s 2.2s<17.9s
                 Class     Images  Instances      Box(P          R      mAP50  mAP50-95): 14% ━╸────────── 7/50 2.6it/s 2.5s<16.8s
                 Class     Images  Instances      Box(P          R      mAP50  mAP50-95): 16% ━╸────────── 8/50 2.6it/s 2.9s<16.0s
                 Class     Images  Instances      Box(P          R      mAP50  mAP50-95): 18% ━━────────── 9/50 2.7it/s 3.2s<15.4s
                 Class     Images  Instances      Box(P          R      mAP50  mAP50-95): 20% ━━────────── 10/50 2.7it/s 3.6s<14.8s
                 Class     Images  Instances      Box(P          R      mAP50  mAP50-95): 22% ━━╸───────── 11/50 2.7it/s 4.0s<14.3s
                 Class     Images  Instances      Box(P          R      mAP50  mAP50-95): 24% ━━╸───────── 12/50 2.8it/s 4.3s<13.8s
                 Class     Images  Instances      Box(P          R      mAP50  mAP50-95): 26% ━━━───────── 13/50 2.7it/s 4.7s<13.5s
                 Class     Images  Instances      Box(P          R      mAP50  mAP50-95): 28% ━━━───────── 14/50 2.8it/s 5.0s<13.1s
                 Class     Images  Instances      Box(P          R      mAP50  mAP50-95): 30% ━━━╸──────── 15/50 2.8it/s 5.4s<12.6s
                 Class     Images  Instances      Box(P          R      mAP50  mAP50-95): 32% ━━━╸──────── 16/50 2.8it/s 5.8s<12.2s
                 Class     Images  Instances      Box(P          R      mAP50  mAP50-95): 34% ━━━━──────── 17/50 2.8it/s 6.1s<11.8s
                 Class     Images  Instances      Box(P          R      mAP50  mAP50-95): 36% ━━━━──────── 18/50 2.8it/s 6.5s<11.5s
                 Class     Images  Instances      Box(P          R      mAP50  mAP50-95): 38% ━━━━╸─────── 19/50 2.8it/s 6.8s<11.2s
                 Class     Images  Instances      Box(P          R      mAP50  mAP50-95): 40% ━━━━╸─────── 20/50 2.8it/s 7.2s<10.8s
                 Class     Images  Instances      Box(P          R      mAP50  mAP50-95): 42% ━━━━━─────── 21/50 2.8it/s 7.6s<10.4s
                 Class     Images  Instances      Box(P          R      mAP50  mAP50-95): 44% ━━━━━─────── 22/50 2.8it/s 7.9s<10.0s
                 Class     Images  Instances      Box(P          R      mAP50  mAP50-95): 46% ━━━━━╸────── 23/50 2.8it/s 8.3s<9.7s
                 Class     Images  Instances      Box(P          R      mAP50  mAP50-95): 48% ━━━━━╸────── 24/50 2.8it/s 8.6s<9.3s
                 Class     Images  Instances      Box(P          R      mAP50  mAP50-95): 50% ━━━━━━────── 25/50 2.8it/s 9.0s<9.0s
                 Class     Images  Instances      Box(P          R      mAP50  mAP50-95): 52% ━━━━━━────── 26/50 2.8it/s 9.3s<8.6s
                 Class     Images  Instances      Box(P          R      mAP50  mAP50-95): 54% ━━━━━━────── 27/50 2.8it/s 9.7s<8.2s
                 Class     Images  Instances      Box(P          R      mAP50  mAP50-95): 56% ━━━━━━╸───── 28/50 2.8it/s 10.1s<7.9s
                 Class     Images  Instances      Box(P          R      mAP50  mAP50-95): 57% ━━━━━━╸───── 29/50 2.8it/s 10.4s<7.5s
                 Class     Images  Instances      Box(P          R      mAP50  mAP50-95): 60% ━━━━━━━───── 30/50 2.8it/s 10.8s<7.2s
                 Class     Images  Instances      Box(P          R      mAP50  mAP50-95): 62% ━━━━━━━───── 31/50 2.8it/s 11.2s<6.9s
                 Class     Images  Instances      Box(P          R      mAP50  mAP50-95): 64% ━━━━━━━╸──── 32/50 2.8it/s 11.5s<6.5s
                 Class     Images  Instances      Box(P          R      mAP50  mAP50-95): 66% ━━━━━━━╸──── 33/50 2.8it/s 11.9s<6.1s
                 Class     Images  Instances      Box(P          R      mAP50  mAP50-95): 68% ━━━━━━━━──── 34/50 2.8it/s 12.2s<5.8s
                 Class     Images  Instances      Box(P          R      mAP50  mAP50-95): 70% ━━━━━━━━──── 35/50 2.8it/s 12.6s<5.4s
                 Class     Images  Instances      Box(P          R      mAP50  mAP50-95): 72% ━━━━━━━━╸─── 36/50 2.8it/s 12.9s<5.0s
                 Class     Images  Instances      Box(P          R      mAP50  mAP50-95): 74% ━━━━━━━━╸─── 37/50 2.8it/s 13.3s<4.7s
                 Class     Images  Instances      Box(P          R      mAP50  mAP50-95): 76% ━━━━━━━━━─── 38/50 2.8it/s 13.7s<4.3s
                 Class     Images  Instances      Box(P          R      mAP50  mAP50-95): 78% ━━━━━━━━━─── 39/50 2.8it/s 14.0s<3.9s
                 Class     Images  Instances      Box(P          R      mAP50  mAP50-95): 80% ━━━━━━━━━╸── 40/50 2.8it/s 14.4s<3.6s
                 Class     Images  Instances      Box(P          R      mAP50  mAP50-95): 82% ━━━━━━━━━╸── 41/50 2.8it/s 14.8s<3.3s
                 Class     Images  Instances      Box(P          R      mAP50  mAP50-95): 84% ━━━━━━━━━━── 42/50 2.8it/s 15.1s<2.9s
                 Class     Images  Instances      Box(P          R      mAP50  mAP50-95): 86% ━━━━━━━━━━── 43/50 2.8it/s 15.5s<2.5s
                 Class     Images  Instances      Box(P          R      mAP50  mAP50-95): 88% ━━━━━━━━━━╸─ 44/50 2.8it/s 15.8s<2.2s
                 Class     Images  Instances      Box(P          R      mAP50  mAP50-95): 90% ━━━━━━━━━━╸─ 45/50 2.8it/s 16.2s<1.8s
                 Class     Images  Instances      Box(P          R      mAP50  mAP50-95): 92% ━━━━━━━━━━━─ 46/50 2.8it/s 16.5s<1.4s
                 Class     Images  Instances      Box(P          R      mAP50  mAP50-95): 94% ━━━━━━━━━━━─ 47/50 2.8it/s 16.9s<1.1s
                 Class     Images  Instances      Box(P          R      mAP50  mAP50-95): 96% ━━━━━━━━━━━╸ 48/50 2.8it/s 17.3s<0.7s
                 Class     Images  Instances      Box(P          R      mAP50  mAP50-95): 98% ━━━━━━━━━━━╸ 49/50 2.8it/s 17.6s<0.4s
                 Class     Images  Instances      Box(P          R      mAP50  mAP50-95): 100% ━━━━━━━━━━━━ 50/50 2.8it/s 17.7s
      Epoch    GPU_mem   box_loss   cls_loss   dfl_loss  Instances       Size
                 Class     Images  Instances      Box(P          R      mAP50  mAP50-95): 2% ──────────── 1/50 1.2s/it 0.4s<1:00
                 Class     Images  Instances      Box(P          R      mAP50  mAP50-95): 4% ──────────── 2/50 1.4it/s 0.7s<34.1s
                 Class     Images  Instances      Box(P          R      mAP50  mAP50-95): 6% ╸─────────── 3/50 1.8it/s 1.1s<25.7s
                 Class     Images  Instances      Box(P          R      mAP50  mAP50-95): 8% ╸─────────── 4/50 2.1it/s 1.4s<21.8s
                 Class     Images  Instances      Box(P          R      mAP50  mAP50-95): 10% ━─────────── 5/50 2.3it/s 1.8s<19.6s
                 Class     Images  Instances      Box(P          R      mAP50  mAP50-95): 12% ━─────────── 6/50 2.5it/s 2.2s<17.9s
                 Class     Images  Instances      Box(P          R      mAP50  mAP50-95): 14% ━╸────────── 7/50 2.6it/s 2.5s<16.8s
                 Class     Images  Instances      Box(P          R      mAP50  mAP50-95): 16% ━╸────────── 8/50 2.6it/s 2.9s<16.0s
                 Class     Images  Instances      Box(P          R      mAP50  mAP50-95): 18% ━━────────── 9/50 2.7it/s 3.2s<15.3s
                 Class     Images  Instances      Box(P          R      mAP50  mAP50-95): 20% ━━────────── 10/50 2.7it/s 3.6s<14.9s
                 Class     Images  Instances      Box(P          R      mAP50  mAP50-95): 22% ━━╸───────── 11/50 2.7it/s 4.0s<14.4s
                 Class     Images  Instances      Box(P          R      mAP50  mAP50-95): 24% ━━╸───────── 12/50 2.7it/s 4.3s<13.9s
                 Class     Images  Instances      Box(P          R      mAP50  mAP50-95): 26% ━━━───────── 13/50 2.8it/s 4.7s<13.4s
                 Class     Images  Instances      Box(P          R      mAP50  mAP50-95): 28% ━━━───────── 14/50 2.8it/s 5.0s<13.0s
                 Class     Images  Instances      Box(P          R      mAP50  mAP50-95): 30% ━━━╸──────── 15/50 2.8it/s 5.4s<12.7s
                 Class     Images  Instances      Box(P          R      mAP50  mAP50-95): 32% ━━━╸──────── 16/50 2.8it/s 5.8s<12.2s
                 Class     Images  Instances      Box(P          R      mAP50  mAP50-95): 34% ━━━━──────── 17/50 2.8it/s 6.1s<11.8s
                 Class     Images  Instances      Box(P          R      mAP50  mAP50-95): 36% ━━━━──────── 18/50 2.8it/s 6.5s<11.5s
                 Class     Images  Instances      Box(P          R      mAP50  mAP50-95): 38% ━━━━╸─────── 19/50 2.8it/s 6.8s<11.1s
                 Class     Images  Instances      Box(P          R      mAP50  mAP50-95): 40% ━━━━╸─────── 20/50 2.8it/s 7.2s<10.7s
                 Class     Images  Instances      Box(P          R      mAP50  mAP50-95): 42% ━━━━━─────── 21/50 2.8it/s 7.5s<10.3s
                 Class     Images  Instances      Box(P          R      mAP50  mAP50-95): 44% ━━━━━─────── 22/50 2.8it/s 7.9s<10.0s
                 Class     Images  Instances      Box(P          R      mAP50  mAP50-95): 46% ━━━━━╸────── 23/50 2.8it/s 8.3s<9.7s
                 Class     Images  Instances      Box(P          R      mAP50  mAP50-95): 48% ━━━━━╸────── 24/50 2.8it/s 8.6s<9.3s
                 Class     Images  Instances      Box(P          R      mAP50  mAP50-95): 50% ━━━━━━────── 25/50 2.8it/s 9.0s<8.9s
                 Class     Images  Instances      Box(P          R      mAP50  mAP50-95): 52% ━━━━━━────── 26/50 2.8it/s 9.3s<8.6s
                 Class     Images  Instances      Box(P          R      mAP50  mAP50-95): 54% ━━━━━━────── 27/50 2.8it/s 9.7s<8.2s
                 Class     Images  Instances      Box(P          R      mAP50  mAP50-95): 56% ━━━━━━╸───── 28/50 2.8it/s 10.0s<7.9s
                 Class     Images  Instances      Box(P          R      mAP50  mAP50-95): 57% ━━━━━━╸───── 29/50 2.8it/s 10.4s<7.5s
                 Class     Images  Instances      Box(P          R      mAP50  mAP50-95): 60% ━━━━━━━───── 30/50 2.8it/s 10.8s<7.2s
                 Class     Images  Instances      Box(P          R      mAP50  mAP50-95): 62% ━━━━━━━───── 31/50 2.8it/s 11.1s<6.8s
                 Class     Images  Instances      Box(P          R      mAP50  mAP50-95): 64% ━━━━━━━╸──── 32/50 2.8it/s 11.5s<6.5s
                 Class     Images  Instances      Box(P          R      mAP50  mAP50-95): 66% ━━━━━━━╸──── 33/50 2.8it/s 11.8s<6.1s
                 Class     Images  Instances      Box(P          R      mAP50  mAP50-95): 68% ━━━━━━━━──── 34/50 2.8it/s 12.2s<5.8s
                 Class     Images  Instances      Box(P          R      mAP50  mAP50-95): 70% ━━━━━━━━──── 35/50 2.8it/s 12.6s<5.4s
                 Class     Images  Instances      Box(P          R      mAP50  mAP50-95): 72% ━━━━━━━━╸─── 36/50 2.8it/s 12.9s<5.0s
                 Class     Images  Instances      Box(P          R      mAP50  mAP50-95): 74% ━━━━━━━━╸─── 37/50 2.8it/s 13.3s<4.7s
                 Class     Images  Instances      Box(P          R      mAP50  mAP50-95): 76% ━━━━━━━━━─── 38/50 2.8it/s 13.6s<4.3s
                 Class     Images  Instances      Box(P          R      mAP50  mAP50-95): 78% ━━━━━━━━━─── 39/50 2.8it/s 14.0s<4.0s
                 Class     Images  Instances      Box(P          R      mAP50  mAP50-95): 80% ━━━━━━━━━╸── 40/50 2.8it/s 14.4s<3.6s
                 Class     Images  Instances      Box(P          R      mAP50  mAP50-95): 82% ━━━━━━━━━╸── 41/50 2.8it/s 14.7s<3.2s
                 Class     Images  Instances      Box(P          R      mAP50  mAP50-95): 84% ━━━━━━━━━━── 42/50 2.8it/s 15.1s<2.9s
                 Class     Images  Instances      Box(P          R      mAP50  mAP50-95): 86% ━━━━━━━━━━── 43/50 2.8it/s 15.4s<2.5s
                 Class     Images  Instances      Box(P          R      mAP50  mAP50-95): 88% ━━━━━━━━━━╸─ 44/50 2.8it/s 15.8s<2.2s
                 Class     Images  Instances      Box(P          R      mAP50  mAP50-95): 90% ━━━━━━━━━━╸─ 45/50 2.8it/s 16.2s<1.8s
                 Class     Images  Instances      Box(P          R      mAP50  mAP50-95): 92% ━━━━━━━━━━━─ 46/50 2.8it/s 16.5s<1.4s
                 Class     Images  Instances      Box(P          R      mAP50  mAP50-95): 94% ━━━━━━━━━━━─ 47/50 2.8it/s 16.9s<1.1s
                 Class     Images  Instances      Box(P          R      mAP50  mAP50-95): 96% ━━━━━━━━━━━╸ 48/50 2.8it/s 17.2s<0.7s
                 Class     Images  Instances      Box(P          R      mAP50  mAP50-95): 98% ━━━━━━━━━━━╸ 49/50 2.8it/s 17.6s<0.4s
                 Class     Images  Instances      Box(P          R      mAP50  mAP50-95): 100% ━━━━━━━━━━━━ 50/50 2.8it/s 17.7s
      Epoch    GPU_mem   box_loss   cls_loss   dfl_loss  Instances       Size
                 Class     Images  Instances      Box(P          R      mAP50  mAP50-95): 2% ──────────── 1/50 1.3s/it 0.4s<1:05
                 Class     Images  Instances      Box(P          R      mAP50  mAP50-95): 4% ──────────── 2/50 1.4it/s 0.8s<35.5s
                 Class     Images  Instances      Box(P          R      mAP50  mAP50-95): 6% ╸─────────── 3/50 1.8it/s 1.1s<26.4s
                 Class     Images  Instances      Box(P          R      mAP50  mAP50-95): 8% ╸─────────── 4/50 2.1it/s 1.5s<22.3s
                 Class     Images  Instances      Box(P          R      mAP50  mAP50-95): 10% ━─────────── 5/50 2.3it/s 1.9s<20.0s
                 Class     Images  Instances      Box(P          R      mAP50  mAP50-95): 12% ━─────────── 6/50 2.4it/s 2.2s<18.3s
                 Class     Images  Instances      Box(P          R      mAP50  mAP50-95): 14% ━╸────────── 7/50 2.5it/s 2.6s<17.2s
                 Class     Images  Instances      Box(P          R      mAP50  mAP50-95): 16% ━╸────────── 8/50 2.6it/s 3.0s<16.4s
                 Class     Images  Instances      Box(P          R      mAP50  mAP50-95): 18% ━━────────── 9/50 2.6it/s 3.3s<15.6s
                 Class     Images  Instances      Box(P          R      mAP50  mAP50-95): 20% ━━────────── 10/50 2.7it/s 3.7s<15.0s
                 Class     Images  Instances      Box(P          R      mAP50  mAP50-95): 22% ━━╸───────── 11/50 2.7it/s 4.0s<14.4s
                 Class     Images  Instances      Box(P          R      mAP50  mAP50-95): 24% ━━╸───────── 12/50 2.7it/s 4.4s<13.9s
                 Class     Images  Instances      Box(P          R      mAP50  mAP50-95): 26% ━━━───────── 13/50 2.7it/s 4.8s<13.5s
                 Class     Images  Instances      Box(P          R      mAP50  mAP50-95): 28% ━━━───────── 14/50 2.8it/s 5.1s<13.0s
                 Class     Images  Instances      Box(P          R      mAP50  mAP50-95): 30% ━━━╸──────── 15/50 2.8it/s 5.5s<12.6s
                 Class     Images  Instances      Box(P          R      mAP50  mAP50-95): 32% ━━━╸──────── 16/50 2.8it/s 5.8s<12.2s
                 Class     Images  Instances      Box(P          R      mAP50  mAP50-95): 34% ━━━━──────── 17/50 2.8it/s 6.2s<11.9s
                 Class     Images  Instances      Box(P          R      mAP50  mAP50-95): 36% ━━━━──────── 18/50 2.8it/s 6.6s<11.6s
                 Class     Images  Instances      Box(P          R      mAP50  mAP50-95): 38% ━━━━╸─────── 19/50 2.8it/s 6.9s<11.2s
                 Class     Images  Instances      Box(P          R      mAP50  mAP50-95): 40% ━━━━╸─────── 20/50 2.8it/s 7.3s<10.8s
                 Class     Images  Instances      Box(P          R      mAP50  mAP50-95): 42% ━━━━━─────── 21/50 2.8it/s 7.6s<10.4s
                 Class     Images  Instances      Box(P          R      mAP50  mAP50-95): 44% ━━━━━─────── 22/50 2.8it/s 8.0s<10.0s
                 Class     Images  Instances      Box(P          R      mAP50  mAP50-95): 46% ━━━━━╸────── 23/50 2.8it/s 8.3s<9.6s
                 Class     Images  Instances      Box(P          R      mAP50  mAP50-95): 48% ━━━━━╸────── 24/50 2.8it/s 8.7s<9.3s
                 Class     Images  Instances      Box(P          R      mAP50  mAP50-95): 50% ━━━━━━────── 25/50 2.8it/s 9.1s<9.0s
                 Class     Images  Instances      Box(P          R      mAP50  mAP50-95): 52% ━━━━━━────── 26/50 2.8it/s 9.4s<8.6s
                 Class     Images  Instances      Box(P          R      mAP50  mAP50-95): 54% ━━━━━━────── 27/50 2.8it/s 9.8s<8.2s
                 Class     Images  Instances      Box(P          R      mAP50  mAP50-95): 56% ━━━━━━╸───── 28/50 2.8it/s 10.1s<7.9s
                 Class     Images  Instances      Box(P          R      mAP50  mAP50-95): 57% ━━━━━━╸───── 29/50 2.8it/s 10.5s<7.5s
                 Class     Images  Instances      Box(P          R      mAP50  mAP50-95): 60% ━━━━━━━───── 30/50 2.8it/s 10.9s<7.2s
                 Class     Images  Instances      Box(P          R      mAP50  mAP50-95): 62% ━━━━━━━───── 31/50 2.8it/s 11.2s<6.8s
                 Class     Images  Instances      Box(P          R      mAP50  mAP50-95): 64% ━━━━━━━╸──── 32/50 2.8it/s 11.6s<6.5s
                 Class     Images  Instances      Box(P          R      mAP50  mAP50-95): 66% ━━━━━━━╸──── 33/50 2.8it/s 11.9s<6.1s
                 Class     Images  Instances      Box(P          R      mAP50  mAP50-95): 68% ━━━━━━━━──── 34/50 2.8it/s 12.3s<5.7s
                 Class     Images  Instances      Box(P          R      mAP50  mAP50-95): 70% ━━━━━━━━──── 35/50 2.8it/s 12.7s<5.4s
                 Class     Images  Instances      Box(P          R      mAP50  mAP50-95): 72% ━━━━━━━━╸─── 36/50 2.8it/s 13.0s<5.1s
                 Class     Images  Instances      Box(P          R      mAP50  mAP50-95): 74% ━━━━━━━━╸─── 37/50 2.8it/s 13.4s<4.7s
                 Class     Images  Instances      Box(P          R      mAP50  mAP50-95): 76% ━━━━━━━━━─── 38/50 2.8it/s 13.7s<4.3s
                 Class     Images  Instances      Box(P          R      mAP50  mAP50-95): 78% ━━━━━━━━━─── 39/50 2.8it/s 14.1s<3.9s
                 Class     Images  Instances      Box(P          R      mAP50  mAP50-95): 80% ━━━━━━━━━╸── 40/50 2.8it/s 14.5s<3.6s
                 Class     Images  Instances      Box(P          R      mAP50  mAP50-95): 82% ━━━━━━━━━╸── 41/50 2.8it/s 14.8s<3.2s
                 Class     Images  Instances      Box(P          R      mAP50  mAP50-95): 84% ━━━━━━━━━━── 42/50 2.8it/s 15.2s<2.9s
                 Class     Images  Instances      Box(P          R      mAP50  mAP50-95): 86% ━━━━━━━━━━── 43/50 2.8it/s 15.5s<2.5s
                 Class     Images  Instances      Box(P          R      mAP50  mAP50-95): 88% ━━━━━━━━━━╸─ 44/50 2.8it/s 15.9s<2.2s
                 Class     Images  Instances      Box(P          R      mAP50  mAP50-95): 90% ━━━━━━━━━━╸─ 45/50 2.8it/s 16.3s<1.8s
                 Class     Images  Instances      Box(P          R      mAP50  mAP50-95): 92% ━━━━━━━━━━━─ 46/50 2.8it/s 16.6s<1.4s
                 Class     Images  Instances      Box(P          R      mAP50  mAP50-95): 94% ━━━━━━━━━━━─ 47/50 2.8it/s 17.0s<1.1s
                 Class     Images  Instances      Box(P          R      mAP50  mAP50-95): 96% ━━━━━━━━━━━╸ 48/50 2.8it/s 17.3s<0.7s
                 Class     Images  Instances      Box(P          R      mAP50  mAP50-95): 98% ━━━━━━━━━━━╸ 49/50 2.8it/s 17.7s<0.4s
                 Class     Images  Instances      Box(P          R      mAP50  mAP50-95): 100% ━━━━━━━━━━━━ 50/50 2.8it/s 17.8s
      Epoch    GPU_mem   box_loss   cls_loss   dfl_loss  Instances       Size
                 Class     Images  Instances      Box(P          R      mAP50  mAP50-95): 2% ──────────── 1/50 1.2s/it 0.4s<58.2s
                 Class     Images  Instances      Box(P          R      mAP50  mAP50-95): 4% ──────────── 2/50 1.4it/s 0.7s<33.5s
                 Class     Images  Instances      Box(P          R      mAP50  mAP50-95): 6% ╸─────────── 3/50 1.8it/s 1.1s<25.4s
                 Class     Images  Instances      Box(P          R      mAP50  mAP50-95): 8% ╸─────────── 4/50 2.1it/s 1.4s<21.5s
                 Class     Images  Instances      Box(P          R      mAP50  mAP50-95): 10% ━─────────── 5/50 2.3it/s 1.8s<19.3s
                 Class     Images  Instances      Box(P          R      mAP50  mAP50-95): 12% ━─────────── 6/50 2.5it/s 2.1s<17.8s
                 Class     Images  Instances      Box(P          R      mAP50  mAP50-95): 14% ━╸────────── 7/50 2.6it/s 2.5s<16.7s
                 Class     Images  Instances      Box(P          R      mAP50  mAP50-95): 16% ━╸────────── 8/50 2.6it/s 2.9s<16.0s
                 Class     Images  Instances      Box(P          R      mAP50  mAP50-95): 18% ━━────────── 9/50 2.7it/s 3.2s<15.3s
                 Class     Images  Instances      Box(P          R      mAP50  mAP50-95): 20% ━━────────── 10/50 2.7it/s 3.6s<14.7s
                 Class     Images  Instances      Box(P          R      mAP50  mAP50-95): 22% ━━╸───────── 11/50 2.7it/s 3.9s<14.2s
                 Class     Images  Instances      Box(P          R      mAP50  mAP50-95): 24% ━━╸───────── 12/50 2.8it/s 4.3s<13.8s
                 Class     Images  Instances      Box(P          R      mAP50  mAP50-95): 26% ━━━───────── 13/50 2.7it/s 4.7s<13.5s
                 Class     Images  Instances      Box(P          R      mAP50  mAP50-95): 28% ━━━───────── 14/50 2.8it/s 5.0s<13.1s
                 Class     Images  Instances      Box(P          R      mAP50  mAP50-95): 30% ━━━╸──────── 15/50 2.8it/s 5.4s<12.6s
                 Class     Images  Instances      Box(P          R      mAP50  mAP50-95): 32% ━━━╸──────── 16/50 2.8it/s 5.7s<12.2s
                 Class     Images  Instances      Box(P          R      mAP50  mAP50-95): 34% ━━━━──────── 17/50 2.8it/s 6.1s<11.8s
                 Class     Images  Instances      Box(P          R      mAP50  mAP50-95): 36% ━━━━──────── 18/50 2.8it/s 6.4s<11.4s
                 Class     Images  Instances      Box(P          R      mAP50  mAP50-95): 38% ━━━━╸─────── 19/50 2.8it/s 6.8s<11.1s
                 Class     Images  Instances      Box(P          R      mAP50  mAP50-95): 40% ━━━━╸─────── 20/50 2.8it/s 7.2s<10.8s
                 Class     Images  Instances      Box(P          R      mAP50  mAP50-95): 42% ━━━━━─────── 21/50 2.8it/s 7.5s<10.4s
                 Class     Images  Instances      Box(P          R      mAP50  mAP50-95): 44% ━━━━━─────── 22/50 2.8it/s 7.9s<10.0s
                 Class     Images  Instances      Box(P          R      mAP50  mAP50-95): 46% ━━━━━╸────── 23/50 2.8it/s 8.2s<9.6s
                 Class     Images  Instances      Box(P          R      mAP50  mAP50-95): 48% ━━━━━╸────── 24/50 2.8it/s 8.6s<9.3s
                 Class     Images  Instances      Box(P          R      mAP50  mAP50-95): 50% ━━━━━━────── 25/50 2.8it/s 8.9s<8.9s
                 Class     Images  Instances      Box(P          R      mAP50  mAP50-95): 52% ━━━━━━────── 26/50 2.8it/s 9.3s<8.6s
                 Class     Images  Instances      Box(P          R      mAP50  mAP50-95): 54% ━━━━━━────── 27/50 2.8it/s 9.7s<8.2s
                 Class     Images  Instances      Box(P          R      mAP50  mAP50-95): 56% ━━━━━━╸───── 28/50 2.8it/s 10.0s<7.9s
                 Class     Images  Instances      Box(P          R      mAP50  mAP50-95): 57% ━━━━━━╸───── 29/50 2.8it/s 10.4s<7.5s
                 Class     Images  Instances      Box(P          R      mAP50  mAP50-95): 60% ━━━━━━━───── 30/50 2.8it/s 10.7s<7.1s
                 Class     Images  Instances      Box(P          R      mAP50  mAP50-95): 62% ━━━━━━━───── 31/50 2.8it/s 11.1s<6.8s
                 Class     Images  Instances      Box(P          R      mAP50  mAP50-95): 64% ━━━━━━━╸──── 32/50 2.8it/s 11.4s<6.4s
                 Class     Images  Instances      Box(P          R      mAP50  mAP50-95): 66% ━━━━━━━╸──── 33/50 2.8it/s 11.8s<6.1s
                 Class     Images  Instances      Box(P          R      mAP50  mAP50-95): 68% ━━━━━━━━──── 34/50 2.8it/s 12.2s<5.7s
                 Class     Images  Instances      Box(P          R      mAP50  mAP50-95): 70% ━━━━━━━━──── 35/50 2.8it/s 12.5s<5.4s
                 Class     Images  Instances      Box(P          R      mAP50  mAP50-95): 72% ━━━━━━━━╸─── 36/50 2.8it/s 12.9s<5.0s
                 Class     Images  Instances      Box(P          R      mAP50  mAP50-95): 74% ━━━━━━━━╸─── 37/50 2.8it/s 13.2s<4.6s
                 Class     Images  Instances      Box(P          R      mAP50  mAP50-95): 76% ━━━━━━━━━─── 38/50 2.8it/s 13.6s<4.3s
                 Class     Images  Instances      Box(P          R      mAP50  mAP50-95): 78% ━━━━━━━━━─── 39/50 2.8it/s 13.9s<3.9s
                 Class     Images  Instances      Box(P          R      mAP50  mAP50-95): 80% ━━━━━━━━━╸── 40/50 2.8it/s 14.3s<3.6s
                 Class     Images  Instances      Box(P          R      mAP50  mAP50-95): 82% ━━━━━━━━━╸── 41/50 2.8it/s 14.7s<3.2s
                 Class     Images  Instances      Box(P          R      mAP50  mAP50-95): 84% ━━━━━━━━━━── 42/50 2.8it/s 15.0s<2.9s
                 Class     Images  Instances      Box(P          R      mAP50  mAP50-95): 86% ━━━━━━━━━━── 43/50 2.8it/s 15.4s<2.5s
                 Class     Images  Instances      Box(P          R      mAP50  mAP50-95): 88% ━━━━━━━━━━╸─ 44/50 2.8it/s 15.7s<2.1s
                 Class     Images  Instances      Box(P          R      mAP50  mAP50-95): 90% ━━━━━━━━━━╸─ 45/50 2.8it/s 16.1s<1.8s
                 Class     Images  Instances      Box(P          R      mAP50  mAP50-95): 92% ━━━━━━━━━━━─ 46/50 2.8it/s 16.4s<1.4s
                 Class     Images  Instances      Box(P          R      mAP50  mAP50-95): 94% ━━━━━━━━━━━─ 47/50 2.8it/s 16.8s<1.1s
                 Class     Images  Instances      Box(P          R      mAP50  mAP50-95): 96% ━━━━━━━━━━━╸ 48/50 2.8it/s 17.2s<0.7s
                 Class     Images  Instances      Box(P          R      mAP50  mAP50-95): 98% ━━━━━━━━━━━╸ 49/50 2.8it/s 17.5s<0.4s
                 Class     Images  Instances      Box(P          R      mAP50  mAP50-95): 100% ━━━━━━━━━━━━ 50/50 2.8it/s 17.6s
      Epoch    GPU_mem   box_loss   cls_loss   dfl_loss  Instances       Size
                 Class     Images  Instances      Box(P          R      mAP50  mAP50-95): 2% ──────────── 1/50 1.2s/it 0.4s<59.9s
                 Class     Images  Instances      Box(P          R      mAP50  mAP50-95): 4% ──────────── 2/50 1.4it/s 0.7s<34.0s
                 Class     Images  Instances      Box(P          R      mAP50  mAP50-95): 6% ╸─────────── 3/50 1.8it/s 1.1s<25.6s
                 Class     Images  Instances      Box(P          R      mAP50  mAP50-95): 8% ╸─────────── 4/50 2.1it/s 1.4s<21.7s
                 Class     Images  Instances      Box(P          R      mAP50  mAP50-95): 10% ━─────────── 5/50 2.3it/s 1.8s<19.4s
                 Class     Images  Instances      Box(P          R      mAP50  mAP50-95): 12% ━─────────── 6/50 2.5it/s 2.2s<17.8s
                 Class     Images  Instances      Box(P          R      mAP50  mAP50-95): 14% ━╸────────── 7/50 2.5it/s 2.5s<16.9s
                 Class     Images  Instances      Box(P          R      mAP50  mAP50-95): 16% ━╸────────── 8/50 2.6it/s 2.9s<16.0s
                 Class     Images  Instances      Box(P          R      mAP50  mAP50-95): 18% ━━────────── 9/50 2.7it/s 3.2s<15.3s
                 Class     Images  Instances      Box(P          R      mAP50  mAP50-95): 20% ━━────────── 10/50 2.7it/s 3.6s<14.8s
                 Class     Images  Instances      Box(P          R      mAP50  mAP50-95): 22% ━━╸───────── 11/50 2.7it/s 4.0s<14.3s
                 Class     Images  Instances      Box(P          R      mAP50  mAP50-95): 24% ━━╸───────── 12/50 2.7it/s 4.3s<13.9s
                 Class     Images  Instances      Box(P          R      mAP50  mAP50-95): 26% ━━━───────── 13/50 2.7it/s 4.7s<13.5s
                 Class     Images  Instances      Box(P          R      mAP50  mAP50-95): 28% ━━━───────── 14/50 2.8it/s 5.0s<13.0s
                 Class     Images  Instances      Box(P          R      mAP50  mAP50-95): 30% ━━━╸──────── 15/50 2.8it/s 5.4s<12.6s
                 Class     Images  Instances      Box(P          R      mAP50  mAP50-95): 32% ━━━╸──────── 16/50 2.8it/s 5.8s<12.2s
                 Class     Images  Instances      Box(P          R      mAP50  mAP50-95): 34% ━━━━──────── 17/50 2.8it/s 6.1s<12.0s
                 Class     Images  Instances      Box(P          R      mAP50  mAP50-95): 36% ━━━━──────── 18/50 2.8it/s 6.5s<11.5s
                 Class     Images  Instances      Box(P          R      mAP50  mAP50-95): 38% ━━━━╸─────── 19/50 2.8it/s 6.8s<11.2s
                 Class     Images  Instances      Box(P          R      mAP50  mAP50-95): 40% ━━━━╸─────── 20/50 2.8it/s 7.2s<10.8s
                 Class     Images  Instances      Box(P          R      mAP50  mAP50-95): 42% ━━━━━─────── 21/50 2.8it/s 7.6s<10.4s
                 Class     Images  Instances      Box(P          R      mAP50  mAP50-95): 44% ━━━━━─────── 22/50 2.8it/s 7.9s<10.1s
                 Class     Images  Instances      Box(P          R      mAP50  mAP50-95): 46% ━━━━━╸────── 23/50 2.8it/s 8.3s<9.7s
                 Class     Images  Instances      Box(P          R      mAP50  mAP50-95): 48% ━━━━━╸────── 24/50 2.8it/s 8.6s<9.4s
                 Class     Images  Instances      Box(P          R      mAP50  mAP50-95): 50% ━━━━━━────── 25/50 2.8it/s 9.0s<9.0s
                 Class     Images  Instances      Box(P          R      mAP50  mAP50-95): 52% ━━━━━━────── 26/50 2.8it/s 9.4s<8.6s
                 Class     Images  Instances      Box(P          R      mAP50  mAP50-95): 54% ━━━━━━────── 27/50 2.8it/s 9.7s<8.3s
                 Class     Images  Instances      Box(P          R      mAP50  mAP50-95): 56% ━━━━━━╸───── 28/50 2.8it/s 10.1s<7.9s
                 Class     Images  Instances      Box(P          R      mAP50  mAP50-95): 57% ━━━━━━╸───── 29/50 2.8it/s 10.4s<7.5s
                 Class     Images  Instances      Box(P          R      mAP50  mAP50-95): 60% ━━━━━━━───── 30/50 2.8it/s 10.8s<7.2s
                 Class     Images  Instances      Box(P          R      mAP50  mAP50-95): 62% ━━━━━━━───── 31/50 2.8it/s 11.2s<6.8s
                 Class     Images  Instances      Box(P          R      mAP50  mAP50-95): 64% ━━━━━━━╸──── 32/50 2.8it/s 11.5s<6.5s
                 Class     Images  Instances      Box(P          R      mAP50  mAP50-95): 66% ━━━━━━━╸──── 33/50 2.8it/s 11.9s<6.1s
                 Class     Images  Instances      Box(P          R      mAP50  mAP50-95): 68% ━━━━━━━━──── 34/50 2.8it/s 12.2s<5.7s
                 Class     Images  Instances      Box(P          R      mAP50  mAP50-95): 70% ━━━━━━━━──── 35/50 2.8it/s 12.6s<5.4s
                 Class     Images  Instances      Box(P          R      mAP50  mAP50-95): 72% ━━━━━━━━╸─── 36/50 2.8it/s 12.9s<5.0s
                 Class     Images  Instances      Box(P          R      mAP50  mAP50-95): 74% ━━━━━━━━╸─── 37/50 2.8it/s 13.3s<4.7s
                 Class     Images  Instances      Box(P          R      mAP50  mAP50-95): 76% ━━━━━━━━━─── 38/50 2.8it/s 13.7s<4.3s
                 Class     Images  Instances      Box(P          R      mAP50  mAP50-95): 78% ━━━━━━━━━─── 39/50 2.8it/s 14.0s<3.9s
                 Class     Images  Instances      Box(P          R      mAP50  mAP50-95): 80% ━━━━━━━━━╸── 40/50 2.8it/s 14.4s<3.6s
                 Class     Images  Instances      Box(P          R      mAP50  mAP50-95): 82% ━━━━━━━━━╸── 41/50 2.6it/s 14.9s<3.5s
                 Class     Images  Instances      Box(P          R      mAP50  mAP50-95): 84% ━━━━━━━━━━── 42/50 2.6it/s 15.2s<3.0s
                 Class     Images  Instances      Box(P          R      mAP50  mAP50-95): 86% ━━━━━━━━━━── 43/50 2.7it/s 15.6s<2.6s
                 Class     Images  Instances      Box(P          R      mAP50  mAP50-95): 88% ━━━━━━━━━━╸─ 44/50 2.7it/s 15.9s<2.2s
                 Class     Images  Instances      Box(P          R      mAP50  mAP50-95): 90% ━━━━━━━━━━╸─ 45/50 2.7it/s 16.3s<1.8s
                 Class     Images  Instances      Box(P          R      mAP50  mAP50-95): 92% ━━━━━━━━━━━─ 46/50 2.8it/s 16.7s<1.5s
                 Class     Images  Instances      Box(P          R      mAP50  mAP50-95): 94% ━━━━━━━━━━━─ 47/50 2.8it/s 17.0s<1.1s
                 Class     Images  Instances      Box(P          R      mAP50  mAP50-95): 96% ━━━━━━━━━━━╸ 48/50 2.8it/s 17.4s<0.7s
                 Class     Images  Instances      Box(P          R      mAP50  mAP50-95): 98% ━━━━━━━━━━━╸ 49/50 2.8it/s 17.7s<0.4s
                 Class     Images  Instances      Box(P          R      mAP50  mAP50-95): 100% ━━━━━━━━━━━━ 50/50 2.8it/s 17.8s
      Epoch    GPU_mem   box_loss   cls_loss   dfl_loss  Instances       Size
                 Class     Images  Instances      Box(P          R      mAP50  mAP50-95): 2% ──────────── 1/50 1.2s/it 0.4s<59.4s
                 Class     Images  Instances      Box(P          R      mAP50  mAP50-95): 4% ──────────── 2/50 1.4it/s 0.7s<33.9s
                 Class     Images  Instances      Box(P          R      mAP50  mAP50-95): 6% ╸─────────── 3/50 1.8it/s 1.1s<25.6s
                 Class     Images  Instances      Box(P          R      mAP50  mAP50-95): 8% ╸─────────── 4/50 2.1it/s 1.4s<21.7s
                 Class     Images  Instances      Box(P          R      mAP50  mAP50-95): 10% ━─────────── 5/50 2.3it/s 1.8s<19.4s
                 Class     Images  Instances      Box(P          R      mAP50  mAP50-95): 12% ━─────────── 6/50 2.5it/s 2.2s<17.9s
                 Class     Images  Instances      Box(P          R      mAP50  mAP50-95): 14% ━╸────────── 7/50 2.6it/s 2.5s<16.8s
                 Class     Images  Instances      Box(P          R      mAP50  mAP50-95): 16% ━╸────────── 8/50 2.6it/s 2.9s<16.0s
                 Class     Images  Instances      Box(P          R      mAP50  mAP50-95): 18% ━━────────── 9/50 2.7it/s 3.2s<15.3s
                 Class     Images  Instances      Box(P          R      mAP50  mAP50-95): 20% ━━────────── 10/50 2.7it/s 3.6s<14.7s
                 Class     Images  Instances      Box(P          R      mAP50  mAP50-95): 22% ━━╸───────── 11/50 2.7it/s 3.9s<14.2s
                 Class     Images  Instances      Box(P          R      mAP50  mAP50-95): 24% ━━╸───────── 12/50 2.7it/s 4.3s<13.9s
                 Class     Images  Instances      Box(P          R      mAP50  mAP50-95): 26% ━━━───────── 13/50 2.7it/s 4.7s<13.5s
                 Class     Images  Instances      Box(P          R      mAP50  mAP50-95): 28% ━━━───────── 14/50 2.8it/s 5.0s<13.1s
                 Class     Images  Instances      Box(P          R      mAP50  mAP50-95): 30% ━━━╸──────── 15/50 2.8it/s 5.4s<12.6s
                 Class     Images  Instances      Box(P          R      mAP50  mAP50-95): 32% ━━━╸──────── 16/50 2.8it/s 5.7s<12.2s
                 Class     Images  Instances      Box(P          R      mAP50  mAP50-95): 34% ━━━━──────── 17/50 2.8it/s 6.1s<11.9s
                 Class     Images  Instances      Box(P          R      mAP50  mAP50-95): 36% ━━━━──────── 18/50 2.8it/s 6.5s<11.5s
                 Class     Images  Instances      Box(P          R      mAP50  mAP50-95): 38% ━━━━╸─────── 19/50 2.8it/s 6.8s<11.1s
                 Class     Images  Instances      Box(P          R      mAP50  mAP50-95): 40% ━━━━╸─────── 20/50 2.8it/s 7.2s<10.8s
                 Class     Images  Instances      Box(P          R      mAP50  mAP50-95): 42% ━━━━━─────── 21/50 2.8it/s 7.5s<10.4s
                 Class     Images  Instances      Box(P          R      mAP50  mAP50-95): 44% ━━━━━─────── 22/50 2.8it/s 7.9s<10.2s
                 Class     Images  Instances      Box(P          R      mAP50  mAP50-95): 46% ━━━━━╸────── 23/50 2.8it/s 8.3s<9.7s
                 Class     Images  Instances      Box(P          R      mAP50  mAP50-95): 48% ━━━━━╸────── 24/50 2.8it/s 8.6s<9.4s
                 Class     Images  Instances      Box(P          R      mAP50  mAP50-95): 50% ━━━━━━────── 25/50 2.8it/s 9.0s<9.0s
                 Class     Images  Instances      Box(P          R      mAP50  mAP50-95): 52% ━━━━━━────── 26/50 2.8it/s 9.3s<8.6s
                 Class     Images  Instances      Box(P          R      mAP50  mAP50-95): 54% ━━━━━━────── 27/50 2.8it/s 9.7s<8.4s
                 Class     Images  Instances      Box(P          R      mAP50  mAP50-95): 56% ━━━━━━╸───── 28/50 2.8it/s 10.1s<7.9s
                 Class     Images  Instances      Box(P          R      mAP50  mAP50-95): 57% ━━━━━━╸───── 29/50 2.8it/s 10.4s<7.6s
                 Class     Images  Instances      Box(P          R      mAP50  mAP50-95): 60% ━━━━━━━───── 30/50 2.7it/s 10.8s<7.3s
                 Class     Images  Instances      Box(P          R      mAP50  mAP50-95): 62% ━━━━━━━───── 31/50 2.8it/s 11.2s<6.9s
                 Class     Images  Instances      Box(P          R      mAP50  mAP50-95): 64% ━━━━━━━╸──── 32/50 2.8it/s 11.5s<6.5s
                 Class     Images  Instances      Box(P          R      mAP50  mAP50-95): 66% ━━━━━━━╸──── 33/50 2.8it/s 11.9s<6.1s
                 Class     Images  Instances      Box(P          R      mAP50  mAP50-95): 68% ━━━━━━━━──── 34/50 2.8it/s 12.2s<5.8s
                 Class     Images  Instances      Box(P          R      mAP50  mAP50-95): 70% ━━━━━━━━──── 35/50 2.8it/s 12.6s<5.4s
                 Class     Images  Instances      Box(P          R      mAP50  mAP50-95): 72% ━━━━━━━━╸─── 36/50 2.8it/s 13.0s<5.1s
                 Class     Images  Instances      Box(P          R      mAP50  mAP50-95): 74% ━━━━━━━━╸─── 37/50 2.8it/s 13.3s<4.7s
                 Class     Images  Instances      Box(P          R      mAP50  mAP50-95): 76% ━━━━━━━━━─── 38/50 2.8it/s 13.7s<4.3s
                 Class     Images  Instances      Box(P          R      mAP50  mAP50-95): 78% ━━━━━━━━━─── 39/50 2.8it/s 14.0s<3.9s
                 Class     Images  Instances      Box(P          R      mAP50  mAP50-95): 80% ━━━━━━━━━╸── 40/50 2.8it/s 14.4s<3.6s
                 Class     Images  Instances      Box(P          R      mAP50  mAP50-95): 82% ━━━━━━━━━╸── 41/50 2.8it/s 14.8s<3.2s
                 Class     Images  Instances      Box(P          R      mAP50  mAP50-95): 84% ━━━━━━━━━━── 42/50 2.8it/s 15.1s<2.9s
                 Class     Images  Instances      Box(P          R      mAP50  mAP50-95): 86% ━━━━━━━━━━── 43/50 2.8it/s 15.5s<2.5s
                 Class     Images  Instances      Box(P          R      mAP50  mAP50-95): 88% ━━━━━━━━━━╸─ 44/50 2.8it/s 15.8s<2.1s
                 Class     Images  Instances      Box(P          R      mAP50  mAP50-95): 90% ━━━━━━━━━━╸─ 45/50 2.8it/s 16.2s<1.8s
                 Class     Images  Instances      Box(P          R      mAP50  mAP50-95): 92% ━━━━━━━━━━━─ 46/50 2.8it/s 16.6s<1.4s
                 Class     Images  Instances      Box(P          R      mAP50  mAP50-95): 94% ━━━━━━━━━━━─ 47/50 2.8it/s 16.9s<1.1s
                 Class     Images  Instances      Box(P          R      mAP50  mAP50-95): 96% ━━━━━━━━━━━╸ 48/50 2.8it/s 17.3s<0.7s
                 Class     Images  Instances      Box(P          R      mAP50  mAP50-95): 98% ━━━━━━━━━━━╸ 49/50 2.8it/s 17.6s<0.4s
                 Class     Images  Instances      Box(P          R      mAP50  mAP50-95): 100% ━━━━━━━━━━━━ 50/50 2.8it/s 17.7s
      Epoch    GPU_mem   box_loss   cls_loss   dfl_loss  Instances       Size
                 Class     Images  Instances      Box(P          R      mAP50  mAP50-95): 2% ──────────── 1/50 1.2s/it 0.4s<58.2s
                 Class     Images  Instances      Box(P          R      mAP50  mAP50-95): 4% ──────────── 2/50 1.4it/s 0.7s<33.8s
                 Class     Images  Instances      Box(P          R      mAP50  mAP50-95): 6% ╸─────────── 3/50 1.8it/s 1.1s<25.6s
                 Class     Images  Instances      Box(P          R      mAP50  mAP50-95): 8% ╸─────────── 4/50 2.1it/s 1.4s<21.6s
                 Class     Images  Instances      Box(P          R      mAP50  mAP50-95): 10% ━─────────── 5/50 2.3it/s 1.8s<19.6s
                 Class     Images  Instances      Box(P          R      mAP50  mAP50-95): 12% ━─────────── 6/50 2.4it/s 2.2s<18.0s
                 Class     Images  Instances      Box(P          R      mAP50  mAP50-95): 14% ━╸────────── 7/50 2.5it/s 2.5s<16.9s
                 Class     Images  Instances      Box(P          R      mAP50  mAP50-95): 16% ━╸────────── 8/50 2.6it/s 2.9s<16.3s
                 Class     Images  Instances      Box(P          R      mAP50  mAP50-95): 18% ━━────────── 9/50 2.6it/s 3.3s<15.5s
                 Class     Images  Instances      Box(P          R      mAP50  mAP50-95): 20% ━━────────── 10/50 2.7it/s 3.6s<14.9s
                 Class     Images  Instances      Box(P          R      mAP50  mAP50-95): 22% ━━╸───────── 11/50 2.7it/s 4.0s<14.3s
                 Class     Images  Instances      Box(P          R      mAP50  mAP50-95): 24% ━━╸───────── 12/50 2.7it/s 4.3s<13.9s
                 Class     Images  Instances      Box(P          R      mAP50  mAP50-95): 26% ━━━───────── 13/50 2.7it/s 4.7s<13.6s
                 Class     Images  Instances      Box(P          R      mAP50  mAP50-95): 28% ━━━───────── 14/50 2.7it/s 5.1s<13.1s
                 Class     Images  Instances      Box(P          R      mAP50  mAP50-95): 30% ━━━╸──────── 15/50 2.8it/s 5.4s<12.7s
                 Class     Images  Instances      Box(P          R      mAP50  mAP50-95): 32% ━━━╸──────── 16/50 2.8it/s 5.8s<12.3s
                 Class     Images  Instances      Box(P          R      mAP50  mAP50-95): 34% ━━━━──────── 17/50 2.8it/s 6.1s<11.9s
                 Class     Images  Instances      Box(P          R      mAP50  mAP50-95): 36% ━━━━──────── 18/50 2.8it/s 6.5s<11.6s
                 Class     Images  Instances      Box(P          R      mAP50  mAP50-95): 38% ━━━━╸─────── 19/50 2.8it/s 6.9s<11.2s
                 Class     Images  Instances      Box(P          R      mAP50  mAP50-95): 40% ━━━━╸─────── 20/50 2.8it/s 7.2s<10.8s
                 Class     Images  Instances      Box(P          R      mAP50  mAP50-95): 42% ━━━━━─────── 21/50 2.8it/s 7.6s<10.4s
                 Class     Images  Instances      Box(P          R      mAP50  mAP50-95): 44% ━━━━━─────── 22/50 2.8it/s 7.9s<10.1s
                 Class     Images  Instances      Box(P          R      mAP50  mAP50-95): 46% ━━━━━╸────── 23/50 2.8it/s 8.3s<9.8s
                 Class     Images  Instances      Box(P          R      mAP50  mAP50-95): 48% ━━━━━╸────── 24/50 2.8it/s 8.7s<9.4s
                 Class     Images  Instances      Box(P          R      mAP50  mAP50-95): 50% ━━━━━━────── 25/50 2.8it/s 9.0s<9.0s
                 Class     Images  Instances      Box(P          R      mAP50  mAP50-95): 52% ━━━━━━────── 26/50 2.8it/s 9.4s<8.6s
                 Class     Images  Instances      Box(P          R      mAP50  mAP50-95): 54% ━━━━━━────── 27/50 2.8it/s 9.7s<8.3s
                 Class     Images  Instances      Box(P          R      mAP50  mAP50-95): 56% ━━━━━━╸───── 28/50 2.8it/s 10.1s<8.0s
                 Class     Images  Instances      Box(P          R      mAP50  mAP50-95): 57% ━━━━━━╸───── 29/50 2.8it/s 10.5s<7.6s
                 Class     Images  Instances      Box(P          R      mAP50  mAP50-95): 60% ━━━━━━━───── 30/50 2.8it/s 10.8s<7.2s
                 Class     Images  Instances      Box(P          R      mAP50  mAP50-95): 62% ━━━━━━━───── 31/50 2.8it/s 11.2s<6.8s
                 Class     Images  Instances      Box(P          R      mAP50  mAP50-95): 64% ━━━━━━━╸──── 32/50 2.8it/s 11.5s<6.5s
                 Class     Images  Instances      Box(P          R      mAP50  mAP50-95): 66% ━━━━━━━╸──── 33/50 2.8it/s 11.9s<6.2s
                 Class     Images  Instances      Box(P          R      mAP50  mAP50-95): 68% ━━━━━━━━──── 34/50 2.8it/s 12.3s<5.8s
                 Class     Images  Instances      Box(P          R      mAP50  mAP50-95): 70% ━━━━━━━━──── 35/50 2.8it/s 12.6s<5.4s
                 Class     Images  Instances      Box(P          R      mAP50  mAP50-95): 72% ━━━━━━━━╸─── 36/50 2.8it/s 13.0s<5.0s
                 Class     Images  Instances      Box(P          R      mAP50  mAP50-95): 74% ━━━━━━━━╸─── 37/50 2.8it/s 13.3s<4.7s
                 Class     Images  Instances      Box(P          R      mAP50  mAP50-95): 76% ━━━━━━━━━─── 38/50 2.8it/s 13.7s<4.3s
                 Class     Images  Instances      Box(P          R      mAP50  mAP50-95): 78% ━━━━━━━━━─── 39/50 2.8it/s 14.1s<4.0s
                 Class     Images  Instances      Box(P          R      mAP50  mAP50-95): 80% ━━━━━━━━━╸── 40/50 2.8it/s 14.4s<3.6s
                 Class     Images  Instances      Box(P          R      mAP50  mAP50-95): 82% ━━━━━━━━━╸── 41/50 2.7it/s 14.8s<3.3s
                 Class     Images  Instances      Box(P          R      mAP50  mAP50-95): 84% ━━━━━━━━━━── 42/50 2.8it/s 15.1s<2.9s
                 Class     Images  Instances      Box(P          R      mAP50  mAP50-95): 86% ━━━━━━━━━━── 43/50 2.8it/s 15.5s<2.5s
                 Class     Images  Instances      Box(P          R      mAP50  mAP50-95): 88% ━━━━━━━━━━╸─ 44/50 2.8it/s 15.9s<2.2s
                 Class     Images  Instances      Box(P          R      mAP50  mAP50-95): 90% ━━━━━━━━━━╸─ 45/50 2.8it/s 16.2s<1.8s
                 Class     Images  Instances      Box(P          R      mAP50  mAP50-95): 92% ━━━━━━━━━━━─ 46/50 2.7it/s 16.6s<1.5s
                 Class     Images  Instances      Box(P          R      mAP50  mAP50-95): 94% ━━━━━━━━━━━─ 47/50 2.8it/s 17.0s<1.1s
                 Class     Images  Instances      Box(P          R      mAP50  mAP50-95): 96% ━━━━━━━━━━━╸ 48/50 2.8it/s 17.3s<0.7s
                 Class     Images  Instances      Box(P          R      mAP50  mAP50-95): 98% ━━━━━━━━━━━╸ 49/50 2.7it/s 17.7s<0.4s
                 Class     Images  Instances      Box(P          R      mAP50  mAP50-95): 100% ━━━━━━━━━━━━ 50/50 2.8it/s 17.8s
      Epoch    GPU_mem   box_loss   cls_loss   dfl_loss  Instances       Size
                 Class     Images  Instances      Box(P          R      mAP50  mAP50-95): 2% ──────────── 1/50 1.2s/it 0.4s<59.9s
                 Class     Images  Instances      Box(P          R      mAP50  mAP50-95): 4% ──────────── 2/50 1.4it/s 0.7s<33.9s
                 Class     Images  Instances      Box(P          R      mAP50  mAP50-95): 6% ╸─────────── 3/50 1.8it/s 1.1s<25.6s
                 Class     Images  Instances      Box(P          R      mAP50  mAP50-95): 8% ╸─────────── 4/50 2.1it/s 1.4s<21.8s
                 Class     Images  Instances      Box(P          R      mAP50  mAP50-95): 10% ━─────────── 5/50 2.3it/s 1.8s<19.5s
                 Class     Images  Instances      Box(P          R      mAP50  mAP50-95): 12% ━─────────── 6/50 2.4it/s 2.2s<18.0s
                 Class     Images  Instances      Box(P          R      mAP50  mAP50-95): 14% ━╸────────── 7/50 2.6it/s 2.5s<16.8s
                 Class     Images  Instances      Box(P          R      mAP50  mAP50-95): 16% ━╸────────── 8/50 2.6it/s 2.9s<16.0s
                 Class     Images  Instances      Box(P          R      mAP50  mAP50-95): 18% ━━────────── 9/50 2.7it/s 3.2s<15.3s
                 Class     Images  Instances      Box(P          R      mAP50  mAP50-95): 20% ━━────────── 10/50 2.7it/s 3.6s<14.7s
                 Class     Images  Instances      Box(P          R      mAP50  mAP50-95): 22% ━━╸───────── 11/50 2.7it/s 4.0s<14.3s
                 Class     Images  Instances      Box(P          R      mAP50  mAP50-95): 24% ━━╸───────── 12/50 2.8it/s 4.3s<13.8s
                 Class     Images  Instances      Box(P          R      mAP50  mAP50-95): 26% ━━━───────── 13/50 2.8it/s 4.7s<13.4s
                 Class     Images  Instances      Box(P          R      mAP50  mAP50-95): 28% ━━━───────── 14/50 2.8it/s 5.0s<13.0s
                 Class     Images  Instances      Box(P          R      mAP50  mAP50-95): 30% ━━━╸──────── 15/50 2.8it/s 5.4s<12.6s
                 Class     Images  Instances      Box(P          R      mAP50  mAP50-95): 32% ━━━╸──────── 16/50 2.8it/s 5.8s<12.3s
                 Class     Images  Instances      Box(P          R      mAP50  mAP50-95): 34% ━━━━──────── 17/50 2.8it/s 6.1s<11.9s
                 Class     Images  Instances      Box(P          R      mAP50  mAP50-95): 36% ━━━━──────── 18/50 2.8it/s 6.5s<11.5s
                 Class     Images  Instances      Box(P          R      mAP50  mAP50-95): 38% ━━━━╸─────── 19/50 2.8it/s 6.8s<11.1s
                 Class     Images  Instances      Box(P          R      mAP50  mAP50-95): 40% ━━━━╸─────── 20/50 2.8it/s 7.2s<10.7s
                 Class     Images  Instances      Box(P          R      mAP50  mAP50-95): 42% ━━━━━─────── 21/50 2.8it/s 7.6s<10.5s
                 Class     Images  Instances      Box(P          R      mAP50  mAP50-95): 44% ━━━━━─────── 22/50 2.8it/s 7.9s<10.1s
                 Class     Images  Instances      Box(P          R      mAP50  mAP50-95): 46% ━━━━━╸────── 23/50 2.8it/s 8.3s<9.7s
                 Class     Images  Instances      Box(P          R      mAP50  mAP50-95): 48% ━━━━━╸────── 24/50 2.8it/s 8.6s<9.3s
                 Class     Images  Instances      Box(P          R      mAP50  mAP50-95): 50% ━━━━━━────── 25/50 2.8it/s 9.0s<9.0s
                 Class     Images  Instances      Box(P          R      mAP50  mAP50-95): 52% ━━━━━━────── 26/50 2.8it/s 9.4s<8.7s
                 Class     Images  Instances      Box(P          R      mAP50  mAP50-95): 54% ━━━━━━────── 27/50 2.8it/s 9.7s<8.3s
                 Class     Images  Instances      Box(P          R      mAP50  mAP50-95): 56% ━━━━━━╸───── 28/50 2.8it/s 10.1s<7.9s
                 Class     Images  Instances      Box(P          R      mAP50  mAP50-95): 57% ━━━━━━╸───── 29/50 2.8it/s 10.4s<7.5s
                 Class     Images  Instances      Box(P          R      mAP50  mAP50-95): 60% ━━━━━━━───── 30/50 2.8it/s 10.8s<7.2s
                 Class     Images  Instances      Box(P          R      mAP50  mAP50-95): 62% ━━━━━━━───── 31/50 2.8it/s 11.2s<6.9s
                 Class     Images  Instances      Box(P          R      mAP50  mAP50-95): 64% ━━━━━━━╸──── 32/50 2.8it/s 11.5s<6.5s
                 Class     Images  Instances      Box(P          R      mAP50  mAP50-95): 66% ━━━━━━━╸──── 33/50 2.8it/s 11.9s<6.1s
                 Class     Images  Instances      Box(P          R      mAP50  mAP50-95): 68% ━━━━━━━━──── 34/50 2.8it/s 12.2s<5.7s
                 Class     Images  Instances      Box(P          R      mAP50  mAP50-95): 70% ━━━━━━━━──── 35/50 2.8it/s 12.6s<5.4s
                 Class     Images  Instances      Box(P          R      mAP50  mAP50-95): 72% ━━━━━━━━╸─── 36/50 2.8it/s 13.0s<5.1s
                 Class     Images  Instances      Box(P          R      mAP50  mAP50-95): 74% ━━━━━━━━╸─── 37/50 2.8it/s 13.3s<4.7s
                 Class     Images  Instances      Box(P          R      mAP50  mAP50-95): 76% ━━━━━━━━━─── 38/50 2.8it/s 13.7s<4.3s
                 Class     Images  Instances      Box(P          R      mAP50  mAP50-95): 78% ━━━━━━━━━─── 39/50 2.8it/s 14.0s<3.9s
                 Class     Images  Instances      Box(P          R      mAP50  mAP50-95): 80% ━━━━━━━━━╸── 40/50 2.8it/s 14.4s<3.6s
                 Class     Images  Instances      Box(P          R      mAP50  mAP50-95): 82% ━━━━━━━━━╸── 41/50 2.8it/s 14.8s<3.3s
                 Class     Images  Instances      Box(P          R      mAP50  mAP50-95): 84% ━━━━━━━━━━── 42/50 2.8it/s 15.1s<2.9s
                 Class     Images  Instances      Box(P          R      mAP50  mAP50-95): 86% ━━━━━━━━━━── 43/50 2.8it/s 15.5s<2.5s
                 Class     Images  Instances      Box(P          R      mAP50  mAP50-95): 88% ━━━━━━━━━━╸─ 44/50 2.8it/s 15.8s<2.2s
                 Class     Images  Instances      Box(P          R      mAP50  mAP50-95): 90% ━━━━━━━━━━╸─ 45/50 2.8it/s 16.2s<1.8s
                 Class     Images  Instances      Box(P          R      mAP50  mAP50-95): 92% ━━━━━━━━━━━─ 46/50 2.8it/s 16.6s<1.4s
                 Class     Images  Instances      Box(P          R      mAP50  mAP50-95): 94% ━━━━━━━━━━━─ 47/50 2.8it/s 16.9s<1.1s
                 Class     Images  Instances      Box(P          R      mAP50  mAP50-95): 96% ━━━━━━━━━━━╸ 48/50 2.8it/s 17.3s<0.7s
                 Class     Images  Instances      Box(P          R      mAP50  mAP50-95): 98% ━━━━━━━━━━━╸ 49/50 2.8it/s 17.6s<0.4s
                 Class     Images  Instances      Box(P          R      mAP50  mAP50-95): 100% ━━━━━━━━━━━━ 50/50 2.8it/s 17.7s
      Epoch    GPU_mem   box_loss   cls_loss   dfl_loss  Instances       Size
                 Class     Images  Instances      Box(P          R      mAP50  mAP50-95): 2% ──────────── 1/50 1.2s/it 0.4s<1:01
                 Class     Images  Instances      Box(P          R      mAP50  mAP50-95): 4% ──────────── 2/50 1.4it/s 0.7s<34.2s
                 Class     Images  Instances      Box(P          R      mAP50  mAP50-95): 6% ╸─────────── 3/50 1.8it/s 1.1s<25.7s
                 Class     Images  Instances      Box(P          R      mAP50  mAP50-95): 8% ╸─────────── 4/50 2.1it/s 1.4s<21.8s
                 Class     Images  Instances      Box(P          R      mAP50  mAP50-95): 10% ━─────────── 5/50 2.3it/s 1.8s<19.5s
                 Class     Images  Instances      Box(P          R      mAP50  mAP50-95): 12% ━─────────── 6/50 2.5it/s 2.2s<17.9s
                 Class     Images  Instances      Box(P          R      mAP50  mAP50-95): 14% ━╸────────── 7/50 2.5it/s 2.6s<17.3s
                 Class     Images  Instances      Box(P          R      mAP50  mAP50-95): 16% ━╸────────── 8/50 2.6it/s 2.9s<16.2s
                 Class     Images  Instances      Box(P          R      mAP50  mAP50-95): 18% ━━────────── 9/50 2.6it/s 3.3s<15.5s
                 Class     Images  Instances      Box(P          R      mAP50  mAP50-95): 20% ━━────────── 10/50 2.7it/s 3.6s<14.8s
                 Class     Images  Instances      Box(P          R      mAP50  mAP50-95): 22% ━━╸───────── 11/50 2.7it/s 4.0s<14.3s
                 Class     Images  Instances      Box(P          R      mAP50  mAP50-95): 24% ━━╸───────── 12/50 2.7it/s 4.4s<14.0s
                 Class     Images  Instances      Box(P          R      mAP50  mAP50-95): 26% ━━━───────── 13/50 2.7it/s 4.7s<13.5s
                 Class     Images  Instances      Box(P          R      mAP50  mAP50-95): 28% ━━━───────── 14/50 2.8it/s 5.1s<13.1s
                 Class     Images  Instances      Box(P          R      mAP50  mAP50-95): 30% ━━━╸──────── 15/50 2.8it/s 5.4s<12.6s
                 Class     Images  Instances      Box(P          R      mAP50  mAP50-95): 32% ━━━╸──────── 16/50 2.8it/s 5.8s<12.2s
                 Class     Images  Instances      Box(P          R      mAP50  mAP50-95): 34% ━━━━──────── 17/50 2.8it/s 6.1s<11.9s
                 Class     Images  Instances      Box(P          R      mAP50  mAP50-95): 36% ━━━━──────── 18/50 2.8it/s 6.5s<11.5s
                 Class     Images  Instances      Box(P          R      mAP50  mAP50-95): 38% ━━━━╸─────── 19/50 2.8it/s 6.9s<11.1s
                 Class     Images  Instances      Box(P          R      mAP50  mAP50-95): 40% ━━━━╸─────── 20/50 2.8it/s 7.2s<10.8s
                 Class     Images  Instances      Box(P          R      mAP50  mAP50-95): 42% ━━━━━─────── 21/50 2.8it/s 7.6s<10.5s
                 Class     Images  Instances      Box(P          R      mAP50  mAP50-95): 44% ━━━━━─────── 22/50 2.8it/s 7.9s<10.1s
                 Class     Images  Instances      Box(P          R      mAP50  mAP50-95): 46% ━━━━━╸────── 23/50 2.8it/s 8.3s<9.7s
                 Class     Images  Instances      Box(P          R      mAP50  mAP50-95): 48% ━━━━━╸────── 24/50 2.8it/s 8.7s<9.3s
                 Class     Images  Instances      Box(P          R      mAP50  mAP50-95): 50% ━━━━━━────── 25/50 2.8it/s 9.0s<9.0s
                 Class     Images  Instances      Box(P          R      mAP50  mAP50-95): 52% ━━━━━━────── 26/50 2.8it/s 9.4s<8.6s
                 Class     Images  Instances      Box(P          R      mAP50  mAP50-95): 54% ━━━━━━────── 27/50 2.8it/s 9.7s<8.2s
                 Class     Images  Instances      Box(P          R      mAP50  mAP50-95): 56% ━━━━━━╸───── 28/50 2.8it/s 10.1s<7.9s
                 Class     Images  Instances      Box(P          R      mAP50  mAP50-95): 57% ━━━━━━╸───── 29/50 2.8it/s 10.4s<7.5s
                 Class     Images  Instances      Box(P          R      mAP50  mAP50-95): 60% ━━━━━━━───── 30/50 2.8it/s 10.8s<7.2s
                 Class     Images  Instances      Box(P          R      mAP50  mAP50-95): 62% ━━━━━━━───── 31/50 2.8it/s 11.2s<6.8s
                 Class     Images  Instances      Box(P          R      mAP50  mAP50-95): 64% ━━━━━━━╸──── 32/50 2.8it/s 11.5s<6.4s
                 Class     Images  Instances      Box(P          R      mAP50  mAP50-95): 66% ━━━━━━━╸──── 33/50 2.8it/s 11.9s<6.1s
                 Class     Images  Instances      Box(P          R      mAP50  mAP50-95): 68% ━━━━━━━━──── 34/50 2.8it/s 12.2s<5.7s
                 Class     Images  Instances      Box(P          R      mAP50  mAP50-95): 70% ━━━━━━━━──── 35/50 2.8it/s 12.6s<5.4s
                 Class     Images  Instances      Box(P          R      mAP50  mAP50-95): 72% ━━━━━━━━╸─── 36/50 2.8it/s 12.9s<5.0s
                 Class     Images  Instances      Box(P          R      mAP50  mAP50-95): 74% ━━━━━━━━╸─── 37/50 2.8it/s 13.3s<4.6s
                 Class     Images  Instances      Box(P          R      mAP50  mAP50-95): 76% ━━━━━━━━━─── 38/50 2.8it/s 13.7s<4.3s
                 Class     Images  Instances      Box(P          R      mAP50  mAP50-95): 78% ━━━━━━━━━─── 39/50 2.8it/s 14.0s<3.9s
                 Class     Images  Instances      Box(P          R      mAP50  mAP50-95): 80% ━━━━━━━━━╸── 40/50 2.8it/s 14.4s<3.6s
                 Class     Images  Instances      Box(P          R      mAP50  mAP50-95): 82% ━━━━━━━━━╸── 41/50 2.8it/s 14.7s<3.2s
                 Class     Images  Instances      Box(P          R      mAP50  mAP50-95): 84% ━━━━━━━━━━── 42/50 2.8it/s 15.1s<2.9s
                 Class     Images  Instances      Box(P          R      mAP50  mAP50-95): 86% ━━━━━━━━━━── 43/50 2.8it/s 15.5s<2.5s
                 Class     Images  Instances      Box(P          R      mAP50  mAP50-95): 88% ━━━━━━━━━━╸─ 44/50 2.8it/s 15.8s<2.1s
                 Class     Images  Instances      Box(P          R      mAP50  mAP50-95): 90% ━━━━━━━━━━╸─ 45/50 2.8it/s 16.2s<1.8s
                 Class     Images  Instances      Box(P          R      mAP50  mAP50-95): 92% ━━━━━━━━━━━─ 46/50 2.8it/s 16.5s<1.4s
                 Class     Images  Instances      Box(P          R      mAP50  mAP50-95): 94% ━━━━━━━━━━━─ 47/50 2.8it/s 16.9s<1.1s
                 Class     Images  Instances      Box(P          R      mAP50  mAP50-95): 96% ━━━━━━━━━━━╸ 48/50 2.8it/s 17.2s<0.7s
                 Class     Images  Instances      Box(P          R      mAP50  mAP50-95): 98% ━━━━━━━━━━━╸ 49/50 2.8it/s 17.6s<0.4s
                 Class     Images  Instances      Box(P          R      mAP50  mAP50-95): 100% ━━━━━━━━━━━━ 50/50 2.8it/s 17.7s
      Epoch    GPU_mem   box_loss   cls_loss   dfl_loss  Instances       Size
                 Class     Images  Instances      Box(P          R      mAP50  mAP50-95): 2% ──────────── 1/50 1.2s/it 0.4s<1:01
                 Class     Images  Instances      Box(P          R      mAP50  mAP50-95): 4% ──────────── 2/50 1.4it/s 0.7s<34.2s
                 Class     Images  Instances      Box(P          R      mAP50  mAP50-95): 6% ╸─────────── 3/50 1.8it/s 1.1s<25.7s
                 Class     Images  Instances      Box(P          R      mAP50  mAP50-95): 8% ╸─────────── 4/50 2.1it/s 1.4s<21.8s
                 Class     Images  Instances      Box(P          R      mAP50  mAP50-95): 10% ━─────────── 5/50 2.3it/s 1.8s<19.7s
                 Class     Images  Instances      Box(P          R      mAP50  mAP50-95): 12% ━─────────── 6/50 2.4it/s 2.2s<18.1s
                 Class     Images  Instances      Box(P          R      mAP50  mAP50-95): 14% ━╸────────── 7/50 2.5it/s 2.5s<16.9s
                 Class     Images  Instances      Box(P          R      mAP50  mAP50-95): 16% ━╸────────── 8/50 2.6it/s 2.9s<16.0s
                 Class     Images  Instances      Box(P          R      mAP50  mAP50-95): 18% ━━────────── 9/50 2.7it/s 3.2s<15.4s
                 Class     Images  Instances      Box(P          R      mAP50  mAP50-95): 20% ━━────────── 10/50 2.7it/s 3.6s<14.9s
                 Class     Images  Instances      Box(P          R      mAP50  mAP50-95): 22% ━━╸───────── 11/50 2.7it/s 4.0s<14.4s
                 Class     Images  Instances      Box(P          R      mAP50  mAP50-95): 24% ━━╸───────── 12/50 2.7it/s 4.3s<13.9s
                 Class     Images  Instances      Box(P          R      mAP50  mAP50-95): 26% ━━━───────── 13/50 2.8it/s 4.7s<13.4s
                 Class     Images  Instances      Box(P          R      mAP50  mAP50-95): 28% ━━━───────── 14/50 2.8it/s 5.0s<13.0s
                 Class     Images  Instances      Box(P          R      mAP50  mAP50-95): 30% ━━━╸──────── 15/50 2.8it/s 5.4s<12.7s
                 Class     Images  Instances      Box(P          R      mAP50  mAP50-95): 32% ━━━╸──────── 16/50 2.8it/s 5.8s<12.2s
                 Class     Images  Instances      Box(P          R      mAP50  mAP50-95): 34% ━━━━──────── 17/50 2.8it/s 6.1s<11.8s
                 Class     Images  Instances      Box(P          R      mAP50  mAP50-95): 36% ━━━━──────── 18/50 2.8it/s 6.5s<11.6s
                 Class     Images  Instances      Box(P          R      mAP50  mAP50-95): 38% ━━━━╸─────── 19/50 2.8it/s 6.8s<11.2s
                 Class     Images  Instances      Box(P          R      mAP50  mAP50-95): 40% ━━━━╸─────── 20/50 2.8it/s 7.2s<10.8s
                 Class     Images  Instances      Box(P          R      mAP50  mAP50-95): 42% ━━━━━─────── 21/50 2.8it/s 7.6s<10.4s
                 Class     Images  Instances      Box(P          R      mAP50  mAP50-95): 44% ━━━━━─────── 22/50 2.8it/s 7.9s<10.1s
                 Class     Images  Instances      Box(P          R      mAP50  mAP50-95): 46% ━━━━━╸────── 23/50 2.8it/s 8.3s<9.7s
                 Class     Images  Instances      Box(P          R      mAP50  mAP50-95): 48% ━━━━━╸────── 24/50 2.8it/s 8.6s<9.3s
                 Class     Images  Instances      Box(P          R      mAP50  mAP50-95): 50% ━━━━━━────── 25/50 2.8it/s 9.0s<8.9s
                 Class     Images  Instances      Box(P          R      mAP50  mAP50-95): 52% ━━━━━━────── 26/50 2.8it/s 9.4s<8.6s
                 Class     Images  Instances      Box(P          R      mAP50  mAP50-95): 54% ━━━━━━────── 27/50 2.8it/s 9.7s<8.3s
                 Class     Images  Instances      Box(P          R      mAP50  mAP50-95): 56% ━━━━━━╸───── 28/50 2.8it/s 10.1s<7.9s
                 Class     Images  Instances      Box(P          R      mAP50  mAP50-95): 57% ━━━━━━╸───── 29/50 2.8it/s 10.4s<7.5s
                 Class     Images  Instances      Box(P          R      mAP50  mAP50-95): 60% ━━━━━━━───── 30/50 2.8it/s 10.8s<7.2s
                 Class     Images  Instances      Box(P          R      mAP50  mAP50-95): 62% ━━━━━━━───── 31/50 2.8it/s 11.1s<6.8s
                 Class     Images  Instances      Box(P          R      mAP50  mAP50-95): 64% ━━━━━━━╸──── 32/50 2.8it/s 11.5s<6.5s
                 Class     Images  Instances      Box(P          R      mAP50  mAP50-95): 66% ━━━━━━━╸──── 33/50 2.8it/s 11.9s<6.2s
                 Class     Images  Instances      Box(P          R      mAP50  mAP50-95): 68% ━━━━━━━━──── 34/50 2.8it/s 12.2s<5.8s
                 Class     Images  Instances      Box(P          R      mAP50  mAP50-95): 70% ━━━━━━━━──── 35/50 2.8it/s 12.6s<5.4s
                 Class     Images  Instances      Box(P          R      mAP50  mAP50-95): 72% ━━━━━━━━╸─── 36/50 2.8it/s 13.0s<5.0s
                 Class     Images  Instances      Box(P          R      mAP50  mAP50-95): 74% ━━━━━━━━╸─── 37/50 2.8it/s 13.3s<4.7s
                 Class     Images  Instances      Box(P          R      mAP50  mAP50-95): 76% ━━━━━━━━━─── 38/50 2.8it/s 13.7s<4.3s
                 Class     Images  Instances      Box(P          R      mAP50  mAP50-95): 78% ━━━━━━━━━─── 39/50 2.8it/s 14.0s<4.0s
                 Class     Images  Instances      Box(P          R      mAP50  mAP50-95): 80% ━━━━━━━━━╸── 40/50 2.8it/s 14.4s<3.6s
                 Class     Images  Instances      Box(P          R      mAP50  mAP50-95): 82% ━━━━━━━━━╸── 41/50 2.8it/s 14.8s<3.2s
                 Class     Images  Instances      Box(P          R      mAP50  mAP50-95): 84% ━━━━━━━━━━── 42/50 2.8it/s 15.1s<2.9s
                 Class     Images  Instances      Box(P          R      mAP50  mAP50-95): 86% ━━━━━━━━━━── 43/50 2.8it/s 15.5s<2.5s
                 Class     Images  Instances      Box(P          R      mAP50  mAP50-95): 88% ━━━━━━━━━━╸─ 44/50 2.8it/s 15.8s<2.2s
                 Class     Images  Instances      Box(P          R      mAP50  mAP50-95): 90% ━━━━━━━━━━╸─ 45/50 2.8it/s 16.2s<1.8s
                 Class     Images  Instances      Box(P          R      mAP50  mAP50-95): 92% ━━━━━━━━━━━─ 46/50 2.8it/s 16.6s<1.4s
                 Class     Images  Instances      Box(P          R      mAP50  mAP50-95): 94% ━━━━━━━━━━━─ 47/50 2.8it/s 16.9s<1.1s
                 Class     Images  Instances      Box(P          R      mAP50  mAP50-95): 96% ━━━━━━━━━━━╸ 48/50 2.8it/s 17.3s<0.7s
                 Class     Images  Instances      Box(P          R      mAP50  mAP50-95): 98% ━━━━━━━━━━━╸ 49/50 2.8it/s 17.6s<0.4s
                 Class     Images  Instances      Box(P          R      mAP50  mAP50-95): 100% ━━━━━━━━━━━━ 50/50 2.8it/s 17.7s
      Epoch    GPU_mem   box_loss   cls_loss   dfl_loss  Instances       Size
                 Class     Images  Instances      Box(P          R      mAP50  mAP50-95): 2% ──────────── 1/50 1.2s/it 0.4s<59.9s
                 Class     Images  Instances      Box(P          R      mAP50  mAP50-95): 4% ──────────── 2/50 1.4it/s 0.7s<33.9s
                 Class     Images  Instances      Box(P          R      mAP50  mAP50-95): 6% ╸─────────── 3/50 1.8it/s 1.1s<25.5s
                 Class     Images  Instances      Box(P          R      mAP50  mAP50-95): 8% ╸─────────── 4/50 2.1it/s 1.4s<21.6s
                 Class     Images  Instances      Box(P          R      mAP50  mAP50-95): 10% ━─────────── 5/50 2.3it/s 1.8s<19.3s
                 Class     Images  Instances      Box(P          R      mAP50  mAP50-95): 12% ━─────────── 6/50 2.5it/s 2.1s<17.8s
                 Class     Images  Instances      Box(P          R      mAP50  mAP50-95): 14% ━╸────────── 7/50 2.6it/s 2.5s<16.7s
                 Class     Images  Instances      Box(P          R      mAP50  mAP50-95): 16% ━╸────────── 8/50 2.6it/s 2.9s<15.9s
                 Class     Images  Instances      Box(P          R      mAP50  mAP50-95): 18% ━━────────── 9/50 2.7it/s 3.2s<15.2s
                 Class     Images  Instances      Box(P          R      mAP50  mAP50-95): 20% ━━────────── 10/50 2.7it/s 3.6s<14.7s
                 Class     Images  Instances      Box(P          R      mAP50  mAP50-95): 22% ━━╸───────── 11/50 2.7it/s 3.9s<14.2s
                 Class     Images  Instances      Box(P          R      mAP50  mAP50-95): 24% ━━╸───────── 12/50 2.7it/s 4.3s<13.8s
                 Class     Images  Instances      Box(P          R      mAP50  mAP50-95): 26% ━━━───────── 13/50 2.8it/s 4.7s<13.4s
                 Class     Images  Instances      Box(P          R      mAP50  mAP50-95): 28% ━━━───────── 14/50 2.8it/s 5.0s<13.0s
                 Class     Images  Instances      Box(P          R      mAP50  mAP50-95): 30% ━━━╸──────── 15/50 2.8it/s 5.4s<12.6s
                 Class     Images  Instances      Box(P          R      mAP50  mAP50-95): 32% ━━━╸──────── 16/50 2.8it/s 5.7s<12.2s
                 Class     Images  Instances      Box(P          R      mAP50  mAP50-95): 34% ━━━━──────── 17/50 2.8it/s 6.1s<11.8s
                 Class     Images  Instances      Box(P          R      mAP50  mAP50-95): 36% ━━━━──────── 18/50 2.8it/s 6.4s<11.4s
                 Class     Images  Instances      Box(P          R      mAP50  mAP50-95): 38% ━━━━╸─────── 19/50 2.8it/s 6.8s<11.1s
                 Class     Images  Instances      Box(P          R      mAP50  mAP50-95): 40% ━━━━╸─────── 20/50 2.8it/s 7.1s<10.7s
                 Class     Images  Instances      Box(P          R      mAP50  mAP50-95): 42% ━━━━━─────── 21/50 2.8it/s 7.5s<10.4s
                 Class     Images  Instances      Box(P          R      mAP50  mAP50-95): 44% ━━━━━─────── 22/50 2.8it/s 7.9s<10.0s
                 Class     Images  Instances      Box(P          R      mAP50  mAP50-95): 46% ━━━━━╸────── 23/50 2.8it/s 8.2s<9.6s
                 Class     Images  Instances      Box(P          R      mAP50  mAP50-95): 48% ━━━━━╸────── 24/50 2.8it/s 8.6s<9.3s
                 Class     Images  Instances      Box(P          R      mAP50  mAP50-95): 50% ━━━━━━────── 25/50 2.8it/s 8.9s<8.9s
                 Class     Images  Instances      Box(P          R      mAP50  mAP50-95): 52% ━━━━━━────── 26/50 2.8it/s 9.3s<8.5s
                 Class     Images  Instances      Box(P          R      mAP50  mAP50-95): 54% ━━━━━━────── 27/50 2.8it/s 9.7s<8.3s
                 Class     Images  Instances      Box(P          R      mAP50  mAP50-95): 56% ━━━━━━╸───── 28/50 2.8it/s 10.0s<7.9s
                 Class     Images  Instances      Box(P          R      mAP50  mAP50-95): 57% ━━━━━━╸───── 29/50 2.8it/s 10.4s<7.5s
                 Class     Images  Instances      Box(P          R      mAP50  mAP50-95): 60% ━━━━━━━───── 30/50 2.8it/s 10.7s<7.2s
                 Class     Images  Instances      Box(P          R      mAP50  mAP50-95): 62% ━━━━━━━───── 31/50 2.8it/s 11.1s<6.8s
                 Class     Images  Instances      Box(P          R      mAP50  mAP50-95): 64% ━━━━━━━╸──── 32/50 2.8it/s 11.4s<6.4s
                 Class     Images  Instances      Box(P          R      mAP50  mAP50-95): 66% ━━━━━━━╸──── 33/50 2.8it/s 11.8s<6.1s
                 Class     Images  Instances      Box(P          R      mAP50  mAP50-95): 68% ━━━━━━━━──── 34/50 2.8it/s 12.2s<5.7s
                 Class     Images  Instances      Box(P          R      mAP50  mAP50-95): 70% ━━━━━━━━──── 35/50 2.8it/s 12.5s<5.4s
                 Class     Images  Instances      Box(P          R      mAP50  mAP50-95): 72% ━━━━━━━━╸─── 36/50 2.8it/s 12.9s<5.0s
                 Class     Images  Instances      Box(P          R      mAP50  mAP50-95): 74% ━━━━━━━━╸─── 37/50 2.8it/s 13.2s<4.6s
                 Class     Images  Instances      Box(P          R      mAP50  mAP50-95): 76% ━━━━━━━━━─── 38/50 2.8it/s 13.6s<4.3s
                 Class     Images  Instances      Box(P          R      mAP50  mAP50-95): 78% ━━━━━━━━━─── 39/50 2.8it/s 13.9s<3.9s
                 Class     Images  Instances      Box(P          R      mAP50  mAP50-95): 80% ━━━━━━━━━╸── 40/50 2.8it/s 14.3s<3.6s
                 Class     Images  Instances      Box(P          R      mAP50  mAP50-95): 82% ━━━━━━━━━╸── 41/50 2.8it/s 14.6s<3.2s
                 Class     Images  Instances      Box(P          R      mAP50  mAP50-95): 84% ━━━━━━━━━━── 42/50 2.8it/s 15.0s<2.9s
                 Class     Images  Instances      Box(P          R      mAP50  mAP50-95): 86% ━━━━━━━━━━── 43/50 2.8it/s 15.4s<2.5s
                 Class     Images  Instances      Box(P          R      mAP50  mAP50-95): 88% ━━━━━━━━━━╸─ 44/50 2.8it/s 15.7s<2.1s
                 Class     Images  Instances      Box(P          R      mAP50  mAP50-95): 90% ━━━━━━━━━━╸─ 45/50 2.8it/s 16.1s<1.8s
                 Class     Images  Instances      Box(P          R      mAP50  mAP50-95): 92% ━━━━━━━━━━━─ 46/50 2.8it/s 16.4s<1.4s
                 Class     Images  Instances      Box(P          R      mAP50  mAP50-95): 94% ━━━━━━━━━━━─ 47/50 2.8it/s 16.8s<1.1s
                 Class     Images  Instances      Box(P          R      mAP50  mAP50-95): 96% ━━━━━━━━━━━╸ 48/50 2.8it/s 17.2s<0.7s
                 Class     Images  Instances      Box(P          R      mAP50  mAP50-95): 98% ━━━━━━━━━━━╸ 49/50 2.8it/s 17.5s<0.4s
                 Class     Images  Instances      Box(P          R      mAP50  mAP50-95): 100% ━━━━━━━━━━━━ 50/50 2.8it/s 17.6s
      Epoch    GPU_mem   box_loss   cls_loss   dfl_loss  Instances       Size
                 Class     Images  Instances      Box(P          R      mAP50  mAP50-95): 2% ──────────── 1/50 1.2s/it 0.4s<59.5s
                 Class     Images  Instances      Box(P          R      mAP50  mAP50-95): 4% ──────────── 2/50 1.4it/s 0.7s<33.7s
                 Class     Images  Instances      Box(P          R      mAP50  mAP50-95): 6% ╸─────────── 3/50 1.8it/s 1.1s<25.6s
                 Class     Images  Instances      Box(P          R      mAP50  mAP50-95): 8% ╸─────────── 4/50 2.1it/s 1.4s<21.7s
                 Class     Images  Instances      Box(P          R      mAP50  mAP50-95): 10% ━─────────── 5/50 2.3it/s 1.8s<19.4s
                 Class     Images  Instances      Box(P          R      mAP50  mAP50-95): 12% ━─────────── 6/50 2.5it/s 2.1s<17.8s
                 Class     Images  Instances      Box(P          R      mAP50  mAP50-95): 14% ━╸────────── 7/50 2.6it/s 2.5s<16.7s
                 Class     Images  Instances      Box(P          R      mAP50  mAP50-95): 16% ━╸────────── 8/50 2.6it/s 2.9s<16.1s
                 Class     Images  Instances      Box(P          R      mAP50  mAP50-95): 18% ━━────────── 9/50 2.7it/s 3.2s<15.4s
                 Class     Images  Instances      Box(P          R      mAP50  mAP50-95): 20% ━━────────── 10/50 2.7it/s 3.6s<14.9s
                 Class     Images  Instances      Box(P          R      mAP50  mAP50-95): 22% ━━╸───────── 11/50 2.7it/s 4.0s<14.3s
                 Class     Images  Instances      Box(P          R      mAP50  mAP50-95): 24% ━━╸───────── 12/50 2.7it/s 4.3s<13.9s
                 Class     Images  Instances      Box(P          R      mAP50  mAP50-95): 26% ━━━───────── 13/50 2.7it/s 4.7s<13.5s
                 Class     Images  Instances      Box(P          R      mAP50  mAP50-95): 28% ━━━───────── 14/50 2.8it/s 5.0s<13.1s
                 Class     Images  Instances      Box(P          R      mAP50  mAP50-95): 30% ━━━╸──────── 15/50 2.8it/s 5.4s<12.6s
                 Class     Images  Instances      Box(P          R      mAP50  mAP50-95): 32% ━━━╸──────── 16/50 2.8it/s 5.7s<12.2s
                 Class     Images  Instances      Box(P          R      mAP50  mAP50-95): 34% ━━━━──────── 17/50 2.8it/s 6.1s<11.8s
                 Class     Images  Instances      Box(P          R      mAP50  mAP50-95): 36% ━━━━──────── 18/50 2.8it/s 6.5s<11.6s
                 Class     Images  Instances      Box(P          R      mAP50  mAP50-95): 38% ━━━━╸─────── 19/50 2.8it/s 6.8s<11.2s
                 Class     Images  Instances      Box(P          R      mAP50  mAP50-95): 40% ━━━━╸─────── 20/50 2.8it/s 7.2s<10.8s
                 Class     Images  Instances      Box(P          R      mAP50  mAP50-95): 42% ━━━━━─────── 21/50 2.8it/s 7.5s<10.4s
                 Class     Images  Instances      Box(P          R      mAP50  mAP50-95): 44% ━━━━━─────── 22/50 2.8it/s 7.9s<10.0s
                 Class     Images  Instances      Box(P          R      mAP50  mAP50-95): 46% ━━━━━╸────── 23/50 2.8it/s 8.3s<9.6s
                 Class     Images  Instances      Box(P          R      mAP50  mAP50-95): 48% ━━━━━╸────── 24/50 2.8it/s 8.6s<9.3s
                 Class     Images  Instances      Box(P          R      mAP50  mAP50-95): 50% ━━━━━━────── 25/50 2.8it/s 9.0s<9.0s
                 Class     Images  Instances      Box(P          R      mAP50  mAP50-95): 52% ━━━━━━────── 26/50 2.8it/s 9.3s<8.6s
                 Class     Images  Instances      Box(P          R      mAP50  mAP50-95): 54% ━━━━━━────── 27/50 2.8it/s 9.7s<8.3s
                 Class     Images  Instances      Box(P          R      mAP50  mAP50-95): 56% ━━━━━━╸───── 28/50 2.8it/s 10.0s<7.9s
                 Class     Images  Instances      Box(P          R      mAP50  mAP50-95): 57% ━━━━━━╸───── 29/50 2.8it/s 10.4s<7.5s
                 Class     Images  Instances      Box(P          R      mAP50  mAP50-95): 60% ━━━━━━━───── 30/50 2.8it/s 10.8s<7.2s
                 Class     Images  Instances      Box(P          R      mAP50  mAP50-95): 62% ━━━━━━━───── 31/50 2.8it/s 11.1s<6.8s
                 Class     Images  Instances      Box(P          R      mAP50  mAP50-95): 64% ━━━━━━━╸──── 32/50 2.8it/s 11.5s<6.5s
                 Class     Images  Instances      Box(P          R      mAP50  mAP50-95): 66% ━━━━━━━╸──── 33/50 2.8it/s 11.8s<6.1s
                 Class     Images  Instances      Box(P          R      mAP50  mAP50-95): 68% ━━━━━━━━──── 34/50 2.8it/s 12.2s<5.7s
                 Class     Images  Instances      Box(P          R      mAP50  mAP50-95): 70% ━━━━━━━━──── 35/50 2.8it/s 12.6s<5.4s
                 Class     Images  Instances      Box(P          R      mAP50  mAP50-95): 72% ━━━━━━━━╸─── 36/50 2.8it/s 12.9s<5.0s
                 Class     Images  Instances      Box(P          R      mAP50  mAP50-95): 74% ━━━━━━━━╸─── 37/50 2.8it/s 13.3s<4.7s
                 Class     Images  Instances      Box(P          R      mAP50  mAP50-95): 76% ━━━━━━━━━─── 38/50 2.8it/s 13.6s<4.3s
                 Class     Images  Instances      Box(P          R      mAP50  mAP50-95): 78% ━━━━━━━━━─── 39/50 2.8it/s 14.0s<4.0s
                 Class     Images  Instances      Box(P          R      mAP50  mAP50-95): 80% ━━━━━━━━━╸── 40/50 2.8it/s 14.4s<3.6s
                 Class     Images  Instances      Box(P          R      mAP50  mAP50-95): 82% ━━━━━━━━━╸── 41/50 2.8it/s 14.7s<3.2s
                 Class     Images  Instances      Box(P          R      mAP50  mAP50-95): 84% ━━━━━━━━━━── 42/50 2.8it/s 15.1s<2.9s
                 Class     Images  Instances      Box(P          R      mAP50  mAP50-95): 86% ━━━━━━━━━━── 43/50 2.8it/s 15.4s<2.5s
                 Class     Images  Instances      Box(P          R      mAP50  mAP50-95): 88% ━━━━━━━━━━╸─ 44/50 2.8it/s 15.8s<2.2s
                 Class     Images  Instances      Box(P          R      mAP50  mAP50-95): 90% ━━━━━━━━━━╸─ 45/50 2.8it/s 16.2s<1.8s
                 Class     Images  Instances      Box(P          R      mAP50  mAP50-95): 92% ━━━━━━━━━━━─ 46/50 2.8it/s 16.5s<1.4s
                 Class     Images  Instances      Box(P          R      mAP50  mAP50-95): 94% ━━━━━━━━━━━─ 47/50 2.8it/s 16.9s<1.1s
                 Class     Images  Instances      Box(P          R      mAP50  mAP50-95): 96% ━━━━━━━━━━━╸ 48/50 2.8it/s 17.2s<0.7s
                 Class     Images  Instances      Box(P          R      mAP50  mAP50-95): 98% ━━━━━━━━━━━╸ 49/50 2.8it/s 17.6s<0.4s
                 Class     Images  Instances      Box(P          R      mAP50  mAP50-95): 100% ━━━━━━━━━━━━ 50/50 2.8it/s 17.7s
      Epoch    GPU_mem   box_loss   cls_loss   dfl_loss  Instances       Size
                 Class     Images  Instances      Box(P          R      mAP50  mAP50-95): 2% ──────────── 1/50 1.3s/it 0.4s<1:01
                 Class     Images  Instances      Box(P          R      mAP50  mAP50-95): 4% ──────────── 2/50 1.4it/s 0.7s<34.2s
                 Class     Images  Instances      Box(P          R      mAP50  mAP50-95): 6% ╸─────────── 3/50 1.8it/s 1.1s<25.7s
                 Class     Images  Instances      Box(P          R      mAP50  mAP50-95): 8% ╸─────────── 4/50 2.1it/s 1.4s<21.7s
                 Class     Images  Instances      Box(P          R      mAP50  mAP50-95): 10% ━─────────── 5/50 2.3it/s 1.8s<19.4s
                 Class     Images  Instances      Box(P          R      mAP50  mAP50-95): 12% ━─────────── 6/50 2.5it/s 2.2s<17.8s
                 Class     Images  Instances      Box(P          R      mAP50  mAP50-95): 14% ━╸────────── 7/50 2.6it/s 2.5s<16.8s
                 Class     Images  Instances      Box(P          R      mAP50  mAP50-95): 16% ━╸────────── 8/50 2.6it/s 2.9s<16.0s
                 Class     Images  Instances      Box(P          R      mAP50  mAP50-95): 18% ━━────────── 9/50 2.7it/s 3.2s<15.3s
                 Class     Images  Instances      Box(P          R      mAP50  mAP50-95): 20% ━━────────── 10/50 2.7it/s 3.6s<14.7s
                 Class     Images  Instances      Box(P          R      mAP50  mAP50-95): 22% ━━╸───────── 11/50 2.7it/s 3.9s<14.3s
                 Class     Images  Instances      Box(P          R      mAP50  mAP50-95): 24% ━━╸───────── 12/50 2.7it/s 4.3s<13.9s
                 Class     Images  Instances      Box(P          R      mAP50  mAP50-95): 26% ━━━───────── 13/50 2.7it/s 4.7s<13.5s
                 Class     Images  Instances      Box(P          R      mAP50  mAP50-95): 28% ━━━───────── 14/50 2.8it/s 5.0s<13.0s
                 Class     Images  Instances      Box(P          R      mAP50  mAP50-95): 30% ━━━╸──────── 15/50 2.8it/s 5.4s<12.6s
                 Class     Images  Instances      Box(P          R      mAP50  mAP50-95): 32% ━━━╸──────── 16/50 2.8it/s 5.7s<12.2s
                 Class     Images  Instances      Box(P          R      mAP50  mAP50-95): 34% ━━━━──────── 17/50 2.8it/s 6.1s<11.8s
                 Class     Images  Instances      Box(P          R      mAP50  mAP50-95): 36% ━━━━──────── 18/50 2.8it/s 6.5s<11.4s
                 Class     Images  Instances      Box(P          R      mAP50  mAP50-95): 38% ━━━━╸─────── 19/50 2.8it/s 6.8s<11.1s
                 Class     Images  Instances      Box(P          R      mAP50  mAP50-95): 40% ━━━━╸─────── 20/50 2.8it/s 7.2s<10.8s
                 Class     Images  Instances      Box(P          R      mAP50  mAP50-95): 42% ━━━━━─────── 21/50 2.8it/s 7.5s<10.4s
                 Class     Images  Instances      Box(P          R      mAP50  mAP50-95): 44% ━━━━━─────── 22/50 2.8it/s 7.9s<10.0s
                 Class     Images  Instances      Box(P          R      mAP50  mAP50-95): 46% ━━━━━╸────── 23/50 2.8it/s 8.2s<9.6s
                 Class     Images  Instances      Box(P          R      mAP50  mAP50-95): 48% ━━━━━╸────── 24/50 2.8it/s 8.6s<9.3s
                 Class     Images  Instances      Box(P          R      mAP50  mAP50-95): 50% ━━━━━━────── 25/50 2.8it/s 9.0s<8.9s
                 Class     Images  Instances      Box(P          R      mAP50  mAP50-95): 52% ━━━━━━────── 26/50 2.8it/s 9.3s<8.6s
                 Class     Images  Instances      Box(P          R      mAP50  mAP50-95): 54% ━━━━━━────── 27/50 2.8it/s 9.7s<8.2s
                 Class     Images  Instances      Box(P          R      mAP50  mAP50-95): 56% ━━━━━━╸───── 28/50 2.8it/s 10.0s<7.9s
                 Class     Images  Instances      Box(P          R      mAP50  mAP50-95): 57% ━━━━━━╸───── 29/50 2.8it/s 10.4s<7.5s
                 Class     Images  Instances      Box(P          R      mAP50  mAP50-95): 60% ━━━━━━━───── 30/50 2.8it/s 10.7s<7.1s
                 Class     Images  Instances      Box(P          R      mAP50  mAP50-95): 62% ━━━━━━━───── 31/50 2.8it/s 11.1s<6.8s
                 Class     Images  Instances      Box(P          R      mAP50  mAP50-95): 64% ━━━━━━━╸──── 32/50 2.8it/s 11.5s<6.4s
                 Class     Images  Instances      Box(P          R      mAP50  mAP50-95): 66% ━━━━━━━╸──── 33/50 2.8it/s 11.8s<6.1s
                 Class     Images  Instances      Box(P          R      mAP50  mAP50-95): 68% ━━━━━━━━──── 34/50 2.8it/s 12.2s<5.7s
                 Class     Images  Instances      Box(P          R      mAP50  mAP50-95): 70% ━━━━━━━━──── 35/50 2.8it/s 12.5s<5.4s
                 Class     Images  Instances      Box(P          R      mAP50  mAP50-95): 72% ━━━━━━━━╸─── 36/50 2.8it/s 12.9s<5.0s
                 Class     Images  Instances      Box(P          R      mAP50  mAP50-95): 74% ━━━━━━━━╸─── 37/50 2.8it/s 13.3s<4.6s
                 Class     Images  Instances      Box(P          R      mAP50  mAP50-95): 76% ━━━━━━━━━─── 38/50 2.8it/s 13.6s<4.3s
                 Class     Images  Instances      Box(P          R      mAP50  mAP50-95): 78% ━━━━━━━━━─── 39/50 2.8it/s 14.0s<3.9s
                 Class     Images  Instances      Box(P          R      mAP50  mAP50-95): 80% ━━━━━━━━━╸── 40/50 2.8it/s 14.3s<3.6s
                 Class     Images  Instances      Box(P          R      mAP50  mAP50-95): 82% ━━━━━━━━━╸── 41/50 2.8it/s 14.7s<3.2s
                 Class     Images  Instances      Box(P          R      mAP50  mAP50-95): 84% ━━━━━━━━━━── 42/50 2.8it/s 15.0s<2.9s
                 Class     Images  Instances      Box(P          R      mAP50  mAP50-95): 86% ━━━━━━━━━━── 43/50 2.8it/s 15.4s<2.5s
                 Class     Images  Instances      Box(P          R      mAP50  mAP50-95): 88% ━━━━━━━━━━╸─ 44/50 2.8it/s 15.8s<2.1s
                 Class     Images  Instances      Box(P          R      mAP50  mAP50-95): 90% ━━━━━━━━━━╸─ 45/50 2.8it/s 16.1s<1.8s
                 Class     Images  Instances      Box(P          R      mAP50  mAP50-95): 92% ━━━━━━━━━━━─ 46/50 2.8it/s 16.5s<1.4s
                 Class     Images  Instances      Box(P          R      mAP50  mAP50-95): 94% ━━━━━━━━━━━─ 47/50 2.8it/s 16.8s<1.1s
                 Class     Images  Instances      Box(P          R      mAP50  mAP50-95): 96% ━━━━━━━━━━━╸ 48/50 2.8it/s 17.2s<0.7s
                 Class     Images  Instances      Box(P          R      mAP50  mAP50-95): 98% ━━━━━━━━━━━╸ 49/50 2.8it/s 17.5s<0.4s
                 Class     Images  Instances      Box(P          R      mAP50  mAP50-95): 100% ━━━━━━━━━━━━ 50/50 2.8it/s 17.6s
      Epoch    GPU_mem   box_loss   cls_loss   dfl_loss  Instances       Size
                 Class     Images  Instances      Box(P          R      mAP50  mAP50-95): 2% ──────────── 1/50 1.2s/it 0.4s<59.2s
                 Class     Images  Instances      Box(P          R      mAP50  mAP50-95): 4% ──────────── 2/50 1.4it/s 0.7s<33.8s
                 Class     Images  Instances      Box(P          R      mAP50  mAP50-95): 6% ╸─────────── 3/50 1.8it/s 1.1s<25.6s
                 Class     Images  Instances      Box(P          R      mAP50  mAP50-95): 8% ╸─────────── 4/50 2.1it/s 1.4s<21.6s
                 Class     Images  Instances      Box(P          R      mAP50  mAP50-95): 10% ━─────────── 5/50 2.3it/s 1.8s<19.3s
                 Class     Images  Instances      Box(P          R      mAP50  mAP50-95): 12% ━─────────── 6/50 2.5it/s 2.2s<18.0s
                 Class     Images  Instances      Box(P          R      mAP50  mAP50-95): 14% ━╸────────── 7/50 2.6it/s 2.5s<16.8s
                 Class     Images  Instances      Box(P          R      mAP50  mAP50-95): 16% ━╸────────── 8/50 2.6it/s 2.9s<16.0s
                 Class     Images  Instances      Box(P          R      mAP50  mAP50-95): 18% ━━────────── 9/50 2.7it/s 3.2s<15.3s
                 Class     Images  Instances      Box(P          R      mAP50  mAP50-95): 20% ━━────────── 10/50 2.7it/s 3.6s<14.7s
                 Class     Images  Instances      Box(P          R      mAP50  mAP50-95): 22% ━━╸───────── 11/50 2.7it/s 3.9s<14.2s
                 Class     Images  Instances      Box(P          R      mAP50  mAP50-95): 24% ━━╸───────── 12/50 2.8it/s 4.3s<13.8s
                 Class     Images  Instances      Box(P          R      mAP50  mAP50-95): 26% ━━━───────── 13/50 2.8it/s 4.7s<13.4s
                 Class     Images  Instances      Box(P          R      mAP50  mAP50-95): 28% ━━━───────── 14/50 2.8it/s 5.0s<13.0s
                 Class     Images  Instances      Box(P          R      mAP50  mAP50-95): 30% ━━━╸──────── 15/50 2.8it/s 5.4s<12.6s
                 Class     Images  Instances      Box(P          R      mAP50  mAP50-95): 32% ━━━╸──────── 16/50 2.8it/s 5.7s<12.2s
                 Class     Images  Instances      Box(P          R      mAP50  mAP50-95): 34% ━━━━──────── 17/50 2.8it/s 6.1s<11.8s
                 Class     Images  Instances      Box(P          R      mAP50  mAP50-95): 36% ━━━━──────── 18/50 2.8it/s 6.4s<11.4s
                 Class     Images  Instances      Box(P          R      mAP50  mAP50-95): 38% ━━━━╸─────── 19/50 2.8it/s 6.8s<11.1s
                 Class     Images  Instances      Box(P          R      mAP50  mAP50-95): 40% ━━━━╸─────── 20/50 2.8it/s 7.2s<10.7s
                 Class     Images  Instances      Box(P          R      mAP50  mAP50-95): 42% ━━━━━─────── 21/50 2.8it/s 7.5s<10.4s
                 Class     Images  Instances      Box(P          R      mAP50  mAP50-95): 44% ━━━━━─────── 22/50 2.8it/s 7.9s<10.0s
                 Class     Images  Instances      Box(P          R      mAP50  mAP50-95): 46% ━━━━━╸────── 23/50 2.8it/s 8.2s<9.6s
                 Class     Images  Instances      Box(P          R      mAP50  mAP50-95): 48% ━━━━━╸────── 24/50 2.8it/s 8.6s<9.3s
                 Class     Images  Instances      Box(P          R      mAP50  mAP50-95): 50% ━━━━━━────── 25/50 2.8it/s 9.0s<9.0s
                 Class     Images  Instances      Box(P          R      mAP50  mAP50-95): 52% ━━━━━━────── 26/50 2.8it/s 9.3s<8.7s
                 Class     Images  Instances      Box(P          R      mAP50  mAP50-95): 54% ━━━━━━────── 27/50 2.8it/s 9.7s<8.3s
                 Class     Images  Instances      Box(P          R      mAP50  mAP50-95): 56% ━━━━━━╸───── 28/50 2.8it/s 10.0s<7.9s
                 Class     Images  Instances      Box(P          R      mAP50  mAP50-95): 57% ━━━━━━╸───── 29/50 2.8it/s 10.4s<7.5s
                 Class     Images  Instances      Box(P          R      mAP50  mAP50-95): 60% ━━━━━━━───── 30/50 2.8it/s 10.7s<7.2s
                 Class     Images  Instances      Box(P          R      mAP50  mAP50-95): 62% ━━━━━━━───── 31/50 2.8it/s 11.1s<6.8s
                 Class     Images  Instances      Box(P          R      mAP50  mAP50-95): 64% ━━━━━━━╸──── 32/50 2.8it/s 11.5s<6.4s
                 Class     Images  Instances      Box(P          R      mAP50  mAP50-95): 66% ━━━━━━━╸──── 33/50 2.8it/s 11.8s<6.1s
                 Class     Images  Instances      Box(P          R      mAP50  mAP50-95): 68% ━━━━━━━━──── 34/50 2.8it/s 12.2s<5.7s
                 Class     Images  Instances      Box(P          R      mAP50  mAP50-95): 70% ━━━━━━━━──── 35/50 2.8it/s 12.5s<5.4s
                 Class     Images  Instances      Box(P          R      mAP50  mAP50-95): 72% ━━━━━━━━╸─── 36/50 2.8it/s 12.9s<5.0s
                 Class     Images  Instances      Box(P          R      mAP50  mAP50-95): 74% ━━━━━━━━╸─── 37/50 2.8it/s 13.3s<4.7s
                 Class     Images  Instances      Box(P          R      mAP50  mAP50-95): 76% ━━━━━━━━━─── 38/50 2.8it/s 13.6s<4.3s
                 Class     Images  Instances      Box(P          R      mAP50  mAP50-95): 78% ━━━━━━━━━─── 39/50 2.8it/s 14.0s<4.0s
                 Class     Images  Instances      Box(P          R      mAP50  mAP50-95): 80% ━━━━━━━━━╸── 40/50 2.8it/s 14.3s<3.6s
                 Class     Images  Instances      Box(P          R      mAP50  mAP50-95): 82% ━━━━━━━━━╸── 41/50 2.8it/s 14.7s<3.2s
                 Class     Images  Instances      Box(P          R      mAP50  mAP50-95): 84% ━━━━━━━━━━── 42/50 2.8it/s 15.0s<2.9s
                 Class     Images  Instances      Box(P          R      mAP50  mAP50-95): 86% ━━━━━━━━━━── 43/50 2.8it/s 15.4s<2.5s
                 Class     Images  Instances      Box(P          R      mAP50  mAP50-95): 88% ━━━━━━━━━━╸─ 44/50 2.8it/s 15.8s<2.2s
                 Class     Images  Instances      Box(P          R      mAP50  mAP50-95): 90% ━━━━━━━━━━╸─ 45/50 2.8it/s 16.1s<1.8s
                 Class     Images  Instances      Box(P          R      mAP50  mAP50-95): 92% ━━━━━━━━━━━─ 46/50 2.8it/s 16.5s<1.4s
                 Class     Images  Instances      Box(P          R      mAP50  mAP50-95): 94% ━━━━━━━━━━━─ 47/50 2.8it/s 16.8s<1.1s
                 Class     Images  Instances      Box(P          R      mAP50  mAP50-95): 96% ━━━━━━━━━━━╸ 48/50 2.8it/s 17.2s<0.7s
                 Class     Images  Instances      Box(P          R      mAP50  mAP50-95): 98% ━━━━━━━━━━━╸ 49/50 2.8it/s 17.6s<0.4s
                 Class     Images  Instances      Box(P          R      mAP50  mAP50-95): 100% ━━━━━━━━━━━━ 50/50 2.8it/s 17.7s
      Epoch    GPU_mem   box_loss   cls_loss   dfl_loss  Instances       Size
                 Class     Images  Instances      Box(P          R      mAP50  mAP50-95): 2% ──────────── 1/50 1.2s/it 0.4s<1:01
                 Class     Images  Instances      Box(P          R      mAP50  mAP50-95): 4% ──────────── 2/50 1.4it/s 0.7s<34.1s
                 Class     Images  Instances      Box(P          R      mAP50  mAP50-95): 6% ╸─────────── 3/50 1.8it/s 1.1s<25.7s
                 Class     Images  Instances      Box(P          R      mAP50  mAP50-95): 8% ╸─────────── 4/50 2.1it/s 1.4s<21.7s
                 Class     Images  Instances      Box(P          R      mAP50  mAP50-95): 10% ━─────────── 5/50 2.3it/s 1.8s<19.4s
                 Class     Images  Instances      Box(P          R      mAP50  mAP50-95): 12% ━─────────── 6/50 2.5it/s 2.2s<17.8s
                 Class     Images  Instances      Box(P          R      mAP50  mAP50-95): 14% ━╸────────── 7/50 2.6it/s 2.5s<16.8s
                 Class     Images  Instances      Box(P          R      mAP50  mAP50-95): 16% ━╸────────── 8/50 2.6it/s 2.9s<16.2s
                 Class     Images  Instances      Box(P          R      mAP50  mAP50-95): 18% ━━────────── 9/50 2.6it/s 3.2s<15.5s
                 Class     Images  Instances      Box(P          R      mAP50  mAP50-95): 20% ━━────────── 10/50 2.7it/s 3.6s<14.9s
                 Class     Images  Instances      Box(P          R      mAP50  mAP50-95): 22% ━━╸───────── 11/50 2.7it/s 4.0s<14.3s
                 Class     Images  Instances      Box(P          R      mAP50  mAP50-95): 24% ━━╸───────── 12/50 2.7it/s 4.3s<13.9s
                 Class     Images  Instances      Box(P          R      mAP50  mAP50-95): 26% ━━━───────── 13/50 2.7it/s 4.7s<13.6s
                 Class     Images  Instances      Box(P          R      mAP50  mAP50-95): 28% ━━━───────── 14/50 2.8it/s 5.1s<13.1s
                 Class     Images  Instances      Box(P          R      mAP50  mAP50-95): 30% ━━━╸──────── 15/50 2.8it/s 5.4s<12.6s
                 Class     Images  Instances      Box(P          R      mAP50  mAP50-95): 32% ━━━╸──────── 16/50 2.7it/s 5.8s<12.4s
                 Class     Images  Instances      Box(P          R      mAP50  mAP50-95): 34% ━━━━──────── 17/50 2.8it/s 6.1s<11.9s
                 Class     Images  Instances      Box(P          R      mAP50  mAP50-95): 36% ━━━━──────── 18/50 2.8it/s 6.5s<11.6s
                 Class     Images  Instances      Box(P          R      mAP50  mAP50-95): 38% ━━━━╸─────── 19/50 2.8it/s 6.9s<11.1s
                 Class     Images  Instances      Box(P          R      mAP50  mAP50-95): 40% ━━━━╸─────── 20/50 2.8it/s 7.2s<10.8s
                 Class     Images  Instances      Box(P          R      mAP50  mAP50-95): 42% ━━━━━─────── 21/50 2.8it/s 7.6s<10.5s
                 Class     Images  Instances      Box(P          R      mAP50  mAP50-95): 44% ━━━━━─────── 22/50 2.8it/s 7.9s<10.1s
                 Class     Images  Instances      Box(P          R      mAP50  mAP50-95): 46% ━━━━━╸────── 23/50 2.8it/s 8.3s<9.7s
                 Class     Images  Instances      Box(P          R      mAP50  mAP50-95): 48% ━━━━━╸────── 24/50 2.8it/s 8.7s<9.3s
                 Class     Images  Instances      Box(P          R      mAP50  mAP50-95): 50% ━━━━━━────── 25/50 2.8it/s 9.0s<8.9s
                 Class     Images  Instances      Box(P          R      mAP50  mAP50-95): 52% ━━━━━━────── 26/50 2.8it/s 9.4s<8.7s
                 Class     Images  Instances      Box(P          R      mAP50  mAP50-95): 54% ━━━━━━────── 27/50 2.8it/s 9.7s<8.3s
                 Class     Images  Instances      Box(P          R      mAP50  mAP50-95): 56% ━━━━━━╸───── 28/50 2.8it/s 10.1s<8.0s
                 Class     Images  Instances      Box(P          R      mAP50  mAP50-95): 57% ━━━━━━╸───── 29/50 2.8it/s 10.5s<7.6s
                 Class     Images  Instances      Box(P          R      mAP50  mAP50-95): 60% ━━━━━━━───── 30/50 2.8it/s 10.8s<7.2s
                 Class     Images  Instances      Box(P          R      mAP50  mAP50-95): 62% ━━━━━━━───── 31/50 2.8it/s 11.2s<6.9s
                 Class     Images  Instances      Box(P          R      mAP50  mAP50-95): 64% ━━━━━━━╸──── 32/50 2.8it/s 11.5s<6.5s
                 Class     Images  Instances      Box(P          R      mAP50  mAP50-95): 66% ━━━━━━━╸──── 33/50 2.8it/s 11.9s<6.1s
                 Class     Images  Instances      Box(P          R      mAP50  mAP50-95): 68% ━━━━━━━━──── 34/50 2.8it/s 12.3s<5.8s
                 Class     Images  Instances      Box(P          R      mAP50  mAP50-95): 70% ━━━━━━━━──── 35/50 2.8it/s 12.6s<5.4s
                 Class     Images  Instances      Box(P          R      mAP50  mAP50-95): 72% ━━━━━━━━╸─── 36/50 2.8it/s 13.0s<5.1s
                 Class     Images  Instances      Box(P          R      mAP50  mAP50-95): 74% ━━━━━━━━╸─── 37/50 2.8it/s 13.4s<4.7s
                 Class     Images  Instances      Box(P          R      mAP50  mAP50-95): 76% ━━━━━━━━━─── 38/50 2.8it/s 13.7s<4.3s
                 Class     Images  Instances      Box(P          R      mAP50  mAP50-95): 78% ━━━━━━━━━─── 39/50 2.8it/s 14.1s<4.0s
                 Class     Images  Instances      Box(P          R      mAP50  mAP50-95): 80% ━━━━━━━━━╸── 40/50 2.8it/s 14.4s<3.6s
                 Class     Images  Instances      Box(P          R      mAP50  mAP50-95): 82% ━━━━━━━━━╸── 41/50 2.8it/s 14.8s<3.2s
                 Class     Images  Instances      Box(P          R      mAP50  mAP50-95): 84% ━━━━━━━━━━── 42/50 2.8it/s 15.1s<2.9s
                 Class     Images  Instances      Box(P          R      mAP50  mAP50-95): 86% ━━━━━━━━━━── 43/50 2.8it/s 15.5s<2.5s
                 Class     Images  Instances      Box(P          R      mAP50  mAP50-95): 88% ━━━━━━━━━━╸─ 44/50 2.8it/s 15.9s<2.2s
                 Class     Images  Instances      Box(P          R      mAP50  mAP50-95): 90% ━━━━━━━━━━╸─ 45/50 2.8it/s 16.2s<1.8s
                 Class     Images  Instances      Box(P          R      mAP50  mAP50-95): 92% ━━━━━━━━━━━─ 46/50 2.8it/s 16.6s<1.4s
                 Class     Images  Instances      Box(P          R      mAP50  mAP50-95): 94% ━━━━━━━━━━━─ 47/50 2.8it/s 16.9s<1.1s
                 Class     Images  Instances      Box(P          R      mAP50  mAP50-95): 96% ━━━━━━━━━━━╸ 48/50 2.8it/s 17.3s<0.7s
                 Class     Images  Instances      Box(P          R      mAP50  mAP50-95): 98% ━━━━━━━━━━━╸ 49/50 2.8it/s 17.7s<0.4s
                 Class     Images  Instances      Box(P          R      mAP50  mAP50-95): 100% ━━━━━━━━━━━━ 50/50 2.8it/s 17.7s
      Epoch    GPU_mem   box_loss   cls_loss   dfl_loss  Instances       Size
