
$ /workspace/project-expertise/.venv/bin/python /workspace/project-expertise/scripts/train_baseline_new763.py --arch yolo26l --data /workspace/SawitMVC-Depth-YOLO --project /workspace/project-expertise/runs_new763 --name yolo26l_rgb_s42_i1280 --epochs 60 --patience 15 --imgsz 1280 --batch 4 --grad-accum 4 --seed 42
Creating new Ultralytics Settings v0.0.6 file ✅ 
View Ultralytics Settings with 'yolo settings' or at '/root/.config/Ultralytics/settings.json'
Update Settings with 'yolo settings key=value', i.e. 'yolo settings runs_dir=path/to/dir'. For help see https://docs.ultralytics.com/quickstart/#ultralytics-settings.
New https://pypi.org/project/ultralytics/8.4.126 available 😃 Update with 'pip install -U ultralytics'
Ultralytics 8.4.103 🚀 Python-3.12.3 torch-2.8.0+cu128 CUDA:0 (NVIDIA GeForce RTX 4090, 24092MiB)
engine/trainer: agnostic_nms=False, amp=True, angle=1.0, augment=False, auto_augment=randaugment, batch=4, bgr=0.0, box=7.5, cache=False, cfg=None, classes=None, close_mosaic=7, cls=0.5, cls_pw=0.0, cls_remap=True, compile=False, conf=None, copy_paste=0.0, copy_paste_mode=flip, cos_lr=True, cutmix=0.0, data=/workspace/SawitMVC-Depth-YOLO/data.yaml, degrees=0.0, deterministic=True, device=, dfl=1.5, dis=6.0, distill_model=None, dnn=False, dropout=0.0, dynamic=False, embed=None, end2end=None, epochs=60, erasing=0.4, exist_ok=False, fliplr=0.5, flipud=0.0, format=torchscript, fraction=1.0, freeze=None, hsv_h=0.015, hsv_s=0.7, hsv_v=0.4, imgsz=1280, iou=0.7, keras=False, kobj=1.0, line_width=None, lr0=0.01, lrf=0.01, mask_ratio=4, max_det=300, mixup=0.0, mode=train, model=yolo26l.pt, momentum=0.937, mosaic=1.0, multi_scale=0.0, name=yolo26l_rgb_s42_i1280, nbs=64, nms=False, opset=None, optimize=False, optimizer=auto, overlap_mask=True, patience=15, perspective=0.0, plots=False, pose=12.0, pretrained=True, profile=False, project=/workspace/project-expertise/runs_new763, quantize=None, rect=False, resume=False, retina_masks=False, rle=1.0, save=True, save_conf=False, save_crop=False, save_dir=/workspace/project-expertise/runs_new763/yolo26l_rgb_s42_i1280, save_frames=False, save_json=False, save_period=5, save_txt=False, scale=0.5, seed=42, shear=0.0, show=False, show_boxes=True, show_conf=True, show_labels=True, simplify=True, single_cls=False, source=None, split=val, stream_buffer=False, task=detect, time=None, tracker=tracktrack.yaml, translate=0.1, val=True, verbose=True, vid_stride=1, visualize=False, warmup_bias_lr=0.1, warmup_epochs=3.0, warmup_momentum=0.8, weight_decay=0.0005, workers=8, workspace=None

Traceback (most recent call last):
  File "/workspace/project-expertise/.venv/lib/python3.12/site-packages/ultralytics/engine/trainer.py", line 758, in get_dataset
    data = check_det_dataset(self.args.data)
           ^^^^^^^^^^^^^^^^^^^^^^^^^^^^^^^^^
  File "/workspace/project-expertise/.venv/lib/python3.12/site-packages/ultralytics/data/utils.py", line 545, in check_det_dataset
    raise FileNotFoundError(m)
FileNotFoundError: Dataset '/workspace/SawitMVC-Depth-YOLO/data.yaml' images not found, missing path '/workspace/project-expertise/valid/images'
Note dataset download directory is '/workspace/datasets'. You can update this in '/root/.config/Ultralytics/settings.json'

The above exception was the direct cause of the following exception:

Traceback (most recent call last):
  File "/workspace/project-expertise/scripts/train_baseline_new763.py", line 98, in <module>
    raise SystemExit(main())
                     ^^^^^^
  File "/workspace/project-expertise/scripts/train_baseline_new763.py", line 89, in main
    train_ultralytics(args)
  File "/workspace/project-expertise/scripts/train_baseline_new763.py", line 28, in train_ultralytics
    model.train(
  File "/workspace/project-expertise/.venv/lib/python3.12/site-packages/ultralytics/engine/model.py", line 807, in train
    self.trainer = (trainer or self._smart_load("trainer"))(overrides=args, _callbacks=self.callbacks)
                   ^^^^^^^^^^^^^^^^^^^^^^^^^^^^^^^^^^^^^^^^^^^^^^^^^^^^^^^^^^^^^^^^^^^^^^^^^^^^^^^^^^^
  File "/workspace/project-expertise/.venv/lib/python3.12/site-packages/ultralytics/models/yolo/detect/train.py", line 63, in __init__
    super().__init__(cfg, overrides, _callbacks)
  File "/workspace/project-expertise/.venv/lib/python3.12/site-packages/ultralytics/engine/trainer.py", line 181, in __init__
    self.data = self.get_dataset()
                ^^^^^^^^^^^^^^^^^^
  File "/workspace/project-expertise/.venv/lib/python3.12/site-packages/ultralytics/engine/trainer.py", line 762, in get_dataset
    raise RuntimeError(emojis(f"Dataset '{clean_url(self.args.data)}' error ❌ {e}")) from e
RuntimeError: Dataset '/workspace/SawitMVC-Depth-YOLO/data.yaml' error ❌ Dataset '/workspace/SawitMVC-Depth-YOLO/data.yaml' images not found, missing path '/workspace/project-expertise/valid/images'
Note dataset download directory is '/workspace/datasets'. You can update this in '/root/.config/Ultralytics/settings.json'

$ /workspace/project-expertise/.venv/bin/python /workspace/project-expertise/scripts/train_baseline_new763.py --arch yolo26l --data /workspace/SawitMVC-Depth-YOLO --project /workspace/project-expertise/runs_new763 --name yolo26l_rgb_s42_i1280 --epochs 60 --patience 15 --imgsz 1280 --batch 4 --grad-accum 4 --seed 42
New https://pypi.org/project/ultralytics/8.4.126 available 😃 Update with 'pip install -U ultralytics'
Ultralytics 8.4.103 🚀 Python-3.12.3 torch-2.8.0+cu128 CUDA:0 (NVIDIA GeForce RTX 4090, 24092MiB)
engine/trainer: agnostic_nms=False, amp=True, angle=1.0, augment=False, auto_augment=randaugment, batch=4, bgr=0.0, box=7.5, cache=False, cfg=None, classes=None, close_mosaic=7, cls=0.5, cls_pw=0.0, cls_remap=True, compile=False, conf=None, copy_paste=0.0, copy_paste_mode=flip, cos_lr=True, cutmix=0.0, data=/workspace/project-expertise/configs/new763_abs.yaml, degrees=0.0, deterministic=True, device=, dfl=1.5, dis=6.0, distill_model=None, dnn=False, dropout=0.0, dynamic=False, embed=None, end2end=None, epochs=60, erasing=0.4, exist_ok=False, fliplr=0.5, flipud=0.0, format=torchscript, fraction=1.0, freeze=None, hsv_h=0.015, hsv_s=0.7, hsv_v=0.4, imgsz=1280, iou=0.7, keras=False, kobj=1.0, line_width=None, lr0=0.01, lrf=0.01, mask_ratio=4, max_det=300, mixup=0.0, mode=train, model=yolo26l.pt, momentum=0.937, mosaic=1.0, multi_scale=0.0, name=yolo26l_rgb_s42_i1280, nbs=64, nms=False, opset=None, optimize=False, optimizer=auto, overlap_mask=True, patience=15, perspective=0.0, plots=False, pose=12.0, pretrained=True, profile=False, project=/workspace/project-expertise/runs_new763, quantize=None, rect=False, resume=False, retina_masks=False, rle=1.0, save=True, save_conf=False, save_crop=False, save_dir=/workspace/project-expertise/runs_new763/yolo26l_rgb_s42_i1280, save_frames=False, save_json=False, save_period=5, save_txt=False, scale=0.5, seed=42, shear=0.0, show=False, show_boxes=True, show_conf=True, show_labels=True, simplify=True, single_cls=False, source=None, split=val, stream_buffer=False, task=detect, time=None, tracker=tracktrack.yaml, translate=0.1, val=True, verbose=True, vid_stride=1, visualize=False, warmup_bias_lr=0.1, warmup_epochs=3.0, warmup_momentum=0.8, weight_decay=0.0005, workers=8, workspace=None
Downloading https://ultralytics.com/assets/Arial.ttf to '/root/.config/Ultralytics/Arial.ttf': 100% ━━━━━━━━━━━━ 755.1KB 9.2MB/s 0.1s
Overriding model.yaml nc=80 with nc=4

                   from  n    params  module                                       arguments                     
  0                  -1  1      1856  ultralytics.nn.modules.conv.Conv             [3, 64, 3, 2]                 
  1                  -1  1     73984  ultralytics.nn.modules.conv.Conv             [64, 128, 3, 2]               
  2                  -1  2    173824  ultralytics.nn.modules.block.C3k2            [128, 256, 2, True, 0.25]     
  3                  -1  1    590336  ultralytics.nn.modules.conv.Conv             [256, 256, 3, 2]              
  4                  -1  2    691712  ultralytics.nn.modules.block.C3k2            [256, 512, 2, True, 0.25]     
  5                  -1  1   2360320  ultralytics.nn.modules.conv.Conv             [512, 512, 3, 2]              
  6                  -1  2   2234368  ultralytics.nn.modules.block.C3k2            [512, 512, 2, True]           
  7                  -1  1   2360320  ultralytics.nn.modules.conv.Conv             [512, 512, 3, 2]              
  8                  -1  2   2234368  ultralytics.nn.modules.block.C3k2            [512, 512, 2, True]           
  9                  -1  1    656896  ultralytics.nn.modules.block.SPPF            [512, 512, 5, 3, True]        
 10                  -1  2   1455616  ultralytics.nn.modules.block.C2PSA           [512, 512, 2]                 
 11                  -1  1         0  torch.nn.modules.upsampling.Upsample         [None, 2, 'nearest']          
 12             [-1, 6]  1         0  ultralytics.nn.modules.conv.Concat           [1]                           
 13                  -1  2   2496512  ultralytics.nn.modules.block.C3k2            [1024, 512, 2, True]          
 14                  -1  1         0  torch.nn.modules.upsampling.Upsample         [None, 2, 'nearest']          
 15             [-1, 4]  1         0  ultralytics.nn.modules.conv.Concat           [1]                           
 16                  -1  2    756736  ultralytics.nn.modules.block.C3k2            [1024, 256, 2, True]          
 17                  -1  1    590336  ultralytics.nn.modules.conv.Conv             [256, 256, 3, 2]              
 18            [-1, 13]  1         0  ultralytics.nn.modules.conv.Concat           [1]                           
 19                  -1  2   2365440  ultralytics.nn.modules.block.C3k2            [768, 512, 2, True]           
 20                  -1  1   2360320  ultralytics.nn.modules.conv.Conv             [512, 512, 3, 2]              
 21            [-1, 10]  1         0  ultralytics.nn.modules.conv.Concat           [1]                           
 22                  -1  1   1974784  ultralytics.nn.modules.block.C3k2            [1024, 512, 1, True, 0.5, True]
 23        [16, 19, 22]  1   2804784  ultralytics.nn.modules.head.Detect           [4, 1, True, [256, 512, 512]] 
YOLO26l summary: 392 layers, 26,182,512 parameters, 26,182,512 gradients, 93.1 GFLOPs

Transferred 1080/1092 items from pretrained weights
AMP: running Automatic Mixed Precision (AMP) checks...
Downloading https://github.com/ultralytics/assets/releases/download/v8.4.0/yolo26n.pt to 'yolo26n.pt': 100% ━━━━━━━━━━━━ 5.3MB 17.2MB/s 0.3s
AMP: checks passed ✅
train: Fast image access ✅ (ping: 0.0±0.0 ms, read: 1044.5±394.9 MB/s, size: 326.5 KB)
train: Scanning /workspace/SawitMVC-Depth-YOLO/train/labels... 2144 images, 226 backgrounds, 0 corrupt: 100% ━━━━━━━━━━━━ 2144/2144 281.4it/s 7.6s
train: /workspace/SawitMVC-Depth-YOLO/train/images/MARIHAT_I142_0001_1.jpg: corrupt JPEG restored and saved
train: /workspace/SawitMVC-Depth-YOLO/train/images/MARIHAT_I142_0001_2.jpg: corrupt JPEG restored and saved
train: /workspace/SawitMVC-Depth-YOLO/train/images/MARIHAT_I142_0001_3.jpg: corrupt JPEG restored and saved
train: /workspace/SawitMVC-Depth-YOLO/train/images/MARIHAT_I142_0001_4.jpg: corrupt JPEG restored and saved
train: /workspace/SawitMVC-Depth-YOLO/train/images/MARIHAT_I142_0002_1.jpg: corrupt JPEG restored and saved
train: /workspace/SawitMVC-Depth-YOLO/train/images/MARIHAT_I142_0002_2.jpg: corrupt JPEG restored and saved
train: /workspace/SawitMVC-Depth-YOLO/train/images/MARIHAT_I142_0002_3.jpg: corrupt JPEG restored and saved
train: /workspace/SawitMVC-Depth-YOLO/train/images/MARIHAT_I142_0002_4.jpg: corrupt JPEG restored and saved
train: /workspace/SawitMVC-Depth-YOLO/train/images/MARIHAT_I142_0003_1.jpg: corrupt JPEG restored and saved
train: /workspace/SawitMVC-Depth-YOLO/train/images/MARIHAT_I142_0003_2.jpg: corrupt JPEG restored and saved
train: /workspace/SawitMVC-Depth-YOLO/train/images/MARIHAT_I142_0003_3.jpg: corrupt JPEG restored and saved
train: /workspace/SawitMVC-Depth-YOLO/train/images/MARIHAT_I142_0003_4.jpg: corrupt JPEG restored and saved
train: /workspace/SawitMVC-Depth-YOLO/train/images/MARIHAT_I142_0005_1.jpg: corrupt JPEG restored and saved
train: /workspace/SawitMVC-Depth-YOLO/train/images/MARIHAT_I142_0005_2.jpg: corrupt JPEG restored and saved
train: /workspace/SawitMVC-Depth-YOLO/train/images/MARIHAT_I142_0005_3.jpg: corrupt JPEG restored and saved
train: /workspace/SawitMVC-Depth-YOLO/train/images/MARIHAT_I142_0005_4.jpg: corrupt JPEG restored and saved
train: /workspace/SawitMVC-Depth-YOLO/train/images/MARIHAT_I142_0006_1.jpg: corrupt JPEG restored and saved
train: /workspace/SawitMVC-Depth-YOLO/train/images/MARIHAT_I142_0006_2.jpg: corrupt JPEG restored and saved
train: /workspace/SawitMVC-Depth-YOLO/train/images/MARIHAT_I142_0006_3.jpg: corrupt JPEG restored and saved
train: /workspace/SawitMVC-Depth-YOLO/train/images/MARIHAT_I142_0006_4.jpg: corrupt JPEG restored and saved
train: /workspace/SawitMVC-Depth-YOLO/train/images/MARIHAT_I142_0007_1.jpg: corrupt JPEG restored and saved
train: /workspace/SawitMVC-Depth-YOLO/train/images/MARIHAT_I142_0007_2.jpg: corrupt JPEG restored and saved
train: /workspace/SawitMVC-Depth-YOLO/train/images/MARIHAT_I142_0007_3.jpg: corrupt JPEG restored and saved
train: /workspace/SawitMVC-Depth-YOLO/train/images/MARIHAT_I142_0007_4.jpg: corrupt JPEG restored and saved
train: /workspace/SawitMVC-Depth-YOLO/train/images/MARIHAT_I142_0008_1.jpg: corrupt JPEG restored and saved
train: /workspace/SawitMVC-Depth-YOLO/train/images/MARIHAT_I142_0008_2.jpg: corrupt JPEG restored and saved
train: /workspace/SawitMVC-Depth-YOLO/train/images/MARIHAT_I142_0008_3.jpg: corrupt JPEG restored and saved
train: /workspace/SawitMVC-Depth-YOLO/train/images/MARIHAT_I142_0008_4.jpg: corrupt JPEG restored and saved
train: /workspace/SawitMVC-Depth-YOLO/train/images/MARIHAT_I142_0009_1.jpg: corrupt JPEG restored and saved
train: /workspace/SawitMVC-Depth-YOLO/train/images/MARIHAT_I142_0009_2.jpg: corrupt JPEG restored and saved
train: /workspace/SawitMVC-Depth-YOLO/train/images/MARIHAT_I142_0009_3.jpg: corrupt JPEG restored and saved
train: /workspace/SawitMVC-Depth-YOLO/train/images/MARIHAT_I142_0009_4.jpg: corrupt JPEG restored and saved
train: /workspace/SawitMVC-Depth-YOLO/train/images/MARIHAT_I142_0011_1.jpg: corrupt JPEG restored and saved
train: /workspace/SawitMVC-Depth-YOLO/train/images/MARIHAT_I142_0011_2.jpg: corrupt JPEG restored and saved
train: /workspace/SawitMVC-Depth-YOLO/train/images/MARIHAT_I142_0011_3.jpg: corrupt JPEG restored and saved
train: /workspace/SawitMVC-Depth-YOLO/train/images/MARIHAT_I142_0011_4.jpg: corrupt JPEG restored and saved
train: /workspace/SawitMVC-Depth-YOLO/train/images/MARIHAT_I142_0012_1.jpg: corrupt JPEG restored and saved
train: /workspace/SawitMVC-Depth-YOLO/train/images/MARIHAT_I142_0012_2.jpg: corrupt JPEG restored and saved
train: /workspace/SawitMVC-Depth-YOLO/train/images/MARIHAT_I142_0012_3.jpg: corrupt JPEG restored and saved
train: /workspace/SawitMVC-Depth-YOLO/train/images/MARIHAT_I142_0012_4.jpg: corrupt JPEG restored and saved
train: /workspace/SawitMVC-Depth-YOLO/train/images/MARIHAT_I142_0015_1.jpg: corrupt JPEG restored and saved
train: /workspace/SawitMVC-Depth-YOLO/train/images/MARIHAT_I142_0015_2.jpg: corrupt JPEG restored and saved
train: /workspace/SawitMVC-Depth-YOLO/train/images/MARIHAT_I142_0015_3.jpg: corrupt JPEG restored and saved
train: /workspace/SawitMVC-Depth-YOLO/train/images/MARIHAT_I142_0015_4.jpg: corrupt JPEG restored and saved
train: /workspace/SawitMVC-Depth-YOLO/train/images/MARIHAT_I142_0016_1.jpg: corrupt JPEG restored and saved
train: /workspace/SawitMVC-Depth-YOLO/train/images/MARIHAT_I142_0016_2.jpg: corrupt JPEG restored and saved
train: /workspace/SawitMVC-Depth-YOLO/train/images/MARIHAT_I142_0016_3.jpg: corrupt JPEG restored and saved
train: /workspace/SawitMVC-Depth-YOLO/train/images/MARIHAT_I142_0016_4.jpg: corrupt JPEG restored and saved
train: /workspace/SawitMVC-Depth-YOLO/train/images/MARIHAT_I142_0018_1.jpg: corrupt JPEG restored and saved
train: /workspace/SawitMVC-Depth-YOLO/train/images/MARIHAT_I142_0018_2.jpg: corrupt JPEG restored and saved
train: /workspace/SawitMVC-Depth-YOLO/train/images/MARIHAT_I142_0018_3.jpg: corrupt JPEG restored and saved
train: /workspace/SawitMVC-Depth-YOLO/train/images/MARIHAT_I142_0018_4.jpg: corrupt JPEG restored and saved
train: /workspace/SawitMVC-Depth-YOLO/train/images/MARIHAT_I142_0019_1.jpg: corrupt JPEG restored and saved
train: /workspace/SawitMVC-Depth-YOLO/train/images/MARIHAT_I142_0019_2.jpg: corrupt JPEG restored and saved
train: /workspace/SawitMVC-Depth-YOLO/train/images/MARIHAT_I142_0019_3.jpg: corrupt JPEG restored and saved
train: /workspace/SawitMVC-Depth-YOLO/train/images/MARIHAT_I142_0019_4.jpg: corrupt JPEG restored and saved
train: /workspace/SawitMVC-Depth-YOLO/train/images/MARIHAT_I142_0020_1.jpg: corrupt JPEG restored and saved
train: /workspace/SawitMVC-Depth-YOLO/train/images/MARIHAT_I142_0020_2.jpg: corrupt JPEG restored and saved
train: /workspace/SawitMVC-Depth-YOLO/train/images/MARIHAT_I142_0020_3.jpg: corrupt JPEG restored and saved
train: /workspace/SawitMVC-Depth-YOLO/train/images/MARIHAT_I142_0020_4.jpg: corrupt JPEG restored and saved
train: /workspace/SawitMVC-Depth-YOLO/train/images/MARIHAT_I142_0022_1.jpg: corrupt JPEG restored and saved
train: /workspace/SawitMVC-Depth-YOLO/train/images/MARIHAT_I142_0022_2.jpg: corrupt JPEG restored and saved
train: /workspace/SawitMVC-Depth-YOLO/train/images/MARIHAT_I142_0022_3.jpg: corrupt JPEG restored and saved
train: /workspace/SawitMVC-Depth-YOLO/train/images/MARIHAT_I142_0022_4.jpg: corrupt JPEG restored and saved
train: /workspace/SawitMVC-Depth-YOLO/train/images/MARIHAT_I142_0025_1.jpg: corrupt JPEG restored and saved
train: /workspace/SawitMVC-Depth-YOLO/train/images/MARIHAT_I142_0025_2.jpg: corrupt JPEG restored and saved
train: /workspace/SawitMVC-Depth-YOLO/train/images/MARIHAT_I142_0025_3.jpg: corrupt JPEG restored and saved
train: /workspace/SawitMVC-Depth-YOLO/train/images/MARIHAT_I142_0025_4.jpg: corrupt JPEG restored and saved
train: /workspace/SawitMVC-Depth-YOLO/train/images/MARIHAT_I142_0026_1.jpg: corrupt JPEG restored and saved
train: /workspace/SawitMVC-Depth-YOLO/train/images/MARIHAT_I142_0026_2.jpg: corrupt JPEG restored and saved
train: /workspace/SawitMVC-Depth-YOLO/train/images/MARIHAT_I142_0026_3.jpg: corrupt JPEG restored and saved
train: /workspace/SawitMVC-Depth-YOLO/train/images/MARIHAT_I142_0026_4.jpg: corrupt JPEG restored and saved
train: /workspace/SawitMVC-Depth-YOLO/train/images/MARIHAT_I142_0027_1.jpg: corrupt JPEG restored and saved
train: /workspace/SawitMVC-Depth-YOLO/train/images/MARIHAT_I142_0027_2.jpg: corrupt JPEG restored and saved
train: /workspace/SawitMVC-Depth-YOLO/train/images/MARIHAT_I142_0027_3.jpg: corrupt JPEG restored and saved
train: /workspace/SawitMVC-Depth-YOLO/train/images/MARIHAT_I142_0027_4.jpg: corrupt JPEG restored and saved
train: /workspace/SawitMVC-Depth-YOLO/train/images/MARIHAT_I142_0028_1.jpg: corrupt JPEG restored and saved
train: /workspace/SawitMVC-Depth-YOLO/train/images/MARIHAT_I142_0028_2.jpg: corrupt JPEG restored and saved
train: /workspace/SawitMVC-Depth-YOLO/train/images/MARIHAT_I142_0028_3.jpg: corrupt JPEG restored and saved
train: /workspace/SawitMVC-Depth-YOLO/train/images/MARIHAT_I142_0028_4.jpg: corrupt JPEG restored and saved
train: /workspace/SawitMVC-Depth-YOLO/train/images/MARIHAT_I142_0030_1.jpg: corrupt JPEG restored and saved
train: /workspace/SawitMVC-Depth-YOLO/train/images/MARIHAT_I142_0030_2.jpg: corrupt JPEG restored and saved
train: /workspace/SawitMVC-Depth-YOLO/train/images/MARIHAT_I142_0030_3.jpg: corrupt JPEG restored and saved
train: /workspace/SawitMVC-Depth-YOLO/train/images/MARIHAT_I142_0030_4.jpg: corrupt JPEG restored and saved
train: /workspace/SawitMVC-Depth-YOLO/train/images/MARIHAT_I142_0032_1.jpg: corrupt JPEG restored and saved
train: /workspace/SawitMVC-Depth-YOLO/train/images/MARIHAT_I142_0032_2.jpg: corrupt JPEG restored and saved
train: /workspace/SawitMVC-Depth-YOLO/train/images/MARIHAT_I142_0032_3.jpg: corrupt JPEG restored and saved
train: /workspace/SawitMVC-Depth-YOLO/train/images/MARIHAT_I142_0032_4.jpg: corrupt JPEG restored and saved
train: /workspace/SawitMVC-Depth-YOLO/train/images/MARIHAT_I142_0034_1.jpg: corrupt JPEG restored and saved
train: /workspace/SawitMVC-Depth-YOLO/train/images/MARIHAT_I142_0034_2.jpg: corrupt JPEG restored and saved
train: /workspace/SawitMVC-Depth-YOLO/train/images/MARIHAT_I142_0034_3.jpg: corrupt JPEG restored and saved
train: /workspace/SawitMVC-Depth-YOLO/train/images/MARIHAT_I142_0034_4.jpg: corrupt JPEG restored and saved
train: /workspace/SawitMVC-Depth-YOLO/train/images/MARIHAT_I142_0035_1.jpg: corrupt JPEG restored and saved
train: /workspace/SawitMVC-Depth-YOLO/train/images/MARIHAT_I142_0035_2.jpg: corrupt JPEG restored and saved
train: /workspace/SawitMVC-Depth-YOLO/train/images/MARIHAT_I142_0035_3.jpg: corrupt JPEG restored and saved
train: /workspace/SawitMVC-Depth-YOLO/train/images/MARIHAT_I142_0035_4.jpg: corrupt JPEG restored and saved
train: /workspace/SawitMVC-Depth-YOLO/train/images/MARIHAT_I142_0037_1.jpg: corrupt JPEG restored and saved
train: /workspace/SawitMVC-Depth-YOLO/train/images/MARIHAT_I142_0037_2.jpg: corrupt JPEG restored and saved
train: /workspace/SawitMVC-Depth-YOLO/train/images/MARIHAT_I142_0037_3.jpg: corrupt JPEG restored and saved
train: /workspace/SawitMVC-Depth-YOLO/train/images/MARIHAT_I142_0037_4.jpg: corrupt JPEG restored and saved
train: /workspace/SawitMVC-Depth-YOLO/train/images/MARIHAT_I142_0038_1.jpg: corrupt JPEG restored and saved
train: /workspace/SawitMVC-Depth-YOLO/train/images/MARIHAT_I142_0038_2.jpg: corrupt JPEG restored and saved
train: /workspace/SawitMVC-Depth-YOLO/train/images/MARIHAT_I142_0038_3.jpg: corrupt JPEG restored and saved
train: /workspace/SawitMVC-Depth-YOLO/train/images/MARIHAT_I142_0038_4.jpg: corrupt JPEG restored and saved
train: /workspace/SawitMVC-Depth-YOLO/train/images/MARIHAT_I142_0039_1.jpg: corrupt JPEG restored and saved
train: /workspace/SawitMVC-Depth-YOLO/train/images/MARIHAT_I142_0039_2.jpg: corrupt JPEG restored and saved
train: /workspace/SawitMVC-Depth-YOLO/train/images/MARIHAT_I142_0039_3.jpg: corrupt JPEG restored and saved
train: /workspace/SawitMVC-Depth-YOLO/train/images/MARIHAT_I142_0039_4.jpg: corrupt JPEG restored and saved
train: /workspace/SawitMVC-Depth-YOLO/train/images/MARIHAT_I142_0041_1.jpg: corrupt JPEG restored and saved
train: /workspace/SawitMVC-Depth-YOLO/train/images/MARIHAT_I142_0041_2.jpg: corrupt JPEG restored and saved
train: /workspace/SawitMVC-Depth-YOLO/train/images/MARIHAT_I142_0041_3.jpg: corrupt JPEG restored and saved
train: /workspace/SawitMVC-Depth-YOLO/train/images/MARIHAT_I142_0041_4.jpg: corrupt JPEG restored and saved
train: /workspace/SawitMVC-Depth-YOLO/train/images/MARIHAT_I142_0042_1.jpg: corrupt JPEG restored and saved
train: /workspace/SawitMVC-Depth-YOLO/train/images/MARIHAT_I142_0042_2.jpg: corrupt JPEG restored and saved
train: /workspace/SawitMVC-Depth-YOLO/train/images/MARIHAT_I142_0042_3.jpg: corrupt JPEG restored and saved
train: /workspace/SawitMVC-Depth-YOLO/train/images/MARIHAT_I142_0042_4.jpg: corrupt JPEG restored and saved
train: /workspace/SawitMVC-Depth-YOLO/train/images/MARIHAT_I142_0045_1.jpg: corrupt JPEG restored and saved
train: /workspace/SawitMVC-Depth-YOLO/train/images/MARIHAT_I142_0045_2.jpg: corrupt JPEG restored and saved
train: /workspace/SawitMVC-Depth-YOLO/train/images/MARIHAT_I142_0045_3.jpg: corrupt JPEG restored and saved
train: /workspace/SawitMVC-Depth-YOLO/train/images/MARIHAT_I142_0045_4.jpg: corrupt JPEG restored and saved
train: /workspace/SawitMVC-Depth-YOLO/train/images/MARIHAT_I142_0047_1.jpg: corrupt JPEG restored and saved
train: /workspace/SawitMVC-Depth-YOLO/train/images/MARIHAT_I142_0047_2.jpg: corrupt JPEG restored and saved
train: /workspace/SawitMVC-Depth-YOLO/train/images/MARIHAT_I142_0047_3.jpg: corrupt JPEG restored and saved
train: /workspace/SawitMVC-Depth-YOLO/train/images/MARIHAT_I142_0047_4.jpg: corrupt JPEG restored and saved
train: /workspace/SawitMVC-Depth-YOLO/train/images/MARIHAT_I142_0048_1.jpg: corrupt JPEG restored and saved
train: /workspace/SawitMVC-Depth-YOLO/train/images/MARIHAT_I142_0048_2.jpg: corrupt JPEG restored and saved
train: /workspace/SawitMVC-Depth-YOLO/train/images/MARIHAT_I142_0048_3.jpg: corrupt JPEG restored and saved
train: /workspace/SawitMVC-Depth-YOLO/train/images/MARIHAT_I142_0048_4.jpg: corrupt JPEG restored and saved
train: /workspace/SawitMVC-Depth-YOLO/train/images/MARIHAT_I142_0049_1.jpg: corrupt JPEG restored and saved
train: /workspace/SawitMVC-Depth-YOLO/train/images/MARIHAT_I142_0049_2.jpg: corrupt JPEG restored and saved
train: /workspace/SawitMVC-Depth-YOLO/train/images/MARIHAT_I142_0049_3.jpg: corrupt JPEG restored and saved
train: /workspace/SawitMVC-Depth-YOLO/train/images/MARIHAT_I142_0049_4.jpg: corrupt JPEG restored and saved
train: /workspace/SawitMVC-Depth-YOLO/train/images/MARIHAT_I142_0050_1.jpg: corrupt JPEG restored and saved
train: /workspace/SawitMVC-Depth-YOLO/train/images/MARIHAT_I142_0050_2.jpg: corrupt JPEG restored and saved
train: /workspace/SawitMVC-Depth-YOLO/train/images/MARIHAT_I142_0050_3.jpg: corrupt JPEG restored and saved
train: /workspace/SawitMVC-Depth-YOLO/train/images/MARIHAT_I142_0050_4.jpg: corrupt JPEG restored and saved
train: /workspace/SawitMVC-Depth-YOLO/train/images/MARIHAT_I142_0051_1.jpg: corrupt JPEG restored and saved
train: /workspace/SawitMVC-Depth-YOLO/train/images/MARIHAT_I142_0051_2.jpg: corrupt JPEG restored and saved
train: /workspace/SawitMVC-Depth-YOLO/train/images/MARIHAT_I142_0051_3.jpg: corrupt JPEG restored and saved
train: /workspace/SawitMVC-Depth-YOLO/train/images/MARIHAT_I142_0051_4.jpg: corrupt JPEG restored and saved
train: /workspace/SawitMVC-Depth-YOLO/train/images/MARIHAT_I142_0052_1.jpg: corrupt JPEG restored and saved
train: /workspace/SawitMVC-Depth-YOLO/train/images/MARIHAT_I142_0052_2.jpg: corrupt JPEG restored and saved
train: /workspace/SawitMVC-Depth-YOLO/train/images/MARIHAT_I142_0052_3.jpg: corrupt JPEG restored and saved
train: /workspace/SawitMVC-Depth-YOLO/train/images/MARIHAT_I142_0052_4.jpg: corrupt JPEG restored and saved
train: /workspace/SawitMVC-Depth-YOLO/train/images/MARIHAT_I142_0053_1.jpg: corrupt JPEG restored and saved
train: /workspace/SawitMVC-Depth-YOLO/train/images/MARIHAT_I142_0053_2.jpg: corrupt JPEG restored and saved
train: /workspace/SawitMVC-Depth-YOLO/train/images/MARIHAT_I142_0053_3.jpg: corrupt JPEG restored and saved
train: /workspace/SawitMVC-Depth-YOLO/train/images/MARIHAT_I142_0053_4.jpg: corrupt JPEG restored and saved
train: /workspace/SawitMVC-Depth-YOLO/train/images/MARIHAT_I142_0054_1.jpg: corrupt JPEG restored and saved
train: /workspace/SawitMVC-Depth-YOLO/train/images/MARIHAT_I142_0054_2.jpg: corrupt JPEG restored and saved
train: /workspace/SawitMVC-Depth-YOLO/train/images/MARIHAT_I142_0054_3.jpg: corrupt JPEG restored and saved
train: /workspace/SawitMVC-Depth-YOLO/train/images/MARIHAT_I142_0054_4.jpg: corrupt JPEG restored and saved
train: /workspace/SawitMVC-Depth-YOLO/train/images/MARIHAT_I142_0056_1.jpg: corrupt JPEG restored and saved
train: /workspace/SawitMVC-Depth-YOLO/train/images/MARIHAT_I142_0056_2.jpg: corrupt JPEG restored and saved
train: /workspace/SawitMVC-Depth-YOLO/train/images/MARIHAT_I142_0056_3.jpg: corrupt JPEG restored and saved
train: /workspace/SawitMVC-Depth-YOLO/train/images/MARIHAT_I142_0056_4.jpg: corrupt JPEG restored and saved
train: /workspace/SawitMVC-Depth-YOLO/train/images/MARIHAT_I142_0057_1.jpg: corrupt JPEG restored and saved
train: /workspace/SawitMVC-Depth-YOLO/train/images/MARIHAT_I142_0057_2.jpg: corrupt JPEG restored and saved
train: /workspace/SawitMVC-Depth-YOLO/train/images/MARIHAT_I142_0057_3.jpg: corrupt JPEG restored and saved
train: /workspace/SawitMVC-Depth-YOLO/train/images/MARIHAT_I142_0057_4.jpg: corrupt JPEG restored and saved
train: /workspace/SawitMVC-Depth-YOLO/train/images/MARIHAT_I142_0058_1.jpg: corrupt JPEG restored and saved
train: /workspace/SawitMVC-Depth-YOLO/train/images/MARIHAT_I142_0058_2.jpg: corrupt JPEG restored and saved
train: /workspace/SawitMVC-Depth-YOLO/train/images/MARIHAT_I142_0058_3.jpg: corrupt JPEG restored and saved
train: /workspace/SawitMVC-Depth-YOLO/train/images/MARIHAT_I142_0058_4.jpg: corrupt JPEG restored and saved
train: /workspace/SawitMVC-Depth-YOLO/train/images/MARIHAT_I142_0059_1.jpg: corrupt JPEG restored and saved
train: /workspace/SawitMVC-Depth-YOLO/train/images/MARIHAT_I142_0059_2.jpg: corrupt JPEG restored and saved
train: /workspace/SawitMVC-Depth-YOLO/train/images/MARIHAT_I142_0059_3.jpg: corrupt JPEG restored and saved
train: /workspace/SawitMVC-Depth-YOLO/train/images/MARIHAT_I142_0059_4.jpg: corrupt JPEG restored and saved
train: /workspace/SawitMVC-Depth-YOLO/train/images/MARIHAT_I142_0060_1.jpg: corrupt JPEG restored and saved
train: /workspace/SawitMVC-Depth-YOLO/train/images/MARIHAT_I142_0060_2.jpg: corrupt JPEG restored and saved
train: /workspace/SawitMVC-Depth-YOLO/train/images/MARIHAT_I142_0060_3.jpg: corrupt JPEG restored and saved
train: /workspace/SawitMVC-Depth-YOLO/train/images/MARIHAT_I142_0060_4.jpg: corrupt JPEG restored and saved
train: /workspace/SawitMVC-Depth-YOLO/train/images/MARIHAT_I142_0061_1.jpg: corrupt JPEG restored and saved
train: /workspace/SawitMVC-Depth-YOLO/train/images/MARIHAT_I142_0061_2.jpg: corrupt JPEG restored and saved
train: /workspace/SawitMVC-Depth-YOLO/train/images/MARIHAT_I142_0061_3.jpg: corrupt JPEG restored and saved
train: /workspace/SawitMVC-Depth-YOLO/train/images/MARIHAT_I142_0061_4.jpg: corrupt JPEG restored and saved
train: /workspace/SawitMVC-Depth-YOLO/train/images/MARIHAT_I142_0062_1.jpg: corrupt JPEG restored and saved
train: /workspace/SawitMVC-Depth-YOLO/train/images/MARIHAT_I142_0062_2.jpg: corrupt JPEG restored and saved
train: /workspace/SawitMVC-Depth-YOLO/train/images/MARIHAT_I142_0062_3.jpg: corrupt JPEG restored and saved
train: /workspace/SawitMVC-Depth-YOLO/train/images/MARIHAT_I142_0062_4.jpg: corrupt JPEG restored and saved
train: /workspace/SawitMVC-Depth-YOLO/train/images/MARIHAT_I142_0064_1.jpg: corrupt JPEG restored and saved
train: /workspace/SawitMVC-Depth-YOLO/train/images/MARIHAT_I142_0064_2.jpg: corrupt JPEG restored and saved
train: /workspace/SawitMVC-Depth-YOLO/train/images/MARIHAT_I142_0064_3.jpg: corrupt JPEG restored and saved
train: /workspace/SawitMVC-Depth-YOLO/train/images/MARIHAT_I142_0064_4.jpg: corrupt JPEG restored and saved
train: /workspace/SawitMVC-Depth-YOLO/train/images/MARIHAT_I142_0066_1.jpg: corrupt JPEG restored and saved
train: /workspace/SawitMVC-Depth-YOLO/train/images/MARIHAT_I142_0066_2.jpg: corrupt JPEG restored and saved
train: /workspace/SawitMVC-Depth-YOLO/train/images/MARIHAT_I142_0066_3.jpg: corrupt JPEG restored and saved
train: /workspace/SawitMVC-Depth-YOLO/train/images/MARIHAT_I142_0066_4.jpg: corrupt JPEG restored and saved
train: /workspace/SawitMVC-Depth-YOLO/train/images/MARIHAT_I142_0068_1.jpg: corrupt JPEG restored and saved
train: /workspace/SawitMVC-Depth-YOLO/train/images/MARIHAT_I142_0068_2.jpg: corrupt JPEG restored and saved
train: /workspace/SawitMVC-Depth-YOLO/train/images/MARIHAT_I142_0068_3.jpg: corrupt JPEG restored and saved
train: /workspace/SawitMVC-Depth-YOLO/train/images/MARIHAT_I142_0068_4.jpg: corrupt JPEG restored and saved
train: /workspace/SawitMVC-Depth-YOLO/train/images/MARIHAT_I142_0069_1.jpg: corrupt JPEG restored and saved
train: /workspace/SawitMVC-Depth-YOLO/train/images/MARIHAT_I142_0069_2.jpg: corrupt JPEG restored and saved
train: /workspace/SawitMVC-Depth-YOLO/train/images/MARIHAT_I142_0069_3.jpg: corrupt JPEG restored and saved
train: /workspace/SawitMVC-Depth-YOLO/train/images/MARIHAT_I142_0069_4.jpg: corrupt JPEG restored and saved
train: /workspace/SawitMVC-Depth-YOLO/train/images/MARIHAT_I142_0071_1.jpg: corrupt JPEG restored and saved
train: /workspace/SawitMVC-Depth-YOLO/train/images/MARIHAT_I142_0071_2.jpg: corrupt JPEG restored and saved
train: /workspace/SawitMVC-Depth-YOLO/train/images/MARIHAT_I142_0071_3.jpg: corrupt JPEG restored and saved
train: /workspace/SawitMVC-Depth-YOLO/train/images/MARIHAT_I142_0071_4.jpg: corrupt JPEG restored and saved
train: /workspace/SawitMVC-Depth-YOLO/train/images/MARIHAT_I142_0072_1.jpg: corrupt JPEG restored and saved
train: /workspace/SawitMVC-Depth-YOLO/train/images/MARIHAT_I142_0072_2.jpg: corrupt JPEG restored and saved
train: /workspace/SawitMVC-Depth-YOLO/train/images/MARIHAT_I142_0072_3.jpg: corrupt JPEG restored and saved
train: /workspace/SawitMVC-Depth-YOLO/train/images/MARIHAT_I142_0072_4.jpg: corrupt JPEG restored and saved
train: /workspace/SawitMVC-Depth-YOLO/train/images/MARIHAT_I142_0073_1.jpg: corrupt JPEG restored and saved
train: /workspace/SawitMVC-Depth-YOLO/train/images/MARIHAT_I142_0073_2.jpg: corrupt JPEG restored and saved
train: /workspace/SawitMVC-Depth-YOLO/train/images/MARIHAT_I142_0073_3.jpg: corrupt JPEG restored and saved
train: /workspace/SawitMVC-Depth-YOLO/train/images/MARIHAT_I142_0073_4.jpg: corrupt JPEG restored and saved
train: /workspace/SawitMVC-Depth-YOLO/train/images/MARIHAT_I142_0075_1.jpg: corrupt JPEG restored and saved
train: /workspace/SawitMVC-Depth-YOLO/train/images/MARIHAT_I142_0075_2.jpg: corrupt JPEG restored and saved
train: /workspace/SawitMVC-Depth-YOLO/train/images/MARIHAT_I142_0075_3.jpg: corrupt JPEG restored and saved
train: /workspace/SawitMVC-Depth-YOLO/train/images/MARIHAT_I142_0075_4.jpg: corrupt JPEG restored and saved
train: /workspace/SawitMVC-Depth-YOLO/train/images/MARIHAT_I142_0076_1.jpg: corrupt JPEG restored and saved
train: /workspace/SawitMVC-Depth-YOLO/train/images/MARIHAT_I142_0076_2.jpg: corrupt JPEG restored and saved
train: /workspace/SawitMVC-Depth-YOLO/train/images/MARIHAT_I142_0076_3.jpg: corrupt JPEG restored and saved
train: /workspace/SawitMVC-Depth-YOLO/train/images/MARIHAT_I142_0076_4.jpg: corrupt JPEG restored and saved
train: /workspace/SawitMVC-Depth-YOLO/train/images/TOPAZ_H11_0001_1.jpg: corrupt JPEG restored and saved
train: /workspace/SawitMVC-Depth-YOLO/train/images/TOPAZ_H11_0001_2.jpg: corrupt JPEG restored and saved
train: /workspace/SawitMVC-Depth-YOLO/train/images/TOPAZ_H11_0001_3.jpg: corrupt JPEG restored and saved
train: /workspace/SawitMVC-Depth-YOLO/train/images/TOPAZ_H11_0001_4.jpg: corrupt JPEG restored and saved
train: /workspace/SawitMVC-Depth-YOLO/train/images/TOPAZ_H11_0002_1.jpg: corrupt JPEG restored and saved
train: /workspace/SawitMVC-Depth-YOLO/train/images/TOPAZ_H11_0002_2.jpg: corrupt JPEG restored and saved
train: /workspace/SawitMVC-Depth-YOLO/train/images/TOPAZ_H11_0002_3.jpg: corrupt JPEG restored and saved
train: /workspace/SawitMVC-Depth-YOLO/train/images/TOPAZ_H11_0002_4.jpg: corrupt JPEG restored and saved
train: /workspace/SawitMVC-Depth-YOLO/train/images/TOPAZ_H11_0003_1.jpg: corrupt JPEG restored and saved
train: /workspace/SawitMVC-Depth-YOLO/train/images/TOPAZ_H11_0003_2.jpg: corrupt JPEG restored and saved
train: /workspace/SawitMVC-Depth-YOLO/train/images/TOPAZ_H11_0003_3.jpg: corrupt JPEG restored and saved
train: /workspace/SawitMVC-Depth-YOLO/train/images/TOPAZ_H11_0003_4.jpg: corrupt JPEG restored and saved
train: /workspace/SawitMVC-Depth-YOLO/train/images/TOPAZ_H11_0004_1.jpg: corrupt JPEG restored and saved
train: /workspace/SawitMVC-Depth-YOLO/train/images/TOPAZ_H11_0004_2.jpg: corrupt JPEG restored and saved
train: /workspace/SawitMVC-Depth-YOLO/train/images/TOPAZ_H11_0004_3.jpg: corrupt JPEG restored and saved
train: /workspace/SawitMVC-Depth-YOLO/train/images/TOPAZ_H11_0004_4.jpg: corrupt JPEG restored and saved
train: /workspace/SawitMVC-Depth-YOLO/train/images/TOPAZ_H11_0006_1.jpg: corrupt JPEG restored and saved
train: /workspace/SawitMVC-Depth-YOLO/train/images/TOPAZ_H11_0006_2.jpg: corrupt JPEG restored and saved
train: /workspace/SawitMVC-Depth-YOLO/train/images/TOPAZ_H11_0006_3.jpg: corrupt JPEG restored and saved
train: /workspace/SawitMVC-Depth-YOLO/train/images/TOPAZ_H11_0006_4.jpg: corrupt JPEG restored and saved
train: /workspace/SawitMVC-Depth-YOLO/train/images/TOPAZ_H11_0008_1.jpg: corrupt JPEG restored and saved
train: /workspace/SawitMVC-Depth-YOLO/train/images/TOPAZ_H11_0008_2.jpg: corrupt JPEG restored and saved
train: /workspace/SawitMVC-Depth-YOLO/train/images/TOPAZ_H11_0008_3.jpg: corrupt JPEG restored and saved
train: /workspace/SawitMVC-Depth-YOLO/train/images/TOPAZ_H11_0008_4.jpg: corrupt JPEG restored and saved
train: /workspace/SawitMVC-Depth-YOLO/train/images/TOPAZ_H11_0010_1.jpg: corrupt JPEG restored and saved
train: /workspace/SawitMVC-Depth-YOLO/train/images/TOPAZ_H11_0010_2.jpg: corrupt JPEG restored and saved
train: /workspace/SawitMVC-Depth-YOLO/train/images/TOPAZ_H11_0010_3.jpg: corrupt JPEG restored and saved
train: /workspace/SawitMVC-Depth-YOLO/train/images/TOPAZ_H11_0010_4.jpg: corrupt JPEG restored and saved
train: /workspace/SawitMVC-Depth-YOLO/train/images/TOPAZ_H11_0012_1.jpg: corrupt JPEG restored and saved
train: /workspace/SawitMVC-Depth-YOLO/train/images/TOPAZ_H11_0012_2.jpg: corrupt JPEG restored and saved
train: /workspace/SawitMVC-Depth-YOLO/train/images/TOPAZ_H11_0012_3.jpg: corrupt JPEG restored and saved
train: /workspace/SawitMVC-Depth-YOLO/train/images/TOPAZ_H11_0012_4.jpg: corrupt JPEG restored and saved
train: /workspace/SawitMVC-Depth-YOLO/train/images/TOPAZ_H11_0013_1.jpg: corrupt JPEG restored and saved
train: /workspace/SawitMVC-Depth-YOLO/train/images/TOPAZ_H11_0013_2.jpg: corrupt JPEG restored and saved
train: /workspace/SawitMVC-Depth-YOLO/train/images/TOPAZ_H11_0013_3.jpg: corrupt JPEG restored and saved
train: /workspace/SawitMVC-Depth-YOLO/train/images/TOPAZ_H11_0013_4.jpg: corrupt JPEG restored and saved
train: /workspace/SawitMVC-Depth-YOLO/train/images/TOPAZ_H11_0016_1.jpg: corrupt JPEG restored and saved
train: /workspace/SawitMVC-Depth-YOLO/train/images/TOPAZ_H11_0016_2.jpg: corrupt JPEG restored and saved
train: /workspace/SawitMVC-Depth-YOLO/train/images/TOPAZ_H11_0016_3.jpg: corrupt JPEG restored and saved
train: /workspace/SawitMVC-Depth-YOLO/train/images/TOPAZ_H11_0016_4.jpg: corrupt JPEG restored and saved
train: /workspace/SawitMVC-Depth-YOLO/train/images/TOPAZ_H11_0017_1.jpg: corrupt JPEG restored and saved
train: /workspace/SawitMVC-Depth-YOLO/train/images/TOPAZ_H11_0017_2.jpg: corrupt JPEG restored and saved
train: /workspace/SawitMVC-Depth-YOLO/train/images/TOPAZ_H11_0017_3.jpg: corrupt JPEG restored and saved
train: /workspace/SawitMVC-Depth-YOLO/train/images/TOPAZ_H11_0017_4.jpg: corrupt JPEG restored and saved
train: /workspace/SawitMVC-Depth-YOLO/train/images/TOPAZ_H11_0018_1.jpg: corrupt JPEG restored and saved
train: /workspace/SawitMVC-Depth-YOLO/train/images/TOPAZ_H11_0018_2.jpg: corrupt JPEG restored and saved
train: /workspace/SawitMVC-Depth-YOLO/train/images/TOPAZ_H11_0018_3.jpg: corrupt JPEG restored and saved
train: /workspace/SawitMVC-Depth-YOLO/train/images/TOPAZ_H11_0018_4.jpg: corrupt JPEG restored and saved
train: /workspace/SawitMVC-Depth-YOLO/train/images/TOPAZ_H11_0019_1.jpg: corrupt JPEG restored and saved
train: /workspace/SawitMVC-Depth-YOLO/train/images/TOPAZ_H11_0019_2.jpg: corrupt JPEG restored and saved
train: /workspace/SawitMVC-Depth-YOLO/train/images/TOPAZ_H11_0019_3.jpg: corrupt JPEG restored and saved
train: /workspace/SawitMVC-Depth-YOLO/train/images/TOPAZ_H11_0019_4.jpg: corrupt JPEG restored and saved
train: /workspace/SawitMVC-Depth-YOLO/train/images/TOPAZ_H11_0020_1.jpg: corrupt JPEG restored and saved
train: /workspace/SawitMVC-Depth-YOLO/train/images/TOPAZ_H11_0020_2.jpg: corrupt JPEG restored and saved
train: /workspace/SawitMVC-Depth-YOLO/train/images/TOPAZ_H11_0020_3.jpg: corrupt JPEG restored and saved
train: /workspace/SawitMVC-Depth-YOLO/train/images/TOPAZ_H11_0020_4.jpg: corrupt JPEG restored and saved
train: /workspace/SawitMVC-Depth-YOLO/train/images/TOPAZ_H11_0023_1.jpg: corrupt JPEG restored and saved
train: /workspace/SawitMVC-Depth-YOLO/train/images/TOPAZ_H11_0023_2.jpg: corrupt JPEG restored and saved
train: /workspace/SawitMVC-Depth-YOLO/train/images/TOPAZ_H11_0023_3.jpg: corrupt JPEG restored and saved
train: /workspace/SawitMVC-Depth-YOLO/train/images/TOPAZ_H11_0023_4.jpg: corrupt JPEG restored and saved
train: /workspace/SawitMVC-Depth-YOLO/train/images/TOPAZ_H11_0024_1.jpg: corrupt JPEG restored and saved
train: /workspace/SawitMVC-Depth-YOLO/train/images/TOPAZ_H11_0024_2.jpg: corrupt JPEG restored and saved
train: /workspace/SawitMVC-Depth-YOLO/train/images/TOPAZ_H11_0024_3.jpg: corrupt JPEG restored and saved
train: /workspace/SawitMVC-Depth-YOLO/train/images/TOPAZ_H11_0024_4.jpg: corrupt JPEG restored and saved
train: /workspace/SawitMVC-Depth-YOLO/train/images/TOPAZ_H11_0025_1.jpg: corrupt JPEG restored and saved
train: /workspace/SawitMVC-Depth-YOLO/train/images/TOPAZ_H11_0025_2.jpg: corrupt JPEG restored and saved
train: /workspace/SawitMVC-Depth-YOLO/train/images/TOPAZ_H11_0025_3.jpg: corrupt JPEG restored and saved
train: /workspace/SawitMVC-Depth-YOLO/train/images/TOPAZ_H11_0025_4.jpg: corrupt JPEG restored and saved
train: /workspace/SawitMVC-Depth-YOLO/train/images/TOPAZ_H11_0027_1.jpg: corrupt JPEG restored and saved
train: /workspace/SawitMVC-Depth-YOLO/train/images/TOPAZ_H11_0027_2.jpg: corrupt JPEG restored and saved
train: /workspace/SawitMVC-Depth-YOLO/train/images/TOPAZ_H11_0027_3.jpg: corrupt JPEG restored and saved
train: /workspace/SawitMVC-Depth-YOLO/train/images/TOPAZ_H11_0027_4.jpg: corrupt JPEG restored and saved
train: /workspace/SawitMVC-Depth-YOLO/train/images/TOPAZ_H11_0029_1.jpg: corrupt JPEG restored and saved
train: /workspace/SawitMVC-Depth-YOLO/train/images/TOPAZ_H11_0029_2.jpg: corrupt JPEG restored and saved
train: /workspace/SawitMVC-Depth-YOLO/train/images/TOPAZ_H11_0029_3.jpg: corrupt JPEG restored and saved
train: /workspace/SawitMVC-Depth-YOLO/train/images/TOPAZ_H11_0029_4.jpg: corrupt JPEG restored and saved
train: /workspace/SawitMVC-Depth-YOLO/train/images/TOPAZ_H11_0030_1.jpg: corrupt JPEG restored and saved
train: /workspace/SawitMVC-Depth-YOLO/train/images/TOPAZ_H11_0030_2.jpg: corrupt JPEG restored and saved
train: /workspace/SawitMVC-Depth-YOLO/train/images/TOPAZ_H11_0030_3.jpg: corrupt JPEG restored and saved
train: /workspace/SawitMVC-Depth-YOLO/train/images/TOPAZ_H11_0030_4.jpg: corrupt JPEG restored and saved
train: /workspace/SawitMVC-Depth-YOLO/train/images/TOPAZ_H11_0031_1.jpg: corrupt JPEG restored and saved
train: /workspace/SawitMVC-Depth-YOLO/train/images/TOPAZ_H11_0031_2.jpg: corrupt JPEG restored and saved
train: /workspace/SawitMVC-Depth-YOLO/train/images/TOPAZ_H11_0031_3.jpg: corrupt JPEG restored and saved
train: /workspace/SawitMVC-Depth-YOLO/train/images/TOPAZ_H11_0031_4.jpg: corrupt JPEG restored and saved
train: /workspace/SawitMVC-Depth-YOLO/train/images/TOPAZ_H11_0034_1.jpg: corrupt JPEG restored and saved
train: /workspace/SawitMVC-Depth-YOLO/train/images/TOPAZ_H11_0034_2.jpg: corrupt JPEG restored and saved
train: /workspace/SawitMVC-Depth-YOLO/train/images/TOPAZ_H11_0034_3.jpg: corrupt JPEG restored and saved
train: /workspace/SawitMVC-Depth-YOLO/train/images/TOPAZ_H11_0034_4.jpg: corrupt JPEG restored and saved
train: /workspace/SawitMVC-Depth-YOLO/train/images/TOPAZ_H11_0037_1.jpg: corrupt JPEG restored and saved
train: /workspace/SawitMVC-Depth-YOLO/train/images/TOPAZ_H11_0037_2.jpg: corrupt JPEG restored and saved
train: /workspace/SawitMVC-Depth-YOLO/train/images/TOPAZ_H11_0037_3.jpg: corrupt JPEG restored and saved
train: /workspace/SawitMVC-Depth-YOLO/train/images/TOPAZ_H11_0037_4.jpg: corrupt JPEG restored and saved
train: /workspace/SawitMVC-Depth-YOLO/train/images/TOPAZ_H11_0038_1.jpg: corrupt JPEG restored and saved
train: /workspace/SawitMVC-Depth-YOLO/train/images/TOPAZ_H11_0038_2.jpg: corrupt JPEG restored and saved
train: /workspace/SawitMVC-Depth-YOLO/train/images/TOPAZ_H11_0038_3.jpg: corrupt JPEG restored and saved
train: /workspace/SawitMVC-Depth-YOLO/train/images/TOPAZ_H11_0038_4.jpg: corrupt JPEG restored and saved
train: /workspace/SawitMVC-Depth-YOLO/train/images/TOPAZ_H11_0039_1.jpg: corrupt JPEG restored and saved
train: /workspace/SawitMVC-Depth-YOLO/train/images/TOPAZ_H11_0039_2.jpg: corrupt JPEG restored and saved
train: /workspace/SawitMVC-Depth-YOLO/train/images/TOPAZ_H11_0039_3.jpg: corrupt JPEG restored and saved
train: /workspace/SawitMVC-Depth-YOLO/train/images/TOPAZ_H11_0039_4.jpg: corrupt JPEG restored and saved
train: /workspace/SawitMVC-Depth-YOLO/train/images/TOPAZ_H11_0040_1.jpg: corrupt JPEG restored and saved
train: /workspace/SawitMVC-Depth-YOLO/train/images/TOPAZ_H11_0040_2.jpg: corrupt JPEG restored and saved
train: /workspace/SawitMVC-Depth-YOLO/train/images/TOPAZ_H11_0040_3.jpg: corrupt JPEG restored and saved
train: /workspace/SawitMVC-Depth-YOLO/train/images/TOPAZ_H11_0040_4.jpg: corrupt JPEG restored and saved
train: /workspace/SawitMVC-Depth-YOLO/train/images/TOPAZ_H11_0042_1.jpg: corrupt JPEG restored and saved
train: /workspace/SawitMVC-Depth-YOLO/train/images/TOPAZ_H11_0042_2.jpg: corrupt JPEG restored and saved
train: /workspace/SawitMVC-Depth-YOLO/train/images/TOPAZ_H11_0042_3.jpg: corrupt JPEG restored and saved
train: /workspace/SawitMVC-Depth-YOLO/train/images/TOPAZ_H11_0042_4.jpg: corrupt JPEG restored and saved
train: /workspace/SawitMVC-Depth-YOLO/train/images/TOPAZ_H11_0044_1.jpg: corrupt JPEG restored and saved
train: /workspace/SawitMVC-Depth-YOLO/train/images/TOPAZ_H11_0044_2.jpg: corrupt JPEG restored and saved
train: /workspace/SawitMVC-Depth-YOLO/train/images/TOPAZ_H11_0044_3.jpg: corrupt JPEG restored and saved
train: /workspace/SawitMVC-Depth-YOLO/train/images/TOPAZ_H11_0044_4.jpg: corrupt JPEG restored and saved
train: /workspace/SawitMVC-Depth-YOLO/train/images/TOPAZ_H11_0045_1.jpg: corrupt JPEG restored and saved
train: /workspace/SawitMVC-Depth-YOLO/train/images/TOPAZ_H11_0045_2.jpg: corrupt JPEG restored and saved
train: /workspace/SawitMVC-Depth-YOLO/train/images/TOPAZ_H11_0045_3.jpg: corrupt JPEG restored and saved
train: /workspace/SawitMVC-Depth-YOLO/train/images/TOPAZ_H11_0045_4.jpg: corrupt JPEG restored and saved
train: /workspace/SawitMVC-Depth-YOLO/train/images/TOPAZ_H11_0047_1.jpg: corrupt JPEG restored and saved
train: /workspace/SawitMVC-Depth-YOLO/train/images/TOPAZ_H11_0047_2.jpg: corrupt JPEG restored and saved
train: /workspace/SawitMVC-Depth-YOLO/train/images/TOPAZ_H11_0047_3.jpg: corrupt JPEG restored and saved
train: /workspace/SawitMVC-Depth-YOLO/train/images/TOPAZ_H11_0047_4.jpg: corrupt JPEG restored and saved
train: /workspace/SawitMVC-Depth-YOLO/train/images/TOPAZ_H11_0048_1.jpg: corrupt JPEG restored and saved
train: /workspace/SawitMVC-Depth-YOLO/train/images/TOPAZ_H11_0048_2.jpg: corrupt JPEG restored and saved
train: /workspace/SawitMVC-Depth-YOLO/train/images/TOPAZ_H11_0048_3.jpg: corrupt JPEG restored and saved
train: /workspace/SawitMVC-Depth-YOLO/train/images/TOPAZ_H11_0048_4.jpg: corrupt JPEG restored and saved
train: /workspace/SawitMVC-Depth-YOLO/train/images/TOPAZ_H11_0049_1.jpg: corrupt JPEG restored and saved
train: /workspace/SawitMVC-Depth-YOLO/train/images/TOPAZ_H11_0049_2.jpg: corrupt JPEG restored and saved
train: /workspace/SawitMVC-Depth-YOLO/train/images/TOPAZ_H11_0049_3.jpg: corrupt JPEG restored and saved
train: /workspace/SawitMVC-Depth-YOLO/train/images/TOPAZ_H11_0049_4.jpg: corrupt JPEG restored and saved
train: /workspace/SawitMVC-Depth-YOLO/train/images/TOPAZ_H11_0051_1.jpg: corrupt JPEG restored and saved
train: /workspace/SawitMVC-Depth-YOLO/train/images/TOPAZ_H11_0051_2.jpg: corrupt JPEG restored and saved
train: /workspace/SawitMVC-Depth-YOLO/train/images/TOPAZ_H11_0051_3.jpg: corrupt JPEG restored and saved
train: /workspace/SawitMVC-Depth-YOLO/train/images/TOPAZ_H11_0051_4.jpg: corrupt JPEG restored and saved
train: /workspace/SawitMVC-Depth-YOLO/train/images/TOPAZ_H11_0052_1.jpg: corrupt JPEG restored and saved
train: /workspace/SawitMVC-Depth-YOLO/train/images/TOPAZ_H11_0052_2.jpg: corrupt JPEG restored and saved
train: /workspace/SawitMVC-Depth-YOLO/train/images/TOPAZ_H11_0052_3.jpg: corrupt JPEG restored and saved
train: /workspace/SawitMVC-Depth-YOLO/train/images/TOPAZ_H11_0052_4.jpg: corrupt JPEG restored and saved
train: /workspace/SawitMVC-Depth-YOLO/train/images/TOPAZ_H11_0053_1.jpg: corrupt JPEG restored and saved
train: /workspace/SawitMVC-Depth-YOLO/train/images/TOPAZ_H11_0053_2.jpg: corrupt JPEG restored and saved
train: /workspace/SawitMVC-Depth-YOLO/train/images/TOPAZ_H11_0053_3.jpg: corrupt JPEG restored and saved
train: /workspace/SawitMVC-Depth-YOLO/train/images/TOPAZ_H11_0053_4.jpg: corrupt JPEG restored and saved
train: /workspace/SawitMVC-Depth-YOLO/train/images/TOPAZ_H11_0055_1.jpg: corrupt JPEG restored and saved
train: /workspace/SawitMVC-Depth-YOLO/train/images/TOPAZ_H11_0055_2.jpg: corrupt JPEG restored and saved
train: /workspace/SawitMVC-Depth-YOLO/train/images/TOPAZ_H11_0055_3.jpg: corrupt JPEG restored and saved
train: /workspace/SawitMVC-Depth-YOLO/train/images/TOPAZ_H11_0055_4.jpg: corrupt JPEG restored and saved
train: /workspace/SawitMVC-Depth-YOLO/train/images/TOPAZ_H11_0056_1.jpg: corrupt JPEG restored and saved
train: /workspace/SawitMVC-Depth-YOLO/train/images/TOPAZ_H11_0056_2.jpg: corrupt JPEG restored and saved
train: /workspace/SawitMVC-Depth-YOLO/train/images/TOPAZ_H11_0056_3.jpg: corrupt JPEG restored and saved
train: /workspace/SawitMVC-Depth-YOLO/train/images/TOPAZ_H11_0056_4.jpg: corrupt JPEG restored and saved
train: /workspace/SawitMVC-Depth-YOLO/train/images/TOPAZ_H11_0059_1.jpg: corrupt JPEG restored and saved
train: /workspace/SawitMVC-Depth-YOLO/train/images/TOPAZ_H11_0059_2.jpg: corrupt JPEG restored and saved
train: /workspace/SawitMVC-Depth-YOLO/train/images/TOPAZ_H11_0059_3.jpg: corrupt JPEG restored and saved
train: /workspace/SawitMVC-Depth-YOLO/train/images/TOPAZ_H11_0059_4.jpg: corrupt JPEG restored and saved
train: /workspace/SawitMVC-Depth-YOLO/train/images/TOPAZ_H11_0060_1.jpg: corrupt JPEG restored and saved
train: /workspace/SawitMVC-Depth-YOLO/train/images/TOPAZ_H11_0060_2.jpg: corrupt JPEG restored and saved
train: /workspace/SawitMVC-Depth-YOLO/train/images/TOPAZ_H11_0060_3.jpg: corrupt JPEG restored and saved
train: /workspace/SawitMVC-Depth-YOLO/train/images/TOPAZ_H11_0060_4.jpg: corrupt JPEG restored and saved
train: /workspace/SawitMVC-Depth-YOLO/train/images/TOPAZ_H11_0061_1.jpg: corrupt JPEG restored and saved
train: /workspace/SawitMVC-Depth-YOLO/train/images/TOPAZ_H11_0061_2.jpg: corrupt JPEG restored and saved
train: /workspace/SawitMVC-Depth-YOLO/train/images/TOPAZ_H11_0061_3.jpg: corrupt JPEG restored and saved
train: /workspace/SawitMVC-Depth-YOLO/train/images/TOPAZ_H11_0061_4.jpg: corrupt JPEG restored and saved
train: /workspace/SawitMVC-Depth-YOLO/train/images/TOPAZ_H11_0062_1.jpg: corrupt JPEG restored and saved
train: /workspace/SawitMVC-Depth-YOLO/train/images/TOPAZ_H11_0062_2.jpg: corrupt JPEG restored and saved
train: /workspace/SawitMVC-Depth-YOLO/train/images/TOPAZ_H11_0062_3.jpg: corrupt JPEG restored and saved
train: /workspace/SawitMVC-Depth-YOLO/train/images/TOPAZ_H11_0062_4.jpg: corrupt JPEG restored and saved
train: /workspace/SawitMVC-Depth-YOLO/train/images/TOPAZ_H11_0063_1.jpg: corrupt JPEG restored and saved
train: /workspace/SawitMVC-Depth-YOLO/train/images/TOPAZ_H11_0063_2.jpg: corrupt JPEG restored and saved
train: /workspace/SawitMVC-Depth-YOLO/train/images/TOPAZ_H11_0063_3.jpg: corrupt JPEG restored and saved
train: /workspace/SawitMVC-Depth-YOLO/train/images/TOPAZ_H11_0063_4.jpg: corrupt JPEG restored and saved
train: /workspace/SawitMVC-Depth-YOLO/train/images/TOPAZ_H11_0065_1.jpg: corrupt JPEG restored and saved
train: /workspace/SawitMVC-Depth-YOLO/train/images/TOPAZ_H11_0065_2.jpg: corrupt JPEG restored and saved
train: /workspace/SawitMVC-Depth-YOLO/train/images/TOPAZ_H11_0065_3.jpg: corrupt JPEG restored and saved
train: /workspace/SawitMVC-Depth-YOLO/train/images/TOPAZ_H11_0065_4.jpg: corrupt JPEG restored and saved
train: /workspace/SawitMVC-Depth-YOLO/train/images/TOPAZ_H11_0066_1.jpg: corrupt JPEG restored and saved
train: /workspace/SawitMVC-Depth-YOLO/train/images/TOPAZ_H11_0066_2.jpg: corrupt JPEG restored and saved
train: /workspace/SawitMVC-Depth-YOLO/train/images/TOPAZ_H11_0066_3.jpg: corrupt JPEG restored and saved
train: /workspace/SawitMVC-Depth-YOLO/train/images/TOPAZ_H11_0066_4.jpg: corrupt JPEG restored and saved
train: /workspace/SawitMVC-Depth-YOLO/train/images/TOPAZ_H11_0067_1.jpg: corrupt JPEG restored and saved
train: /workspace/SawitMVC-Depth-YOLO/train/images/TOPAZ_H11_0067_2.jpg: corrupt JPEG restored and saved
train: /workspace/SawitMVC-Depth-YOLO/train/images/TOPAZ_H11_0067_3.jpg: corrupt JPEG restored and saved
train: /workspace/SawitMVC-Depth-YOLO/train/images/TOPAZ_H11_0067_4.jpg: corrupt JPEG restored and saved
train: /workspace/SawitMVC-Depth-YOLO/train/images/TOPAZ_H11_0068_1.jpg: corrupt JPEG restored and saved
train: /workspace/SawitMVC-Depth-YOLO/train/images/TOPAZ_H11_0068_2.jpg: corrupt JPEG restored and saved
train: /workspace/SawitMVC-Depth-YOLO/train/images/TOPAZ_H11_0068_3.jpg: corrupt JPEG restored and saved
train: /workspace/SawitMVC-Depth-YOLO/train/images/TOPAZ_H11_0068_4.jpg: corrupt JPEG restored and saved
train: /workspace/SawitMVC-Depth-YOLO/train/images/TOPAZ_H11_0069_1.jpg: corrupt JPEG restored and saved
train: /workspace/SawitMVC-Depth-YOLO/train/images/TOPAZ_H11_0069_2.jpg: corrupt JPEG restored and saved
train: /workspace/SawitMVC-Depth-YOLO/train/images/TOPAZ_H11_0069_3.jpg: corrupt JPEG restored and saved
train: /workspace/SawitMVC-Depth-YOLO/train/images/TOPAZ_H11_0069_4.jpg: corrupt JPEG restored and saved
train: /workspace/SawitMVC-Depth-YOLO/train/images/TOPAZ_H11_0070_1.jpg: corrupt JPEG restored and saved
train: /workspace/SawitMVC-Depth-YOLO/train/images/TOPAZ_H11_0070_2.jpg: corrupt JPEG restored and saved
train: /workspace/SawitMVC-Depth-YOLO/train/images/TOPAZ_H11_0070_3.jpg: corrupt JPEG restored and saved
train: /workspace/SawitMVC-Depth-YOLO/train/images/TOPAZ_H11_0070_4.jpg: corrupt JPEG restored and saved
train: /workspace/SawitMVC-Depth-YOLO/train/images/TOPAZ_H11_0071_1.jpg: corrupt JPEG restored and saved
train: /workspace/SawitMVC-Depth-YOLO/train/images/TOPAZ_H11_0071_2.jpg: corrupt JPEG restored and saved
train: /workspace/SawitMVC-Depth-YOLO/train/images/TOPAZ_H11_0071_3.jpg: corrupt JPEG restored and saved
train: /workspace/SawitMVC-Depth-YOLO/train/images/TOPAZ_H11_0071_4.jpg: corrupt JPEG restored and saved
train: /workspace/SawitMVC-Depth-YOLO/train/images/TOPAZ_H11_0072_1.jpg: corrupt JPEG restored and saved
train: /workspace/SawitMVC-Depth-YOLO/train/images/TOPAZ_H11_0072_2.jpg: corrupt JPEG restored and saved
train: /workspace/SawitMVC-Depth-YOLO/train/images/TOPAZ_H11_0072_3.jpg: corrupt JPEG restored and saved
train: /workspace/SawitMVC-Depth-YOLO/train/images/TOPAZ_H11_0072_4.jpg: corrupt JPEG restored and saved
train: /workspace/SawitMVC-Depth-YOLO/train/images/TOPAZ_H11_0074_1.jpg: corrupt JPEG restored and saved
train: /workspace/SawitMVC-Depth-YOLO/train/images/TOPAZ_H11_0074_2.jpg: corrupt JPEG restored and saved
train: /workspace/SawitMVC-Depth-YOLO/train/images/TOPAZ_H11_0074_3.jpg: corrupt JPEG restored and saved
train: /workspace/SawitMVC-Depth-YOLO/train/images/TOPAZ_H11_0074_4.jpg: corrupt JPEG restored and saved
train: /workspace/SawitMVC-Depth-YOLO/train/images/TOPAZ_H11_0076_1.jpg: corrupt JPEG restored and saved
train: /workspace/SawitMVC-Depth-YOLO/train/images/TOPAZ_H11_0076_2.jpg: corrupt JPEG restored and saved
train: /workspace/SawitMVC-Depth-YOLO/train/images/TOPAZ_H11_0076_3.jpg: corrupt JPEG restored and saved
train: /workspace/SawitMVC-Depth-YOLO/train/images/TOPAZ_H11_0076_4.jpg: corrupt JPEG restored and saved
train: /workspace/SawitMVC-Depth-YOLO/train/images/TOPAZ_H11_0078_1.jpg: corrupt JPEG restored and saved
train: /workspace/SawitMVC-Depth-YOLO/train/images/TOPAZ_H11_0078_2.jpg: corrupt JPEG restored and saved
train: /workspace/SawitMVC-Depth-YOLO/train/images/TOPAZ_H11_0078_3.jpg: corrupt JPEG restored and saved
train: /workspace/SawitMVC-Depth-YOLO/train/images/TOPAZ_H11_0078_4.jpg: corrupt JPEG restored and saved
train: /workspace/SawitMVC-Depth-YOLO/train/images/TOPAZ_H11_0079_1.jpg: corrupt JPEG restored and saved
train: /workspace/SawitMVC-Depth-YOLO/train/images/TOPAZ_H11_0079_2.jpg: corrupt JPEG restored and saved
train: /workspace/SawitMVC-Depth-YOLO/train/images/TOPAZ_H11_0079_3.jpg: corrupt JPEG restored and saved
train: /workspace/SawitMVC-Depth-YOLO/train/images/TOPAZ_H11_0079_4.jpg: corrupt JPEG restored and saved
train: /workspace/SawitMVC-Depth-YOLO/train/images/TOPAZ_H11_0081_1.jpg: corrupt JPEG restored and saved
train: /workspace/SawitMVC-Depth-YOLO/train/images/TOPAZ_H11_0081_2.jpg: corrupt JPEG restored and saved
train: /workspace/SawitMVC-Depth-YOLO/train/images/TOPAZ_H11_0081_3.jpg: corrupt JPEG restored and saved
train: /workspace/SawitMVC-Depth-YOLO/train/images/TOPAZ_H11_0081_4.jpg: corrupt JPEG restored and saved
train: /workspace/SawitMVC-Depth-YOLO/train/images/TOPAZ_H11_0082_1.jpg: corrupt JPEG restored and saved
train: /workspace/SawitMVC-Depth-YOLO/train/images/TOPAZ_H11_0082_2.jpg: corrupt JPEG restored and saved
train: /workspace/SawitMVC-Depth-YOLO/train/images/TOPAZ_H11_0082_3.jpg: corrupt JPEG restored and saved
train: /workspace/SawitMVC-Depth-YOLO/train/images/TOPAZ_H11_0082_4.jpg: corrupt JPEG restored and saved
train: /workspace/SawitMVC-Depth-YOLO/train/images/TOPAZ_H11_0083_1.jpg: corrupt JPEG restored and saved
train: /workspace/SawitMVC-Depth-YOLO/train/images/TOPAZ_H11_0083_2.jpg: corrupt JPEG restored and saved
train: /workspace/SawitMVC-Depth-YOLO/train/images/TOPAZ_H11_0083_3.jpg: corrupt JPEG restored and saved
train: /workspace/SawitMVC-Depth-YOLO/train/images/TOPAZ_H11_0083_4.jpg: corrupt JPEG restored and saved
train: /workspace/SawitMVC-Depth-YOLO/train/images/TOPAZ_H11_0084_1.jpg: corrupt JPEG restored and saved
train: /workspace/SawitMVC-Depth-YOLO/train/images/TOPAZ_H11_0084_2.jpg: corrupt JPEG restored and saved
train: /workspace/SawitMVC-Depth-YOLO/train/images/TOPAZ_H11_0084_3.jpg: corrupt JPEG restored and saved
train: /workspace/SawitMVC-Depth-YOLO/train/images/TOPAZ_H11_0084_4.jpg: corrupt JPEG restored and saved
train: /workspace/SawitMVC-Depth-YOLO/train/images/TOPAZ_H11_0085_1.jpg: corrupt JPEG restored and saved
train: /workspace/SawitMVC-Depth-YOLO/train/images/TOPAZ_H11_0085_2.jpg: corrupt JPEG restored and saved
train: /workspace/SawitMVC-Depth-YOLO/train/images/TOPAZ_H11_0085_3.jpg: corrupt JPEG restored and saved
train: /workspace/SawitMVC-Depth-YOLO/train/images/TOPAZ_H11_0085_4.jpg: corrupt JPEG restored and saved
train: /workspace/SawitMVC-Depth-YOLO/train/images/TOPAZ_H11_0087_1.jpg: corrupt JPEG restored and saved
train: /workspace/SawitMVC-Depth-YOLO/train/images/TOPAZ_H11_0087_2.jpg: corrupt JPEG restored and saved
train: /workspace/SawitMVC-Depth-YOLO/train/images/TOPAZ_H11_0087_3.jpg: corrupt JPEG restored and saved
train: /workspace/SawitMVC-Depth-YOLO/train/images/TOPAZ_H11_0087_4.jpg: corrupt JPEG restored and saved
train: /workspace/SawitMVC-Depth-YOLO/train/images/TOPAZ_H11_0088_1.jpg: corrupt JPEG restored and saved
train: /workspace/SawitMVC-Depth-YOLO/train/images/TOPAZ_H11_0088_2.jpg: corrupt JPEG restored and saved
train: /workspace/SawitMVC-Depth-YOLO/train/images/TOPAZ_H11_0088_3.jpg: corrupt JPEG restored and saved
train: /workspace/SawitMVC-Depth-YOLO/train/images/TOPAZ_H11_0088_4.jpg: corrupt JPEG restored and saved
train: /workspace/SawitMVC-Depth-YOLO/train/images/TOPAZ_H11_0089_1.jpg: corrupt JPEG restored and saved
train: /workspace/SawitMVC-Depth-YOLO/train/images/TOPAZ_H11_0089_2.jpg: corrupt JPEG restored and saved
train: /workspace/SawitMVC-Depth-YOLO/train/images/TOPAZ_H11_0089_3.jpg: corrupt JPEG restored and saved
train: /workspace/SawitMVC-Depth-YOLO/train/images/TOPAZ_H11_0089_4.jpg: corrupt JPEG restored and saved
train: /workspace/SawitMVC-Depth-YOLO/train/images/TOPAZ_H11_0090_1.jpg: corrupt JPEG restored and saved
train: /workspace/SawitMVC-Depth-YOLO/train/images/TOPAZ_H11_0090_2.jpg: corrupt JPEG restored and saved
train: /workspace/SawitMVC-Depth-YOLO/train/images/TOPAZ_H11_0090_3.jpg: corrupt JPEG restored and saved
train: /workspace/SawitMVC-Depth-YOLO/train/images/TOPAZ_H11_0090_4.jpg: corrupt JPEG restored and saved
train: /workspace/SawitMVC-Depth-YOLO/train/images/TOPAZ_H11_0092_1.jpg: corrupt JPEG restored and saved
train: /workspace/SawitMVC-Depth-YOLO/train/images/TOPAZ_H11_0092_2.jpg: corrupt JPEG restored and saved
train: /workspace/SawitMVC-Depth-YOLO/train/images/TOPAZ_H11_0092_3.jpg: corrupt JPEG restored and saved
train: /workspace/SawitMVC-Depth-YOLO/train/images/TOPAZ_H11_0092_4.jpg: corrupt JPEG restored and saved
train: /workspace/SawitMVC-Depth-YOLO/train/images/TOPAZ_H11_0093_1.jpg: corrupt JPEG restored and saved
train: /workspace/SawitMVC-Depth-YOLO/train/images/TOPAZ_H11_0093_2.jpg: corrupt JPEG restored and saved
train: /workspace/SawitMVC-Depth-YOLO/train/images/TOPAZ_H11_0093_3.jpg: corrupt JPEG restored and saved
train: /workspace/SawitMVC-Depth-YOLO/train/images/TOPAZ_H11_0093_4.jpg: corrupt JPEG restored and saved
train: /workspace/SawitMVC-Depth-YOLO/train/images/TOPAZ_H11_0094_1.jpg: corrupt JPEG restored and saved
train: /workspace/SawitMVC-Depth-YOLO/train/images/TOPAZ_H11_0094_2.jpg: corrupt JPEG restored and saved
train: /workspace/SawitMVC-Depth-YOLO/train/images/TOPAZ_H11_0094_3.jpg: corrupt JPEG restored and saved
train: /workspace/SawitMVC-Depth-YOLO/train/images/TOPAZ_H11_0094_4.jpg: corrupt JPEG restored and saved
train: /workspace/SawitMVC-Depth-YOLO/train/images/TOPAZ_H11_0095_1.jpg: corrupt JPEG restored and saved
train: /workspace/SawitMVC-Depth-YOLO/train/images/TOPAZ_H11_0095_2.jpg: corrupt JPEG restored and saved
train: /workspace/SawitMVC-Depth-YOLO/train/images/TOPAZ_H11_0095_3.jpg: corrupt JPEG restored and saved
train: /workspace/SawitMVC-Depth-YOLO/train/images/TOPAZ_H11_0095_4.jpg: corrupt JPEG restored and saved
train: /workspace/SawitMVC-Depth-YOLO/train/images/TOPAZ_H11_0096_1.jpg: corrupt JPEG restored and saved
train: /workspace/SawitMVC-Depth-YOLO/train/images/TOPAZ_H11_0096_2.jpg: corrupt JPEG restored and saved
train: /workspace/SawitMVC-Depth-YOLO/train/images/TOPAZ_H11_0096_3.jpg: corrupt JPEG restored and saved
train: /workspace/SawitMVC-Depth-YOLO/train/images/TOPAZ_H11_0096_4.jpg: corrupt JPEG restored and saved
train: /workspace/SawitMVC-Depth-YOLO/train/images/TOPAZ_H11_0098_1.jpg: corrupt JPEG restored and saved
train: /workspace/SawitMVC-Depth-YOLO/train/images/TOPAZ_H11_0098_2.jpg: corrupt JPEG restored and saved
train: /workspace/SawitMVC-Depth-YOLO/train/images/TOPAZ_H11_0098_3.jpg: corrupt JPEG restored and saved
train: /workspace/SawitMVC-Depth-YOLO/train/images/TOPAZ_H11_0098_4.jpg: corrupt JPEG restored and saved
train: /workspace/SawitMVC-Depth-YOLO/train/images/TOPAZ_H11_0099_1.jpg: corrupt JPEG restored and saved
train: /workspace/SawitMVC-Depth-YOLO/train/images/TOPAZ_H11_0099_2.jpg: corrupt JPEG restored and saved
train: /workspace/SawitMVC-Depth-YOLO/train/images/TOPAZ_H11_0099_3.jpg: corrupt JPEG restored and saved
train: /workspace/SawitMVC-Depth-YOLO/train/images/TOPAZ_H11_0099_4.jpg: corrupt JPEG restored and saved
train: /workspace/SawitMVC-Depth-YOLO/train/images/TOPAZ_H11_0100_1.jpg: corrupt JPEG restored and saved
train: /workspace/SawitMVC-Depth-YOLO/train/images/TOPAZ_H11_0100_2.jpg: corrupt JPEG restored and saved
train: /workspace/SawitMVC-Depth-YOLO/train/images/TOPAZ_H11_0100_3.jpg: corrupt JPEG restored and saved
train: /workspace/SawitMVC-Depth-YOLO/train/images/TOPAZ_H11_0100_4.jpg: corrupt JPEG restored and saved
train: /workspace/SawitMVC-Depth-YOLO/train/images/TOPAZ_H11_0101_1.jpg: corrupt JPEG restored and saved
train: /workspace/SawitMVC-Depth-YOLO/train/images/TOPAZ_H11_0101_2.jpg: corrupt JPEG restored and saved
train: /workspace/SawitMVC-Depth-YOLO/train/images/TOPAZ_H11_0101_3.jpg: corrupt JPEG restored and saved
train: /workspace/SawitMVC-Depth-YOLO/train/images/TOPAZ_H11_0101_4.jpg: corrupt JPEG restored and saved
train: /workspace/SawitMVC-Depth-YOLO/train/images/TOPAZ_H11_0103_1.jpg: corrupt JPEG restored and saved
train: /workspace/SawitMVC-Depth-YOLO/train/images/TOPAZ_H11_0103_2.jpg: corrupt JPEG restored and saved
train: /workspace/SawitMVC-Depth-YOLO/train/images/TOPAZ_H11_0103_3.jpg: corrupt JPEG restored and saved
train: /workspace/SawitMVC-Depth-YOLO/train/images/TOPAZ_H11_0103_4.jpg: corrupt JPEG restored and saved
train: /workspace/SawitMVC-Depth-YOLO/train/images/TOPAZ_H11_0104_1.jpg: corrupt JPEG restored and saved
train: /workspace/SawitMVC-Depth-YOLO/train/images/TOPAZ_H11_0104_2.jpg: corrupt JPEG restored and saved
train: /workspace/SawitMVC-Depth-YOLO/train/images/TOPAZ_H11_0104_3.jpg: corrupt JPEG restored and saved
train: /workspace/SawitMVC-Depth-YOLO/train/images/TOPAZ_H11_0104_4.jpg: corrupt JPEG restored and saved
train: /workspace/SawitMVC-Depth-YOLO/train/images/TOPAZ_H13_0002_1.jpg: corrupt JPEG restored and saved
train: /workspace/SawitMVC-Depth-YOLO/train/images/TOPAZ_H13_0002_2.jpg: corrupt JPEG restored and saved
train: /workspace/SawitMVC-Depth-YOLO/train/images/TOPAZ_H13_0002_3.jpg: corrupt JPEG restored and saved
train: /workspace/SawitMVC-Depth-YOLO/train/images/TOPAZ_H13_0002_4.jpg: corrupt JPEG restored and saved
train: /workspace/SawitMVC-Depth-YOLO/train/images/TOPAZ_H13_0003_1.jpg: corrupt JPEG restored and saved
train: /workspace/SawitMVC-Depth-YOLO/train/images/TOPAZ_H13_0003_2.jpg: corrupt JPEG restored and saved
train: /workspace/SawitMVC-Depth-YOLO/train/images/TOPAZ_H13_0003_3.jpg: corrupt JPEG restored and saved
train: /workspace/SawitMVC-Depth-YOLO/train/images/TOPAZ_H13_0003_4.jpg: corrupt JPEG restored and saved
train: /workspace/SawitMVC-Depth-YOLO/train/images/TOPAZ_H13_0007_1.jpg: corrupt JPEG restored and saved
train: /workspace/SawitMVC-Depth-YOLO/train/images/TOPAZ_H13_0007_2.jpg: corrupt JPEG restored and saved
train: /workspace/SawitMVC-Depth-YOLO/train/images/TOPAZ_H13_0007_3.jpg: corrupt JPEG restored and saved
train: /workspace/SawitMVC-Depth-YOLO/train/images/TOPAZ_H13_0007_4.jpg: corrupt JPEG restored and saved
train: /workspace/SawitMVC-Depth-YOLO/train/images/TOPAZ_H13_0008_1.jpg: corrupt JPEG restored and saved
train: /workspace/SawitMVC-Depth-YOLO/train/images/TOPAZ_H13_0008_2.jpg: corrupt JPEG restored and saved
train: /workspace/SawitMVC-Depth-YOLO/train/images/TOPAZ_H13_0008_3.jpg: corrupt JPEG restored and saved
train: /workspace/SawitMVC-Depth-YOLO/train/images/TOPAZ_H13_0008_4.jpg: corrupt JPEG restored and saved
train: /workspace/SawitMVC-Depth-YOLO/train/images/TOPAZ_H13_0010_1.jpg: corrupt JPEG restored and saved
train: /workspace/SawitMVC-Depth-YOLO/train/images/TOPAZ_H13_0010_2.jpg: corrupt JPEG restored and saved
train: /workspace/SawitMVC-Depth-YOLO/train/images/TOPAZ_H13_0010_3.jpg: corrupt JPEG restored and saved
train: /workspace/SawitMVC-Depth-YOLO/train/images/TOPAZ_H13_0010_4.jpg: corrupt JPEG restored and saved
train: /workspace/SawitMVC-Depth-YOLO/train/images/TOPAZ_H13_0012_1.jpg: corrupt JPEG restored and saved
train: /workspace/SawitMVC-Depth-YOLO/train/images/TOPAZ_H13_0012_2.jpg: corrupt JPEG restored and saved
train: /workspace/SawitMVC-Depth-YOLO/train/images/TOPAZ_H13_0012_3.jpg: corrupt JPEG restored and saved
train: /workspace/SawitMVC-Depth-YOLO/train/images/TOPAZ_H13_0012_4.jpg: corrupt JPEG restored and saved
train: /workspace/SawitMVC-Depth-YOLO/train/images/TOPAZ_H13_0013_1.jpg: corrupt JPEG restored and saved
train: /workspace/SawitMVC-Depth-YOLO/train/images/TOPAZ_H13_0013_2.jpg: corrupt JPEG restored and saved
train: /workspace/SawitMVC-Depth-YOLO/train/images/TOPAZ_H13_0013_3.jpg: corrupt JPEG restored and saved
train: /workspace/SawitMVC-Depth-YOLO/train/images/TOPAZ_H13_0013_4.jpg: corrupt JPEG restored and saved
train: /workspace/SawitMVC-Depth-YOLO/train/images/TOPAZ_H13_0014_1.jpg: corrupt JPEG restored and saved
train: /workspace/SawitMVC-Depth-YOLO/train/images/TOPAZ_H13_0014_2.jpg: corrupt JPEG restored and saved
train: /workspace/SawitMVC-Depth-YOLO/train/images/TOPAZ_H13_0014_3.jpg: corrupt JPEG restored and saved
train: /workspace/SawitMVC-Depth-YOLO/train/images/TOPAZ_H13_0014_4.jpg: corrupt JPEG restored and saved
train: /workspace/SawitMVC-Depth-YOLO/train/images/TOPAZ_H13_0015_1.jpg: corrupt JPEG restored and saved
train: /workspace/SawitMVC-Depth-YOLO/train/images/TOPAZ_H13_0015_2.jpg: corrupt JPEG restored and saved
train: /workspace/SawitMVC-Depth-YOLO/train/images/TOPAZ_H13_0015_3.jpg: corrupt JPEG restored and saved
train: /workspace/SawitMVC-Depth-YOLO/train/images/TOPAZ_H13_0015_4.jpg: corrupt JPEG restored and saved
train: /workspace/SawitMVC-Depth-YOLO/train/images/TOPAZ_H13_0016_1.jpg: corrupt JPEG restored and saved
train: /workspace/SawitMVC-Depth-YOLO/train/images/TOPAZ_H13_0016_2.jpg: corrupt JPEG restored and saved
train: /workspace/SawitMVC-Depth-YOLO/train/images/TOPAZ_H13_0016_3.jpg: corrupt JPEG restored and saved
train: /workspace/SawitMVC-Depth-YOLO/train/images/TOPAZ_H13_0016_4.jpg: corrupt JPEG restored and saved
train: /workspace/SawitMVC-Depth-YOLO/train/images/TOPAZ_H13_0017_1.jpg: corrupt JPEG restored and saved
train: /workspace/SawitMVC-Depth-YOLO/train/images/TOPAZ_H13_0017_2.jpg: corrupt JPEG restored and saved
train: /workspace/SawitMVC-Depth-YOLO/train/images/TOPAZ_H13_0017_3.jpg: corrupt JPEG restored and saved
train: /workspace/SawitMVC-Depth-YOLO/train/images/TOPAZ_H13_0017_4.jpg: corrupt JPEG restored and saved
train: /workspace/SawitMVC-Depth-YOLO/train/images/TOPAZ_H13_0020_1.jpg: corrupt JPEG restored and saved
train: /workspace/SawitMVC-Depth-YOLO/train/images/TOPAZ_H13_0020_2.jpg: corrupt JPEG restored and saved
train: /workspace/SawitMVC-Depth-YOLO/train/images/TOPAZ_H13_0020_3.jpg: corrupt JPEG restored and saved
train: /workspace/SawitMVC-Depth-YOLO/train/images/TOPAZ_H13_0020_4.jpg: corrupt JPEG restored and saved
train: /workspace/SawitMVC-Depth-YOLO/train/images/TOPAZ_H13_0022_1.jpg: corrupt JPEG restored and saved
train: /workspace/SawitMVC-Depth-YOLO/train/images/TOPAZ_H13_0022_2.jpg: corrupt JPEG restored and saved
train: /workspace/SawitMVC-Depth-YOLO/train/images/TOPAZ_H13_0022_3.jpg: corrupt JPEG restored and saved
train: /workspace/SawitMVC-Depth-YOLO/train/images/TOPAZ_H13_0022_4.jpg: corrupt JPEG restored and saved
train: /workspace/SawitMVC-Depth-YOLO/train/images/TOPAZ_H13_0024_1.jpg: corrupt JPEG restored and saved
train: /workspace/SawitMVC-Depth-YOLO/train/images/TOPAZ_H13_0024_2.jpg: corrupt JPEG restored and saved
train: /workspace/SawitMVC-Depth-YOLO/train/images/TOPAZ_H13_0024_3.jpg: corrupt JPEG restored and saved
train: /workspace/SawitMVC-Depth-YOLO/train/images/TOPAZ_H13_0024_4.jpg: corrupt JPEG restored and saved
train: /workspace/SawitMVC-Depth-YOLO/train/images/TOPAZ_H13_0025_1.jpg: corrupt JPEG restored and saved
train: /workspace/SawitMVC-Depth-YOLO/train/images/TOPAZ_H13_0025_2.jpg: corrupt JPEG restored and saved
train: /workspace/SawitMVC-Depth-YOLO/train/images/TOPAZ_H13_0025_3.jpg: corrupt JPEG restored and saved
train: /workspace/SawitMVC-Depth-YOLO/train/images/TOPAZ_H13_0025_4.jpg: corrupt JPEG restored and saved
train: /workspace/SawitMVC-Depth-YOLO/train/images/TOPAZ_H13_0026_1.jpg: corrupt JPEG restored and saved
train: /workspace/SawitMVC-Depth-YOLO/train/images/TOPAZ_H13_0026_2.jpg: corrupt JPEG restored and saved
train: /workspace/SawitMVC-Depth-YOLO/train/images/TOPAZ_H13_0026_3.jpg: corrupt JPEG restored and saved
train: /workspace/SawitMVC-Depth-YOLO/train/images/TOPAZ_H13_0026_4.jpg: corrupt JPEG restored and saved
train: /workspace/SawitMVC-Depth-YOLO/train/images/TOPAZ_H13_0029_1.jpg: corrupt JPEG restored and saved
train: /workspace/SawitMVC-Depth-YOLO/train/images/TOPAZ_H13_0029_2.jpg: corrupt JPEG restored and saved
train: /workspace/SawitMVC-Depth-YOLO/train/images/TOPAZ_H13_0029_3.jpg: corrupt JPEG restored and saved
train: /workspace/SawitMVC-Depth-YOLO/train/images/TOPAZ_H13_0029_4.jpg: corrupt JPEG restored and saved
train: /workspace/SawitMVC-Depth-YOLO/train/images/TOPAZ_H13_0030_1.jpg: corrupt JPEG restored and saved
train: /workspace/SawitMVC-Depth-YOLO/train/images/TOPAZ_H13_0030_2.jpg: corrupt JPEG restored and saved
train: /workspace/SawitMVC-Depth-YOLO/train/images/TOPAZ_H13_0030_3.jpg: corrupt JPEG restored and saved
train: /workspace/SawitMVC-Depth-YOLO/train/images/TOPAZ_H13_0030_4.jpg: corrupt JPEG restored and saved
train: /workspace/SawitMVC-Depth-YOLO/train/images/TOPAZ_H13_0031_1.jpg: corrupt JPEG restored and saved
train: /workspace/SawitMVC-Depth-YOLO/train/images/TOPAZ_H13_0031_2.jpg: corrupt JPEG restored and saved
train: /workspace/SawitMVC-Depth-YOLO/train/images/TOPAZ_H13_0031_3.jpg: corrupt JPEG restored and saved
train: /workspace/SawitMVC-Depth-YOLO/train/images/TOPAZ_H13_0031_4.jpg: corrupt JPEG restored and saved
train: /workspace/SawitMVC-Depth-YOLO/train/images/TOPAZ_H13_0032_1.jpg: corrupt JPEG restored and saved
train: /workspace/SawitMVC-Depth-YOLO/train/images/TOPAZ_H13_0032_2.jpg: corrupt JPEG restored and saved
train: /workspace/SawitMVC-Depth-YOLO/train/images/TOPAZ_H13_0032_3.jpg: corrupt JPEG restored and saved
train: /workspace/SawitMVC-Depth-YOLO/train/images/TOPAZ_H13_0032_4.jpg: corrupt JPEG restored and saved
train: /workspace/SawitMVC-Depth-YOLO/train/images/TOPAZ_H13_0033_1.jpg: corrupt JPEG restored and saved
train: /workspace/SawitMVC-Depth-YOLO/train/images/TOPAZ_H13_0033_2.jpg: corrupt JPEG restored and saved
train: /workspace/SawitMVC-Depth-YOLO/train/images/TOPAZ_H13_0033_3.jpg: corrupt JPEG restored and saved
train: /workspace/SawitMVC-Depth-YOLO/train/images/TOPAZ_H13_0033_4.jpg: corrupt JPEG restored and saved
train: /workspace/SawitMVC-Depth-YOLO/train/images/TOPAZ_H13_0034_1.jpg: corrupt JPEG restored and saved
train: /workspace/SawitMVC-Depth-YOLO/train/images/TOPAZ_H13_0034_2.jpg: corrupt JPEG restored and saved
train: /workspace/SawitMVC-Depth-YOLO/train/images/TOPAZ_H13_0034_3.jpg: corrupt JPEG restored and saved
train: /workspace/SawitMVC-Depth-YOLO/train/images/TOPAZ_H13_0034_4.jpg: corrupt JPEG restored and saved
train: /workspace/SawitMVC-Depth-YOLO/train/images/TOPAZ_H13_0036_1.jpg: corrupt JPEG restored and saved
train: /workspace/SawitMVC-Depth-YOLO/train/images/TOPAZ_H13_0036_2.jpg: corrupt JPEG restored and saved
train: /workspace/SawitMVC-Depth-YOLO/train/images/TOPAZ_H13_0036_3.jpg: corrupt JPEG restored and saved
train: /workspace/SawitMVC-Depth-YOLO/train/images/TOPAZ_H13_0036_4.jpg: corrupt JPEG restored and saved
train: /workspace/SawitMVC-Depth-YOLO/train/images/TOPAZ_H13_0038_1.jpg: corrupt JPEG restored and saved
train: /workspace/SawitMVC-Depth-YOLO/train/images/TOPAZ_H13_0038_2.jpg: corrupt JPEG restored and saved
train: /workspace/SawitMVC-Depth-YOLO/train/images/TOPAZ_H13_0038_3.jpg: corrupt JPEG restored and saved
train: /workspace/SawitMVC-Depth-YOLO/train/images/TOPAZ_H13_0038_4.jpg: corrupt JPEG restored and saved
train: /workspace/SawitMVC-Depth-YOLO/train/images/TOPAZ_H13_0040_1.jpg: corrupt JPEG restored and saved
train: /workspace/SawitMVC-Depth-YOLO/train/images/TOPAZ_H13_0040_2.jpg: corrupt JPEG restored and saved
train: /workspace/SawitMVC-Depth-YOLO/train/images/TOPAZ_H13_0040_3.jpg: corrupt JPEG restored and saved
train: /workspace/SawitMVC-Depth-YOLO/train/images/TOPAZ_H13_0040_4.jpg: corrupt JPEG restored and saved
train: /workspace/SawitMVC-Depth-YOLO/train/images/TOPAZ_H13_0041_1.jpg: corrupt JPEG restored and saved
train: /workspace/SawitMVC-Depth-YOLO/train/images/TOPAZ_H13_0041_2.jpg: corrupt JPEG restored and saved
train: /workspace/SawitMVC-Depth-YOLO/train/images/TOPAZ_H13_0041_3.jpg: corrupt JPEG restored and saved
train: /workspace/SawitMVC-Depth-YOLO/train/images/TOPAZ_H13_0041_4.jpg: corrupt JPEG restored and saved
train: /workspace/SawitMVC-Depth-YOLO/train/images/TOPAZ_H13_0042_1.jpg: corrupt JPEG restored and saved
train: /workspace/SawitMVC-Depth-YOLO/train/images/TOPAZ_H13_0042_2.jpg: corrupt JPEG restored and saved
train: /workspace/SawitMVC-Depth-YOLO/train/images/TOPAZ_H13_0042_3.jpg: corrupt JPEG restored and saved
train: /workspace/SawitMVC-Depth-YOLO/train/images/TOPAZ_H13_0042_4.jpg: corrupt JPEG restored and saved
train: /workspace/SawitMVC-Depth-YOLO/train/images/TOPAZ_H13_0043_1.jpg: corrupt JPEG restored and saved
train: /workspace/SawitMVC-Depth-YOLO/train/images/TOPAZ_H13_0043_2.jpg: corrupt JPEG restored and saved
train: /workspace/SawitMVC-Depth-YOLO/train/images/TOPAZ_H13_0043_3.jpg: corrupt JPEG restored and saved
train: /workspace/SawitMVC-Depth-YOLO/train/images/TOPAZ_H13_0043_4.jpg: corrupt JPEG restored and saved
train: /workspace/SawitMVC-Depth-YOLO/train/images/TOPAZ_H13_0044_1.jpg: corrupt JPEG restored and saved
train: /workspace/SawitMVC-Depth-YOLO/train/images/TOPAZ_H13_0044_2.jpg: corrupt JPEG restored and saved
train: /workspace/SawitMVC-Depth-YOLO/train/images/TOPAZ_H13_0044_3.jpg: corrupt JPEG restored and saved
train: /workspace/SawitMVC-Depth-YOLO/train/images/TOPAZ_H13_0044_4.jpg: corrupt JPEG restored and saved
train: /workspace/SawitMVC-Depth-YOLO/train/images/TOPAZ_H13_0046_1.jpg: corrupt JPEG restored and saved
train: /workspace/SawitMVC-Depth-YOLO/train/images/TOPAZ_H13_0046_2.jpg: corrupt JPEG restored and saved
train: /workspace/SawitMVC-Depth-YOLO/train/images/TOPAZ_H13_0046_3.jpg: corrupt JPEG restored and saved
train: /workspace/SawitMVC-Depth-YOLO/train/images/TOPAZ_H13_0046_4.jpg: corrupt JPEG restored and saved
train: /workspace/SawitMVC-Depth-YOLO/train/images/TOPAZ_H13_0047_1.jpg: corrupt JPEG restored and saved
train: /workspace/SawitMVC-Depth-YOLO/train/images/TOPAZ_H13_0047_2.jpg: corrupt JPEG restored and saved
train: /workspace/SawitMVC-Depth-YOLO/train/images/TOPAZ_H13_0047_3.jpg: corrupt JPEG restored and saved
train: /workspace/SawitMVC-Depth-YOLO/train/images/TOPAZ_H13_0047_4.jpg: corrupt JPEG restored and saved
train: /workspace/SawitMVC-Depth-YOLO/train/images/TOPAZ_H13_0049_1.jpg: corrupt JPEG restored and saved
train: /workspace/SawitMVC-Depth-YOLO/train/images/TOPAZ_H13_0049_2.jpg: corrupt JPEG restored and saved
train: /workspace/SawitMVC-Depth-YOLO/train/images/TOPAZ_H13_0049_3.jpg: corrupt JPEG restored and saved
train: /workspace/SawitMVC-Depth-YOLO/train/images/TOPAZ_H13_0049_4.jpg: corrupt JPEG restored and saved
train: /workspace/SawitMVC-Depth-YOLO/train/images/TOPAZ_H13_0050_1.jpg: corrupt JPEG restored and saved
train: /workspace/SawitMVC-Depth-YOLO/train/images/TOPAZ_H13_0050_2.jpg: corrupt JPEG restored and saved
train: /workspace/SawitMVC-Depth-YOLO/train/images/TOPAZ_H13_0050_3.jpg: corrupt JPEG restored and saved
train: /workspace/SawitMVC-Depth-YOLO/train/images/TOPAZ_H13_0050_4.jpg: corrupt JPEG restored and saved
train: /workspace/SawitMVC-Depth-YOLO/train/images/TOPAZ_H13_0051_1.jpg: corrupt JPEG restored and saved
train: /workspace/SawitMVC-Depth-YOLO/train/images/TOPAZ_H13_0051_2.jpg: corrupt JPEG restored and saved
train: /workspace/SawitMVC-Depth-YOLO/train/images/TOPAZ_H13_0051_3.jpg: corrupt JPEG restored and saved
train: /workspace/SawitMVC-Depth-YOLO/train/images/TOPAZ_H13_0051_4.jpg: corrupt JPEG restored and saved
train: /workspace/SawitMVC-Depth-YOLO/train/images/TOPAZ_H13_0053_1.jpg: corrupt JPEG restored and saved
train: /workspace/SawitMVC-Depth-YOLO/train/images/TOPAZ_H13_0053_2.jpg: corrupt JPEG restored and saved
train: /workspace/SawitMVC-Depth-YOLO/train/images/TOPAZ_H13_0053_3.jpg: corrupt JPEG restored and saved
train: /workspace/SawitMVC-Depth-YOLO/train/images/TOPAZ_H13_0053_4.jpg: corrupt JPEG restored and saved
train: /workspace/SawitMVC-Depth-YOLO/train/images/TOPAZ_H13_0054_1.jpg: corrupt JPEG restored and saved
train: /workspace/SawitMVC-Depth-YOLO/train/images/TOPAZ_H13_0054_2.jpg: corrupt JPEG restored and saved
train: /workspace/SawitMVC-Depth-YOLO/train/images/TOPAZ_H13_0054_3.jpg: corrupt JPEG restored and saved
train: /workspace/SawitMVC-Depth-YOLO/train/images/TOPAZ_H13_0054_4.jpg: corrupt JPEG restored and saved
train: /workspace/SawitMVC-Depth-YOLO/train/images/TOPAZ_H13_0056_1.jpg: corrupt JPEG restored and saved
train: /workspace/SawitMVC-Depth-YOLO/train/images/TOPAZ_H13_0056_2.jpg: corrupt JPEG restored and saved
train: /workspace/SawitMVC-Depth-YOLO/train/images/TOPAZ_H13_0056_3.jpg: corrupt JPEG restored and saved
train: /workspace/SawitMVC-Depth-YOLO/train/images/TOPAZ_H13_0056_4.jpg: corrupt JPEG restored and saved
train: /workspace/SawitMVC-Depth-YOLO/train/images/TOPAZ_H13_0057_1.jpg: corrupt JPEG restored and saved
train: /workspace/SawitMVC-Depth-YOLO/train/images/TOPAZ_H13_0057_2.jpg: corrupt JPEG restored and saved
train: /workspace/SawitMVC-Depth-YOLO/train/images/TOPAZ_H13_0057_3.jpg: corrupt JPEG restored and saved
train: /workspace/SawitMVC-Depth-YOLO/train/images/TOPAZ_H13_0057_4.jpg: corrupt JPEG restored and saved
train: /workspace/SawitMVC-Depth-YOLO/train/images/TOPAZ_H13_0058_1.jpg: corrupt JPEG restored and saved
train: /workspace/SawitMVC-Depth-YOLO/train/images/TOPAZ_H13_0058_2.jpg: corrupt JPEG restored and saved
train: /workspace/SawitMVC-Depth-YOLO/train/images/TOPAZ_H13_0058_3.jpg: corrupt JPEG restored and saved
train: /workspace/SawitMVC-Depth-YOLO/train/images/TOPAZ_H13_0058_4.jpg: corrupt JPEG restored and saved
train: /workspace/SawitMVC-Depth-YOLO/train/images/TOPAZ_H13_0060_1.jpg: corrupt JPEG restored and saved
train: /workspace/SawitMVC-Depth-YOLO/train/images/TOPAZ_H13_0060_2.jpg: corrupt JPEG restored and saved
train: /workspace/SawitMVC-Depth-YOLO/train/images/TOPAZ_H13_0060_3.jpg: corrupt JPEG restored and saved
train: /workspace/SawitMVC-Depth-YOLO/train/images/TOPAZ_H13_0060_4.jpg: corrupt JPEG restored and saved
train: /workspace/SawitMVC-Depth-YOLO/train/images/TOPAZ_H13_0061_1.jpg: corrupt JPEG restored and saved
train: /workspace/SawitMVC-Depth-YOLO/train/images/TOPAZ_H13_0061_2.jpg: corrupt JPEG restored and saved
train: /workspace/SawitMVC-Depth-YOLO/train/images/TOPAZ_H13_0061_3.jpg: corrupt JPEG restored and saved
train: /workspace/SawitMVC-Depth-YOLO/train/images/TOPAZ_H13_0061_4.jpg: corrupt JPEG restored and saved
train: /workspace/SawitMVC-Depth-YOLO/train/images/TOPAZ_H13_0064_1.jpg: corrupt JPEG restored and saved
train: /workspace/SawitMVC-Depth-YOLO/train/images/TOPAZ_H13_0064_2.jpg: corrupt JPEG restored and saved
train: /workspace/SawitMVC-Depth-YOLO/train/images/TOPAZ_H13_0064_3.jpg: corrupt JPEG restored and saved
train: /workspace/SawitMVC-Depth-YOLO/train/images/TOPAZ_H13_0064_4.jpg: corrupt JPEG restored and saved
train: /workspace/SawitMVC-Depth-YOLO/train/images/TOPAZ_H13_0066_1.jpg: corrupt JPEG restored and saved
train: /workspace/SawitMVC-Depth-YOLO/train/images/TOPAZ_H13_0066_2.jpg: corrupt JPEG restored and saved
train: /workspace/SawitMVC-Depth-YOLO/train/images/TOPAZ_H13_0066_3.jpg: corrupt JPEG restored and saved
train: /workspace/SawitMVC-Depth-YOLO/train/images/TOPAZ_H13_0066_4.jpg: corrupt JPEG restored and saved
train: /workspace/SawitMVC-Depth-YOLO/train/images/TOPAZ_H13_0067_1.jpg: corrupt JPEG restored and saved
train: /workspace/SawitMVC-Depth-YOLO/train/images/TOPAZ_H13_0067_2.jpg: corrupt JPEG restored and saved
train: /workspace/SawitMVC-Depth-YOLO/train/images/TOPAZ_H13_0067_3.jpg: corrupt JPEG restored and saved
train: /workspace/SawitMVC-Depth-YOLO/train/images/TOPAZ_H13_0067_4.jpg: corrupt JPEG restored and saved
train: /workspace/SawitMVC-Depth-YOLO/train/images/TOPAZ_H13_0068_1.jpg: corrupt JPEG restored and saved
train: /workspace/SawitMVC-Depth-YOLO/train/images/TOPAZ_H13_0068_2.jpg: corrupt JPEG restored and saved
train: /workspace/SawitMVC-Depth-YOLO/train/images/TOPAZ_H13_0068_3.jpg: corrupt JPEG restored and saved
train: /workspace/SawitMVC-Depth-YOLO/train/images/TOPAZ_H13_0068_4.jpg: corrupt JPEG restored and saved
train: /workspace/SawitMVC-Depth-YOLO/train/images/TOPAZ_H13_0069_1.jpg: corrupt JPEG restored and saved
train: /workspace/SawitMVC-Depth-YOLO/train/images/TOPAZ_H13_0069_2.jpg: corrupt JPEG restored and saved
train: /workspace/SawitMVC-Depth-YOLO/train/images/TOPAZ_H13_0069_3.jpg: corrupt JPEG restored and saved
train: /workspace/SawitMVC-Depth-YOLO/train/images/TOPAZ_H13_0069_4.jpg: corrupt JPEG restored and saved
train: /workspace/SawitMVC-Depth-YOLO/train/images/TOPAZ_H13_0070_1.jpg: corrupt JPEG restored and saved
train: /workspace/SawitMVC-Depth-YOLO/train/images/TOPAZ_H13_0070_2.jpg: corrupt JPEG restored and saved
train: /workspace/SawitMVC-Depth-YOLO/train/images/TOPAZ_H13_0070_3.jpg: corrupt JPEG restored and saved
train: /workspace/SawitMVC-Depth-YOLO/train/images/TOPAZ_H13_0070_4.jpg: corrupt JPEG restored and saved
train: /workspace/SawitMVC-Depth-YOLO/train/images/TOPAZ_H13_0071_1.jpg: corrupt JPEG restored and saved
train: /workspace/SawitMVC-Depth-YOLO/train/images/TOPAZ_H13_0071_2.jpg: corrupt JPEG restored and saved
train: /workspace/SawitMVC-Depth-YOLO/train/images/TOPAZ_H13_0071_3.jpg: corrupt JPEG restored and saved
train: /workspace/SawitMVC-Depth-YOLO/train/images/TOPAZ_H13_0071_4.jpg: corrupt JPEG restored and saved
train: /workspace/SawitMVC-Depth-YOLO/train/images/TOPAZ_H13_0072_1.jpg: corrupt JPEG restored and saved
train: /workspace/SawitMVC-Depth-YOLO/train/images/TOPAZ_H13_0072_2.jpg: corrupt JPEG restored and saved
train: /workspace/SawitMVC-Depth-YOLO/train/images/TOPAZ_H13_0072_3.jpg: corrupt JPEG restored and saved
train: /workspace/SawitMVC-Depth-YOLO/train/images/TOPAZ_H13_0072_4.jpg: corrupt JPEG restored and saved
train: /workspace/SawitMVC-Depth-YOLO/train/images/TOPAZ_H13_0073_1.jpg: corrupt JPEG restored and saved
train: /workspace/SawitMVC-Depth-YOLO/train/images/TOPAZ_H13_0073_2.jpg: corrupt JPEG restored and saved
train: /workspace/SawitMVC-Depth-YOLO/train/images/TOPAZ_H13_0073_3.jpg: corrupt JPEG restored and saved
train: /workspace/SawitMVC-Depth-YOLO/train/images/TOPAZ_H13_0073_4.jpg: corrupt JPEG restored and saved
train: /workspace/SawitMVC-Depth-YOLO/train/images/TOPAZ_H13_0074_1.jpg: corrupt JPEG restored and saved
train: /workspace/SawitMVC-Depth-YOLO/train/images/TOPAZ_H13_0074_2.jpg: corrupt JPEG restored and saved
train: /workspace/SawitMVC-Depth-YOLO/train/images/TOPAZ_H13_0074_3.jpg: corrupt JPEG restored and saved
train: /workspace/SawitMVC-Depth-YOLO/train/images/TOPAZ_H13_0074_4.jpg: corrupt JPEG restored and saved
train: /workspace/SawitMVC-Depth-YOLO/train/images/TOPAZ_H13_0075_1.jpg: corrupt JPEG restored and saved
train: /workspace/SawitMVC-Depth-YOLO/train/images/TOPAZ_H13_0075_2.jpg: corrupt JPEG restored and saved
train: /workspace/SawitMVC-Depth-YOLO/train/images/TOPAZ_H13_0075_3.jpg: corrupt JPEG restored and saved
train: /workspace/SawitMVC-Depth-YOLO/train/images/TOPAZ_H13_0075_4.jpg: corrupt JPEG restored and saved
train: /workspace/SawitMVC-Depth-YOLO/train/images/TOPAZ_H13_0076_1.jpg: corrupt JPEG restored and saved
train: /workspace/SawitMVC-Depth-YOLO/train/images/TOPAZ_H13_0076_2.jpg: corrupt JPEG restored and saved
train: /workspace/SawitMVC-Depth-YOLO/train/images/TOPAZ_H13_0076_3.jpg: corrupt JPEG restored and saved
train: /workspace/SawitMVC-Depth-YOLO/train/images/TOPAZ_H13_0076_4.jpg: corrupt JPEG restored and saved
train: /workspace/SawitMVC-Depth-YOLO/train/images/TOPAZ_H13_0077_1.jpg: corrupt JPEG restored and saved
train: /workspace/SawitMVC-Depth-YOLO/train/images/TOPAZ_H13_0077_2.jpg: corrupt JPEG restored and saved
train: /workspace/SawitMVC-Depth-YOLO/train/images/TOPAZ_H13_0077_3.jpg: corrupt JPEG restored and saved
train: /workspace/SawitMVC-Depth-YOLO/train/images/TOPAZ_H13_0077_4.jpg: corrupt JPEG restored and saved
train: /workspace/SawitMVC-Depth-YOLO/train/images/TOPAZ_H13_0078_1.jpg: corrupt JPEG restored and saved
train: /workspace/SawitMVC-Depth-YOLO/train/images/TOPAZ_H13_0078_2.jpg: corrupt JPEG restored and saved
train: /workspace/SawitMVC-Depth-YOLO/train/images/TOPAZ_H13_0078_3.jpg: corrupt JPEG restored and saved
train: /workspace/SawitMVC-Depth-YOLO/train/images/TOPAZ_H13_0078_4.jpg: corrupt JPEG restored and saved
train: /workspace/SawitMVC-Depth-YOLO/train/images/TOPAZ_H13_0079_1.jpg: corrupt JPEG restored and saved
train: /workspace/SawitMVC-Depth-YOLO/train/images/TOPAZ_H13_0079_2.jpg: corrupt JPEG restored and saved
train: /workspace/SawitMVC-Depth-YOLO/train/images/TOPAZ_H13_0079_3.jpg: corrupt JPEG restored and saved
train: /workspace/SawitMVC-Depth-YOLO/train/images/TOPAZ_H13_0079_4.jpg: corrupt JPEG restored and saved
train: /workspace/SawitMVC-Depth-YOLO/train/images/TOPAZ_H13_0080_1.jpg: corrupt JPEG restored and saved
train: /workspace/SawitMVC-Depth-YOLO/train/images/TOPAZ_H13_0080_2.jpg: corrupt JPEG restored and saved
train: /workspace/SawitMVC-Depth-YOLO/train/images/TOPAZ_H13_0080_3.jpg: corrupt JPEG restored and saved
train: /workspace/SawitMVC-Depth-YOLO/train/images/TOPAZ_H13_0080_4.jpg: corrupt JPEG restored and saved
train: /workspace/SawitMVC-Depth-YOLO/train/images/TOPAZ_H13_0083_1.jpg: corrupt JPEG restored and saved
train: /workspace/SawitMVC-Depth-YOLO/train/images/TOPAZ_H13_0083_2.jpg: corrupt JPEG restored and saved
train: /workspace/SawitMVC-Depth-YOLO/train/images/TOPAZ_H13_0083_3.jpg: corrupt JPEG restored and saved
train: /workspace/SawitMVC-Depth-YOLO/train/images/TOPAZ_H13_0083_4.jpg: corrupt JPEG restored and saved
train: /workspace/SawitMVC-Depth-YOLO/train/images/TOPAZ_H13_0084_1.jpg: corrupt JPEG restored and saved
train: /workspace/SawitMVC-Depth-YOLO/train/images/TOPAZ_H13_0084_2.jpg: corrupt JPEG restored and saved
train: /workspace/SawitMVC-Depth-YOLO/train/images/TOPAZ_H13_0084_3.jpg: corrupt JPEG restored and saved
train: /workspace/SawitMVC-Depth-YOLO/train/images/TOPAZ_H13_0084_4.jpg: corrupt JPEG restored and saved
train: /workspace/SawitMVC-Depth-YOLO/train/images/TOPAZ_H13_0085_1.jpg: corrupt JPEG restored and saved
train: /workspace/SawitMVC-Depth-YOLO/train/images/TOPAZ_H13_0085_2.jpg: corrupt JPEG restored and saved
train: /workspace/SawitMVC-Depth-YOLO/train/images/TOPAZ_H13_0085_3.jpg: corrupt JPEG restored and saved
train: /workspace/SawitMVC-Depth-YOLO/train/images/TOPAZ_H13_0085_4.jpg: corrupt JPEG restored and saved
train: /workspace/SawitMVC-Depth-YOLO/train/images/TOPAZ_H13_0086_1.jpg: corrupt JPEG restored and saved
train: /workspace/SawitMVC-Depth-YOLO/train/images/TOPAZ_H13_0086_2.jpg: corrupt JPEG restored and saved
train: /workspace/SawitMVC-Depth-YOLO/train/images/TOPAZ_H13_0086_3.jpg: corrupt JPEG restored and saved
train: /workspace/SawitMVC-Depth-YOLO/train/images/TOPAZ_H13_0086_4.jpg: corrupt JPEG restored and saved
train: /workspace/SawitMVC-Depth-YOLO/train/images/TOPAZ_H13_0088_1.jpg: corrupt JPEG restored and saved
train: /workspace/SawitMVC-Depth-YOLO/train/images/TOPAZ_H13_0088_2.jpg: corrupt JPEG restored and saved
train: /workspace/SawitMVC-Depth-YOLO/train/images/TOPAZ_H13_0088_3.jpg: corrupt JPEG restored and saved
train: /workspace/SawitMVC-Depth-YOLO/train/images/TOPAZ_H13_0088_4.jpg: corrupt JPEG restored and saved
train: /workspace/SawitMVC-Depth-YOLO/train/images/TOPAZ_H13_0090_1.jpg: corrupt JPEG restored and saved
train: /workspace/SawitMVC-Depth-YOLO/train/images/TOPAZ_H13_0090_2.jpg: corrupt JPEG restored and saved
train: /workspace/SawitMVC-Depth-YOLO/train/images/TOPAZ_H13_0090_3.jpg: corrupt JPEG restored and saved
train: /workspace/SawitMVC-Depth-YOLO/train/images/TOPAZ_H13_0090_4.jpg: corrupt JPEG restored and saved
train: /workspace/SawitMVC-Depth-YOLO/train/images/TOPAZ_H13_0091_1.jpg: corrupt JPEG restored and saved
train: /workspace/SawitMVC-Depth-YOLO/train/images/TOPAZ_H13_0091_2.jpg: corrupt JPEG restored and saved
train: /workspace/SawitMVC-Depth-YOLO/train/images/TOPAZ_H13_0091_3.jpg: corrupt JPEG restored and saved
train: /workspace/SawitMVC-Depth-YOLO/train/images/TOPAZ_H13_0091_4.jpg: corrupt JPEG restored and saved
train: /workspace/SawitMVC-Depth-YOLO/train/images/TOPAZ_H13_0092_1.jpg: corrupt JPEG restored and saved
train: /workspace/SawitMVC-Depth-YOLO/train/images/TOPAZ_H13_0092_2.jpg: corrupt JPEG restored and saved
train: /workspace/SawitMVC-Depth-YOLO/train/images/TOPAZ_H13_0092_3.jpg: corrupt JPEG restored and saved
train: /workspace/SawitMVC-Depth-YOLO/train/images/TOPAZ_H13_0092_4.jpg: corrupt JPEG restored and saved
train: /workspace/SawitMVC-Depth-YOLO/train/images/TOPAZ_H13_0093_1.jpg: corrupt JPEG restored and saved
train: /workspace/SawitMVC-Depth-YOLO/train/images/TOPAZ_H13_0093_2.jpg: corrupt JPEG restored and saved
train: /workspace/SawitMVC-Depth-YOLO/train/images/TOPAZ_H13_0093_3.jpg: corrupt JPEG restored and saved
train: /workspace/SawitMVC-Depth-YOLO/train/images/TOPAZ_H13_0093_4.jpg: corrupt JPEG restored and saved
train: /workspace/SawitMVC-Depth-YOLO/train/images/TOPAZ_H13_0095_1.jpg: corrupt JPEG restored and saved
train: /workspace/SawitMVC-Depth-YOLO/train/images/TOPAZ_H13_0095_2.jpg: corrupt JPEG restored and saved
train: /workspace/SawitMVC-Depth-YOLO/train/images/TOPAZ_H13_0095_3.jpg: corrupt JPEG restored and saved
train: /workspace/SawitMVC-Depth-YOLO/train/images/TOPAZ_H13_0095_4.jpg: corrupt JPEG restored and saved
train: /workspace/SawitMVC-Depth-YOLO/train/images/TOPAZ_H13_0096_1.jpg: corrupt JPEG restored and saved
train: /workspace/SawitMVC-Depth-YOLO/train/images/TOPAZ_H13_0096_2.jpg: corrupt JPEG restored and saved
train: /workspace/SawitMVC-Depth-YOLO/train/images/TOPAZ_H13_0096_3.jpg: corrupt JPEG restored and saved
train: /workspace/SawitMVC-Depth-YOLO/train/images/TOPAZ_H13_0096_4.jpg: corrupt JPEG restored and saved
train: /workspace/SawitMVC-Depth-YOLO/train/images/TOPAZ_H13_0097_1.jpg: corrupt JPEG restored and saved
train: /workspace/SawitMVC-Depth-YOLO/train/images/TOPAZ_H13_0097_2.jpg: corrupt JPEG restored and saved
train: /workspace/SawitMVC-Depth-YOLO/train/images/TOPAZ_H13_0097_3.jpg: corrupt JPEG restored and saved
train: /workspace/SawitMVC-Depth-YOLO/train/images/TOPAZ_H13_0097_4.jpg: corrupt JPEG restored and saved
train: /workspace/SawitMVC-Depth-YOLO/train/images/TOPAZ_H13_0100_1.jpg: corrupt JPEG restored and saved
train: /workspace/SawitMVC-Depth-YOLO/train/images/TOPAZ_H13_0100_2.jpg: corrupt JPEG restored and saved
train: /workspace/SawitMVC-Depth-YOLO/train/images/TOPAZ_H13_0100_3.jpg: corrupt JPEG restored and saved
train: /workspace/SawitMVC-Depth-YOLO/train/images/TOPAZ_H13_0100_4.jpg: corrupt JPEG restored and saved
train: /workspace/SawitMVC-Depth-YOLO/train/images/TOPAZ_I141_0001_1.jpg: corrupt JPEG restored and saved
train: /workspace/SawitMVC-Depth-YOLO/train/images/TOPAZ_I141_0001_2.jpg: corrupt JPEG restored and saved
train: /workspace/SawitMVC-Depth-YOLO/train/images/TOPAZ_I141_0001_3.jpg: corrupt JPEG restored and saved
train: /workspace/SawitMVC-Depth-YOLO/train/images/TOPAZ_I141_0001_4.jpg: corrupt JPEG restored and saved
train: /workspace/SawitMVC-Depth-YOLO/train/images/TOPAZ_I141_0002_1.jpg: corrupt JPEG restored and saved
train: /workspace/SawitMVC-Depth-YOLO/train/images/TOPAZ_I141_0002_2.jpg: corrupt JPEG restored and saved
train: /workspace/SawitMVC-Depth-YOLO/train/images/TOPAZ_I141_0002_3.jpg: corrupt JPEG restored and saved
train: /workspace/SawitMVC-Depth-YOLO/train/images/TOPAZ_I141_0002_4.jpg: corrupt JPEG restored and saved
train: /workspace/SawitMVC-Depth-YOLO/train/images/TOPAZ_I141_0003_1.jpg: corrupt JPEG restored and saved
train: /workspace/SawitMVC-Depth-YOLO/train/images/TOPAZ_I141_0003_2.jpg: corrupt JPEG restored and saved
train: /workspace/SawitMVC-Depth-YOLO/train/images/TOPAZ_I141_0003_3.jpg: corrupt JPEG restored and saved
train: /workspace/SawitMVC-Depth-YOLO/train/images/TOPAZ_I141_0003_4.jpg: corrupt JPEG restored and saved
train: /workspace/SawitMVC-Depth-YOLO/train/images/TOPAZ_I141_0005_1.jpg: corrupt JPEG restored and saved
train: /workspace/SawitMVC-Depth-YOLO/train/images/TOPAZ_I141_0005_2.jpg: corrupt JPEG restored and saved
train: /workspace/SawitMVC-Depth-YOLO/train/images/TOPAZ_I141_0005_3.jpg: corrupt JPEG restored and saved
train: /workspace/SawitMVC-Depth-YOLO/train/images/TOPAZ_I141_0005_4.jpg: corrupt JPEG restored and saved
train: /workspace/SawitMVC-Depth-YOLO/train/images/TOPAZ_I141_0006_1.jpg: corrupt JPEG restored and saved
train: /workspace/SawitMVC-Depth-YOLO/train/images/TOPAZ_I141_0006_2.jpg: corrupt JPEG restored and saved
train: /workspace/SawitMVC-Depth-YOLO/train/images/TOPAZ_I141_0006_3.jpg: corrupt JPEG restored and saved
train: /workspace/SawitMVC-Depth-YOLO/train/images/TOPAZ_I141_0006_4.jpg: corrupt JPEG restored and saved
train: /workspace/SawitMVC-Depth-YOLO/train/images/TOPAZ_I141_0007_1.jpg: corrupt JPEG restored and saved
train: /workspace/SawitMVC-Depth-YOLO/train/images/TOPAZ_I141_0007_2.jpg: corrupt JPEG restored and saved
train: /workspace/SawitMVC-Depth-YOLO/train/images/TOPAZ_I141_0007_3.jpg: corrupt JPEG restored and saved
train: /workspace/SawitMVC-Depth-YOLO/train/images/TOPAZ_I141_0007_4.jpg: corrupt JPEG restored and saved
train: /workspace/SawitMVC-Depth-YOLO/train/images/TOPAZ_I141_0008_1.jpg: corrupt JPEG restored and saved
train: /workspace/SawitMVC-Depth-YOLO/train/images/TOPAZ_I141_0008_2.jpg: corrupt JPEG restored and saved
train: /workspace/SawitMVC-Depth-YOLO/train/images/TOPAZ_I141_0008_3.jpg: corrupt JPEG restored and saved
train: /workspace/SawitMVC-Depth-YOLO/train/images/TOPAZ_I141_0008_4.jpg: corrupt JPEG restored and saved
train: /workspace/SawitMVC-Depth-YOLO/train/images/TOPAZ_I141_0009_1.jpg: corrupt JPEG restored and saved
train: /workspace/SawitMVC-Depth-YOLO/train/images/TOPAZ_I141_0009_2.jpg: corrupt JPEG restored and saved
train: /workspace/SawitMVC-Depth-YOLO/train/images/TOPAZ_I141_0009_3.jpg: corrupt JPEG restored and saved
train: /workspace/SawitMVC-Depth-YOLO/train/images/TOPAZ_I141_0009_4.jpg: corrupt JPEG restored and saved
train: /workspace/SawitMVC-Depth-YOLO/train/images/TOPAZ_I141_0010_1.jpg: corrupt JPEG restored and saved
train: /workspace/SawitMVC-Depth-YOLO/train/images/TOPAZ_I141_0010_2.jpg: corrupt JPEG restored and saved
train: /workspace/SawitMVC-Depth-YOLO/train/images/TOPAZ_I141_0010_3.jpg: corrupt JPEG restored and saved
train: /workspace/SawitMVC-Depth-YOLO/train/images/TOPAZ_I141_0010_4.jpg: corrupt JPEG restored and saved
train: /workspace/SawitMVC-Depth-YOLO/train/images/TOPAZ_I141_0012_1.jpg: corrupt JPEG restored and saved
train: /workspace/SawitMVC-Depth-YOLO/train/images/TOPAZ_I141_0012_2.jpg: corrupt JPEG restored and saved
train: /workspace/SawitMVC-Depth-YOLO/train/images/TOPAZ_I141_0012_3.jpg: corrupt JPEG restored and saved
train: /workspace/SawitMVC-Depth-YOLO/train/images/TOPAZ_I141_0012_4.jpg: corrupt JPEG restored and saved
train: /workspace/SawitMVC-Depth-YOLO/train/images/TOPAZ_I141_0017_1.jpg: corrupt JPEG restored and saved
train: /workspace/SawitMVC-Depth-YOLO/train/images/TOPAZ_I141_0017_2.jpg: corrupt JPEG restored and saved
train: /workspace/SawitMVC-Depth-YOLO/train/images/TOPAZ_I141_0017_3.jpg: corrupt JPEG restored and saved
train: /workspace/SawitMVC-Depth-YOLO/train/images/TOPAZ_I141_0017_4.jpg: corrupt JPEG restored and saved
train: /workspace/SawitMVC-Depth-YOLO/train/images/TOPAZ_I141_0018_1.jpg: corrupt JPEG restored and saved
train: /workspace/SawitMVC-Depth-YOLO/train/images/TOPAZ_I141_0018_2.jpg: corrupt JPEG restored and saved
train: /workspace/SawitMVC-Depth-YOLO/train/images/TOPAZ_I141_0018_3.jpg: corrupt JPEG restored and saved
train: /workspace/SawitMVC-Depth-YOLO/train/images/TOPAZ_I141_0018_4.jpg: corrupt JPEG restored and saved
train: /workspace/SawitMVC-Depth-YOLO/train/images/TOPAZ_I141_0021_1.jpg: corrupt JPEG restored and saved
train: /workspace/SawitMVC-Depth-YOLO/train/images/TOPAZ_I141_0021_2.jpg: corrupt JPEG restored and saved
train: /workspace/SawitMVC-Depth-YOLO/train/images/TOPAZ_I141_0021_3.jpg: corrupt JPEG restored and saved
train: /workspace/SawitMVC-Depth-YOLO/train/images/TOPAZ_I141_0021_4.jpg: corrupt JPEG restored and saved
train: /workspace/SawitMVC-Depth-YOLO/train/images/TOPAZ_I141_0022_1.jpg: corrupt JPEG restored and saved
train: /workspace/SawitMVC-Depth-YOLO/train/images/TOPAZ_I141_0022_2.jpg: corrupt JPEG restored and saved
train: /workspace/SawitMVC-Depth-YOLO/train/images/TOPAZ_I141_0022_3.jpg: corrupt JPEG restored and saved
train: /workspace/SawitMVC-Depth-YOLO/train/images/TOPAZ_I141_0022_4.jpg: corrupt JPEG restored and saved
train: /workspace/SawitMVC-Depth-YOLO/train/images/TOPAZ_I141_0023_1.jpg: corrupt JPEG restored and saved
train: /workspace/SawitMVC-Depth-YOLO/train/images/TOPAZ_I141_0023_2.jpg: corrupt JPEG restored and saved
train: /workspace/SawitMVC-Depth-YOLO/train/images/TOPAZ_I141_0023_3.jpg: corrupt JPEG restored and saved
train: /workspace/SawitMVC-Depth-YOLO/train/images/TOPAZ_I141_0023_4.jpg: corrupt JPEG restored and saved
train: /workspace/SawitMVC-Depth-YOLO/train/images/TOPAZ_I141_0025_1.jpg: corrupt JPEG restored and saved
train: /workspace/SawitMVC-Depth-YOLO/train/images/TOPAZ_I141_0025_2.jpg: corrupt JPEG restored and saved
train: /workspace/SawitMVC-Depth-YOLO/train/images/TOPAZ_I141_0025_3.jpg: corrupt JPEG restored and saved
train: /workspace/SawitMVC-Depth-YOLO/train/images/TOPAZ_I141_0025_4.jpg: corrupt JPEG restored and saved
train: /workspace/SawitMVC-Depth-YOLO/train/images/TOPAZ_I141_0027_1.jpg: corrupt JPEG restored and saved
train: /workspace/SawitMVC-Depth-YOLO/train/images/TOPAZ_I141_0027_2.jpg: corrupt JPEG restored and saved
train: /workspace/SawitMVC-Depth-YOLO/train/images/TOPAZ_I141_0027_3.jpg: corrupt JPEG restored and saved
train: /workspace/SawitMVC-Depth-YOLO/train/images/TOPAZ_I141_0027_4.jpg: corrupt JPEG restored and saved
train: /workspace/SawitMVC-Depth-YOLO/train/images/TOPAZ_I141_0028_1.jpg: corrupt JPEG restored and saved
train: /workspace/SawitMVC-Depth-YOLO/train/images/TOPAZ_I141_0028_2.jpg: corrupt JPEG restored and saved
train: /workspace/SawitMVC-Depth-YOLO/train/images/TOPAZ_I141_0028_3.jpg: corrupt JPEG restored and saved
train: /workspace/SawitMVC-Depth-YOLO/train/images/TOPAZ_I141_0028_4.jpg: corrupt JPEG restored and saved
train: /workspace/SawitMVC-Depth-YOLO/train/images/TOPAZ_I141_0029_1.jpg: corrupt JPEG restored and saved
train: /workspace/SawitMVC-Depth-YOLO/train/images/TOPAZ_I141_0029_2.jpg: corrupt JPEG restored and saved
train: /workspace/SawitMVC-Depth-YOLO/train/images/TOPAZ_I141_0029_3.jpg: corrupt JPEG restored and saved
train: /workspace/SawitMVC-Depth-YOLO/train/images/TOPAZ_I141_0029_4.jpg: corrupt JPEG restored and saved
train: /workspace/SawitMVC-Depth-YOLO/train/images/TOPAZ_I141_0031_1.jpg: corrupt JPEG restored and saved
train: /workspace/SawitMVC-Depth-YOLO/train/images/TOPAZ_I141_0031_2.jpg: corrupt JPEG restored and saved
train: /workspace/SawitMVC-Depth-YOLO/train/images/TOPAZ_I141_0031_3.jpg: corrupt JPEG restored and saved
train: /workspace/SawitMVC-Depth-YOLO/train/images/TOPAZ_I141_0031_4.jpg: corrupt JPEG restored and saved
train: /workspace/SawitMVC-Depth-YOLO/train/images/TOPAZ_I141_0033_1.jpg: corrupt JPEG restored and saved
train: /workspace/SawitMVC-Depth-YOLO/train/images/TOPAZ_I141_0033_2.jpg: corrupt JPEG restored and saved
train: /workspace/SawitMVC-Depth-YOLO/train/images/TOPAZ_I141_0033_3.jpg: corrupt JPEG restored and saved
train: /workspace/SawitMVC-Depth-YOLO/train/images/TOPAZ_I141_0033_4.jpg: corrupt JPEG restored and saved
train: /workspace/SawitMVC-Depth-YOLO/train/images/TOPAZ_I141_0034_1.jpg: corrupt JPEG restored and saved
train: /workspace/SawitMVC-Depth-YOLO/train/images/TOPAZ_I141_0034_2.jpg: corrupt JPEG restored and saved
train: /workspace/SawitMVC-Depth-YOLO/train/images/TOPAZ_I141_0034_3.jpg: corrupt JPEG restored and saved
train: /workspace/SawitMVC-Depth-YOLO/train/images/TOPAZ_I141_0034_4.jpg: corrupt JPEG restored and saved
train: /workspace/SawitMVC-Depth-YOLO/train/images/TOPAZ_I141_0035_1.jpg: corrupt JPEG restored and saved
train: /workspace/SawitMVC-Depth-YOLO/train/images/TOPAZ_I141_0035_2.jpg: corrupt JPEG restored and saved
train: /workspace/SawitMVC-Depth-YOLO/train/images/TOPAZ_I141_0035_3.jpg: corrupt JPEG restored and saved
train: /workspace/SawitMVC-Depth-YOLO/train/images/TOPAZ_I141_0035_4.jpg: corrupt JPEG restored and saved
train: /workspace/SawitMVC-Depth-YOLO/train/images/TOPAZ_I141_0036_1.jpg: corrupt JPEG restored and saved
train: /workspace/SawitMVC-Depth-YOLO/train/images/TOPAZ_I141_0036_2.jpg: corrupt JPEG restored and saved
train: /workspace/SawitMVC-Depth-YOLO/train/images/TOPAZ_I141_0036_3.jpg: corrupt JPEG restored and saved
train: /workspace/SawitMVC-Depth-YOLO/train/images/TOPAZ_I141_0036_4.jpg: corrupt JPEG restored and saved
train: /workspace/SawitMVC-Depth-YOLO/train/images/TOPAZ_I141_0037_1.jpg: corrupt JPEG restored and saved
train: /workspace/SawitMVC-Depth-YOLO/train/images/TOPAZ_I141_0037_2.jpg: corrupt JPEG restored and saved
train: /workspace/SawitMVC-Depth-YOLO/train/images/TOPAZ_I141_0037_3.jpg: corrupt JPEG restored and saved
train: /workspace/SawitMVC-Depth-YOLO/train/images/TOPAZ_I141_0037_4.jpg: corrupt JPEG restored and saved
train: /workspace/SawitMVC-Depth-YOLO/train/images/TOPAZ_I141_0038_1.jpg: corrupt JPEG restored and saved
train: /workspace/SawitMVC-Depth-YOLO/train/images/TOPAZ_I141_0038_2.jpg: corrupt JPEG restored and saved
train: /workspace/SawitMVC-Depth-YOLO/train/images/TOPAZ_I141_0038_3.jpg: corrupt JPEG restored and saved
train: /workspace/SawitMVC-Depth-YOLO/train/images/TOPAZ_I141_0038_4.jpg: corrupt JPEG restored and saved
train: /workspace/SawitMVC-Depth-YOLO/train/images/TOPAZ_I141_0040_1.jpg: corrupt JPEG restored and saved
train: /workspace/SawitMVC-Depth-YOLO/train/images/TOPAZ_I141_0040_2.jpg: corrupt JPEG restored and saved
train: /workspace/SawitMVC-Depth-YOLO/train/images/TOPAZ_I141_0040_3.jpg: corrupt JPEG restored and saved
train: /workspace/SawitMVC-Depth-YOLO/train/images/TOPAZ_I141_0040_4.jpg: corrupt JPEG restored and saved
train: /workspace/SawitMVC-Depth-YOLO/train/images/TOPAZ_I141_0041_1.jpg: corrupt JPEG restored and saved
train: /workspace/SawitMVC-Depth-YOLO/train/images/TOPAZ_I141_0041_2.jpg: corrupt JPEG restored and saved
train: /workspace/SawitMVC-Depth-YOLO/train/images/TOPAZ_I141_0041_3.jpg: corrupt JPEG restored and saved
train: /workspace/SawitMVC-Depth-YOLO/train/images/TOPAZ_I141_0041_4.jpg: corrupt JPEG restored and saved
train: /workspace/SawitMVC-Depth-YOLO/train/images/TOPAZ_I141_0042_1.jpg: corrupt JPEG restored and saved
train: /workspace/SawitMVC-Depth-YOLO/train/images/TOPAZ_I141_0042_2.jpg: corrupt JPEG restored and saved
train: /workspace/SawitMVC-Depth-YOLO/train/images/TOPAZ_I141_0042_3.jpg: corrupt JPEG restored and saved
train: /workspace/SawitMVC-Depth-YOLO/train/images/TOPAZ_I141_0042_4.jpg: corrupt JPEG restored and saved
train: /workspace/SawitMVC-Depth-YOLO/train/images/TOPAZ_I141_0043_1.jpg: corrupt JPEG restored and saved
train: /workspace/SawitMVC-Depth-YOLO/train/images/TOPAZ_I141_0043_2.jpg: corrupt JPEG restored and saved
train: /workspace/SawitMVC-Depth-YOLO/train/images/TOPAZ_I141_0043_3.jpg: corrupt JPEG restored and saved
train: /workspace/SawitMVC-Depth-YOLO/train/images/TOPAZ_I141_0043_4.jpg: corrupt JPEG restored and saved
train: /workspace/SawitMVC-Depth-YOLO/train/images/TOPAZ_I141_0044_1.jpg: corrupt JPEG restored and saved
train: /workspace/SawitMVC-Depth-YOLO/train/images/TOPAZ_I141_0044_2.jpg: corrupt JPEG restored and saved
train: /workspace/SawitMVC-Depth-YOLO/train/images/TOPAZ_I141_0044_3.jpg: corrupt JPEG restored and saved
train: /workspace/SawitMVC-Depth-YOLO/train/images/TOPAZ_I141_0044_4.jpg: corrupt JPEG restored and saved
train: /workspace/SawitMVC-Depth-YOLO/train/images/TOPAZ_I141_0045_1.jpg: corrupt JPEG restored and saved
train: /workspace/SawitMVC-Depth-YOLO/train/images/TOPAZ_I141_0045_2.jpg: corrupt JPEG restored and saved
train: /workspace/SawitMVC-Depth-YOLO/train/images/TOPAZ_I141_0045_3.jpg: corrupt JPEG restored and saved
train: /workspace/SawitMVC-Depth-YOLO/train/images/TOPAZ_I141_0045_4.jpg: corrupt JPEG restored and saved
train: /workspace/SawitMVC-Depth-YOLO/train/images/TOPAZ_I141_0049_1.jpg: corrupt JPEG restored and saved
train: /workspace/SawitMVC-Depth-YOLO/train/images/TOPAZ_I141_0049_2.jpg: corrupt JPEG restored and saved
train: /workspace/SawitMVC-Depth-YOLO/train/images/TOPAZ_I141_0049_3.jpg: corrupt JPEG restored and saved
train: /workspace/SawitMVC-Depth-YOLO/train/images/TOPAZ_I141_0049_4.jpg: corrupt JPEG restored and saved
train: /workspace/SawitMVC-Depth-YOLO/train/images/TOPAZ_I141_0050_1.jpg: corrupt JPEG restored and saved
train: /workspace/SawitMVC-Depth-YOLO/train/images/TOPAZ_I141_0050_2.jpg: corrupt JPEG restored and saved
train: /workspace/SawitMVC-Depth-YOLO/train/images/TOPAZ_I141_0050_3.jpg: corrupt JPEG restored and saved
train: /workspace/SawitMVC-Depth-YOLO/train/images/TOPAZ_I141_0050_4.jpg: corrupt JPEG restored and saved
train: /workspace/SawitMVC-Depth-YOLO/train/images/TOPAZ_I141_0051_1.jpg: corrupt JPEG restored and saved
train: /workspace/SawitMVC-Depth-YOLO/train/images/TOPAZ_I141_0051_2.jpg: corrupt JPEG restored and saved
train: /workspace/SawitMVC-Depth-YOLO/train/images/TOPAZ_I141_0051_3.jpg: corrupt JPEG restored and saved
train: /workspace/SawitMVC-Depth-YOLO/train/images/TOPAZ_I141_0051_4.jpg: corrupt JPEG restored and saved
train: /workspace/SawitMVC-Depth-YOLO/train/images/TOPAZ_I141_0052_1.jpg: corrupt JPEG restored and saved
train: /workspace/SawitMVC-Depth-YOLO/train/images/TOPAZ_I141_0052_2.jpg: corrupt JPEG restored and saved
train: /workspace/SawitMVC-Depth-YOLO/train/images/TOPAZ_I141_0052_3.jpg: corrupt JPEG restored and saved
train: /workspace/SawitMVC-Depth-YOLO/train/images/TOPAZ_I141_0052_4.jpg: corrupt JPEG restored and saved
train: /workspace/SawitMVC-Depth-YOLO/train/images/TOPAZ_I141_0053_1.jpg: corrupt JPEG restored and saved
train: /workspace/SawitMVC-Depth-YOLO/train/images/TOPAZ_I141_0053_2.jpg: corrupt JPEG restored and saved
train: /workspace/SawitMVC-Depth-YOLO/train/images/TOPAZ_I141_0053_3.jpg: corrupt JPEG restored and saved
train: /workspace/SawitMVC-Depth-YOLO/train/images/TOPAZ_I141_0053_4.jpg: corrupt JPEG restored and saved
train: /workspace/SawitMVC-Depth-YOLO/train/images/TOPAZ_I141_0054_1.jpg: corrupt JPEG restored and saved
train: /workspace/SawitMVC-Depth-YOLO/train/images/TOPAZ_I141_0054_2.jpg: corrupt JPEG restored and saved
train: /workspace/SawitMVC-Depth-YOLO/train/images/TOPAZ_I141_0054_3.jpg: corrupt JPEG restored and saved
train: /workspace/SawitMVC-Depth-YOLO/train/images/TOPAZ_I141_0054_4.jpg: corrupt JPEG restored and saved
train: /workspace/SawitMVC-Depth-YOLO/train/images/TOPAZ_I141_0055_1.jpg: corrupt JPEG restored and saved
train: /workspace/SawitMVC-Depth-YOLO/train/images/TOPAZ_I141_0055_2.jpg: corrupt JPEG restored and saved
train: /workspace/SawitMVC-Depth-YOLO/train/images/TOPAZ_I141_0055_3.jpg: corrupt JPEG restored and saved
train: /workspace/SawitMVC-Depth-YOLO/train/images/TOPAZ_I141_0055_4.jpg: corrupt JPEG restored and saved
train: /workspace/SawitMVC-Depth-YOLO/train/images/TOPAZ_I141_0056_1.jpg: corrupt JPEG restored and saved
train: /workspace/SawitMVC-Depth-YOLO/train/images/TOPAZ_I141_0056_2.jpg: corrupt JPEG restored and saved
train: /workspace/SawitMVC-Depth-YOLO/train/images/TOPAZ_I141_0056_3.jpg: corrupt JPEG restored and saved
train: /workspace/SawitMVC-Depth-YOLO/train/images/TOPAZ_I141_0056_4.jpg: corrupt JPEG restored and saved
train: /workspace/SawitMVC-Depth-YOLO/train/images/TOPAZ_I141_0057_1.jpg: corrupt JPEG restored and saved
train: /workspace/SawitMVC-Depth-YOLO/train/images/TOPAZ_I141_0057_2.jpg: corrupt JPEG restored and saved
train: /workspace/SawitMVC-Depth-YOLO/train/images/TOPAZ_I141_0057_3.jpg: corrupt JPEG restored and saved
train: /workspace/SawitMVC-Depth-YOLO/train/images/TOPAZ_I141_0057_4.jpg: corrupt JPEG restored and saved
train: /workspace/SawitMVC-Depth-YOLO/train/images/TOPAZ_I141_0059_1.jpg: corrupt JPEG restored and saved
train: /workspace/SawitMVC-Depth-YOLO/train/images/TOPAZ_I141_0059_2.jpg: corrupt JPEG restored and saved
train: /workspace/SawitMVC-Depth-YOLO/train/images/TOPAZ_I141_0059_3.jpg: corrupt JPEG restored and saved
train: /workspace/SawitMVC-Depth-YOLO/train/images/TOPAZ_I141_0059_4.jpg: corrupt JPEG restored and saved
train: /workspace/SawitMVC-Depth-YOLO/train/images/TOPAZ_I141_0061_1.jpg: corrupt JPEG restored and saved
train: /workspace/SawitMVC-Depth-YOLO/train/images/TOPAZ_I141_0061_2.jpg: corrupt JPEG restored and saved
train: /workspace/SawitMVC-Depth-YOLO/train/images/TOPAZ_I141_0061_3.jpg: corrupt JPEG restored and saved
train: /workspace/SawitMVC-Depth-YOLO/train/images/TOPAZ_I141_0061_4.jpg: corrupt JPEG restored and saved
train: /workspace/SawitMVC-Depth-YOLO/train/images/TOPAZ_I141_0062_1.jpg: corrupt JPEG restored and saved
train: /workspace/SawitMVC-Depth-YOLO/train/images/TOPAZ_I141_0062_2.jpg: corrupt JPEG restored and saved
train: /workspace/SawitMVC-Depth-YOLO/train/images/TOPAZ_I141_0062_3.jpg: corrupt JPEG restored and saved
train: /workspace/SawitMVC-Depth-YOLO/train/images/TOPAZ_I141_0062_4.jpg: corrupt JPEG restored and saved
train: /workspace/SawitMVC-Depth-YOLO/train/images/TOPAZ_I141_0064_1.jpg: corrupt JPEG restored and saved
train: /workspace/SawitMVC-Depth-YOLO/train/images/TOPAZ_I141_0064_2.jpg: corrupt JPEG restored and saved
train: /workspace/SawitMVC-Depth-YOLO/train/images/TOPAZ_I141_0064_3.jpg: corrupt JPEG restored and saved
train: /workspace/SawitMVC-Depth-YOLO/train/images/TOPAZ_I141_0064_4.jpg: corrupt JPEG restored and saved
train: /workspace/SawitMVC-Depth-YOLO/train/images/TOPAZ_I141_0065_1.jpg: corrupt JPEG restored and saved
train: /workspace/SawitMVC-Depth-YOLO/train/images/TOPAZ_I141_0065_2.jpg: corrupt JPEG restored and saved
train: /workspace/SawitMVC-Depth-YOLO/train/images/TOPAZ_I141_0065_3.jpg: corrupt JPEG restored and saved
train: /workspace/SawitMVC-Depth-YOLO/train/images/TOPAZ_I141_0065_4.jpg: corrupt JPEG restored and saved
train: /workspace/SawitMVC-Depth-YOLO/train/images/TOPAZ_I141_0067_1.jpg: corrupt JPEG restored and saved
train: /workspace/SawitMVC-Depth-YOLO/train/images/TOPAZ_I141_0067_2.jpg: corrupt JPEG restored and saved
train: /workspace/SawitMVC-Depth-YOLO/train/images/TOPAZ_I141_0067_3.jpg: corrupt JPEG restored and saved
train: /workspace/SawitMVC-Depth-YOLO/train/images/TOPAZ_I141_0067_4.jpg: corrupt JPEG restored and saved
train: /workspace/SawitMVC-Depth-YOLO/train/images/TOPAZ_I141_0069_1.jpg: corrupt JPEG restored and saved
train: /workspace/SawitMVC-Depth-YOLO/train/images/TOPAZ_I141_0069_2.jpg: corrupt JPEG restored and saved
train: /workspace/SawitMVC-Depth-YOLO/train/images/TOPAZ_I141_0069_3.jpg: corrupt JPEG restored and saved
train: /workspace/SawitMVC-Depth-YOLO/train/images/TOPAZ_I141_0069_4.jpg: corrupt JPEG restored and saved
train: /workspace/SawitMVC-Depth-YOLO/train/images/TOPAZ_I141_0070_1.jpg: corrupt JPEG restored and saved
train: /workspace/SawitMVC-Depth-YOLO/train/images/TOPAZ_I141_0070_2.jpg: corrupt JPEG restored and saved
train: /workspace/SawitMVC-Depth-YOLO/train/images/TOPAZ_I141_0070_3.jpg: corrupt JPEG restored and saved
train: /workspace/SawitMVC-Depth-YOLO/train/images/TOPAZ_I141_0070_4.jpg: corrupt JPEG restored and saved
train: /workspace/SawitMVC-Depth-YOLO/train/images/TOPAZ_I141_0071_1.jpg: corrupt JPEG restored and saved
train: /workspace/SawitMVC-Depth-YOLO/train/images/TOPAZ_I141_0071_2.jpg: corrupt JPEG restored and saved
train: /workspace/SawitMVC-Depth-YOLO/train/images/TOPAZ_I141_0071_3.jpg: corrupt JPEG restored and saved
train: /workspace/SawitMVC-Depth-YOLO/train/images/TOPAZ_I141_0071_4.jpg: corrupt JPEG restored and saved
train: /workspace/SawitMVC-Depth-YOLO/train/images/TOPAZ_I141_0073_1.jpg: corrupt JPEG restored and saved
train: /workspace/SawitMVC-Depth-YOLO/train/images/TOPAZ_I141_0073_2.jpg: corrupt JPEG restored and saved
train: /workspace/SawitMVC-Depth-YOLO/train/images/TOPAZ_I141_0073_3.jpg: corrupt JPEG restored and saved
train: /workspace/SawitMVC-Depth-YOLO/train/images/TOPAZ_I141_0073_4.jpg: corrupt JPEG restored and saved
train: /workspace/SawitMVC-Depth-YOLO/train/images/TOPAZ_I141_0074_1.jpg: corrupt JPEG restored and saved
train: /workspace/SawitMVC-Depth-YOLO/train/images/TOPAZ_I141_0074_2.jpg: corrupt JPEG restored and saved
train: /workspace/SawitMVC-Depth-YOLO/train/images/TOPAZ_I141_0074_3.jpg: corrupt JPEG restored and saved
train: /workspace/SawitMVC-Depth-YOLO/train/images/TOPAZ_I141_0074_4.jpg: corrupt JPEG restored and saved
train: /workspace/SawitMVC-Depth-YOLO/train/images/TOPAZ_I141_0075_1.jpg: corrupt JPEG restored and saved
train: /workspace/SawitMVC-Depth-YOLO/train/images/TOPAZ_I141_0075_2.jpg: corrupt JPEG restored and saved
train: /workspace/SawitMVC-Depth-YOLO/train/images/TOPAZ_I141_0075_3.jpg: corrupt JPEG restored and saved
train: /workspace/SawitMVC-Depth-YOLO/train/images/TOPAZ_I141_0075_4.jpg: corrupt JPEG restored and saved
train: /workspace/SawitMVC-Depth-YOLO/train/images/TOPAZ_I141_0076_1.jpg: corrupt JPEG restored and saved
train: /workspace/SawitMVC-Depth-YOLO/train/images/TOPAZ_I141_0076_2.jpg: corrupt JPEG restored and saved
train: /workspace/SawitMVC-Depth-YOLO/train/images/TOPAZ_I141_0076_3.jpg: corrupt JPEG restored and saved
train: /workspace/SawitMVC-Depth-YOLO/train/images/TOPAZ_I141_0076_4.jpg: corrupt JPEG restored and saved
train: /workspace/SawitMVC-Depth-YOLO/train/images/TOPAZ_I141_0077_1.jpg: corrupt JPEG restored and saved
train: /workspace/SawitMVC-Depth-YOLO/train/images/TOPAZ_I141_0077_2.jpg: corrupt JPEG restored and saved
train: /workspace/SawitMVC-Depth-YOLO/train/images/TOPAZ_I141_0077_3.jpg: corrupt JPEG restored and saved
train: /workspace/SawitMVC-Depth-YOLO/train/images/TOPAZ_I141_0077_4.jpg: corrupt JPEG restored and saved
train: /workspace/SawitMVC-Depth-YOLO/train/images/TOPAZ_I141_0078_1.jpg: corrupt JPEG restored and saved
train: /workspace/SawitMVC-Depth-YOLO/train/images/TOPAZ_I141_0078_2.jpg: corrupt JPEG restored and saved
train: /workspace/SawitMVC-Depth-YOLO/train/images/TOPAZ_I141_0078_3.jpg: corrupt JPEG restored and saved
train: /workspace/SawitMVC-Depth-YOLO/train/images/TOPAZ_I141_0078_4.jpg: corrupt JPEG restored and saved
train: /workspace/SawitMVC-Depth-YOLO/train/images/TOPAZ_I141_0082_1.jpg: corrupt JPEG restored and saved
train: /workspace/SawitMVC-Depth-YOLO/train/images/TOPAZ_I141_0082_2.jpg: corrupt JPEG restored and saved
train: /workspace/SawitMVC-Depth-YOLO/train/images/TOPAZ_I141_0082_3.jpg: corrupt JPEG restored and saved
train: /workspace/SawitMVC-Depth-YOLO/train/images/TOPAZ_I141_0082_4.jpg: corrupt JPEG restored and saved
train: /workspace/SawitMVC-Depth-YOLO/train/images/TOPAZ_I141_0083_1.jpg: corrupt JPEG restored and saved
train: /workspace/SawitMVC-Depth-YOLO/train/images/TOPAZ_I141_0083_2.jpg: corrupt JPEG restored and saved
train: /workspace/SawitMVC-Depth-YOLO/train/images/TOPAZ_I141_0083_3.jpg: corrupt JPEG restored and saved
train: /workspace/SawitMVC-Depth-YOLO/train/images/TOPAZ_I141_0083_4.jpg: corrupt JPEG restored and saved
train: /workspace/SawitMVC-Depth-YOLO/train/images/TOPAZ_I141_0084_1.jpg: corrupt JPEG restored and saved
train: /workspace/SawitMVC-Depth-YOLO/train/images/TOPAZ_I141_0084_2.jpg: corrupt JPEG restored and saved
train: /workspace/SawitMVC-Depth-YOLO/train/images/TOPAZ_I141_0084_3.jpg: corrupt JPEG restored and saved
train: /workspace/SawitMVC-Depth-YOLO/train/images/TOPAZ_I141_0084_4.jpg: corrupt JPEG restored and saved
train: /workspace/SawitMVC-Depth-YOLO/train/images/TOPAZ_I141_0085_1.jpg: corrupt JPEG restored and saved
train: /workspace/SawitMVC-Depth-YOLO/train/images/TOPAZ_I141_0085_2.jpg: corrupt JPEG restored and saved
train: /workspace/SawitMVC-Depth-YOLO/train/images/TOPAZ_I141_0085_3.jpg: corrupt JPEG restored and saved
train: /workspace/SawitMVC-Depth-YOLO/train/images/TOPAZ_I141_0085_4.jpg: corrupt JPEG restored and saved
train: /workspace/SawitMVC-Depth-YOLO/train/images/TOPAZ_I141_0086_1.jpg: corrupt JPEG restored and saved
train: /workspace/SawitMVC-Depth-YOLO/train/images/TOPAZ_I141_0086_2.jpg: corrupt JPEG restored and saved
train: /workspace/SawitMVC-Depth-YOLO/train/images/TOPAZ_I141_0086_3.jpg: corrupt JPEG restored and saved
train: /workspace/SawitMVC-Depth-YOLO/train/images/TOPAZ_I141_0086_4.jpg: corrupt JPEG restored and saved
train: /workspace/SawitMVC-Depth-YOLO/train/images/TOPAZ_I141_0088_1.jpg: corrupt JPEG restored and saved
train: /workspace/SawitMVC-Depth-YOLO/train/images/TOPAZ_I141_0088_2.jpg: corrupt JPEG restored and saved
train: /workspace/SawitMVC-Depth-YOLO/train/images/TOPAZ_I141_0088_3.jpg: corrupt JPEG restored and saved
train: /workspace/SawitMVC-Depth-YOLO/train/images/TOPAZ_I141_0088_4.jpg: corrupt JPEG restored and saved
train: /workspace/SawitMVC-Depth-YOLO/train/images/TOPAZ_I141_0090_1.jpg: corrupt JPEG restored and saved
train: /workspace/SawitMVC-Depth-YOLO/train/images/TOPAZ_I141_0090_2.jpg: corrupt JPEG restored and saved
train: /workspace/SawitMVC-Depth-YOLO/train/images/TOPAZ_I141_0090_3.jpg: corrupt JPEG restored and saved
train: /workspace/SawitMVC-Depth-YOLO/train/images/TOPAZ_I141_0090_4.jpg: corrupt JPEG restored and saved
train: /workspace/SawitMVC-Depth-YOLO/train/images/TOPAZ_I141_0091_1.jpg: corrupt JPEG restored and saved
train: /workspace/SawitMVC-Depth-YOLO/train/images/TOPAZ_I141_0091_2.jpg: corrupt JPEG restored and saved
train: /workspace/SawitMVC-Depth-YOLO/train/images/TOPAZ_I141_0091_3.jpg: corrupt JPEG restored and saved
train: /workspace/SawitMVC-Depth-YOLO/train/images/TOPAZ_I141_0091_4.jpg: corrupt JPEG restored and saved
train: /workspace/SawitMVC-Depth-YOLO/train/images/TOPAZ_I141_0095_1.jpg: corrupt JPEG restored and saved
train: /workspace/SawitMVC-Depth-YOLO/train/images/TOPAZ_I141_0095_2.jpg: corrupt JPEG restored and saved
train: /workspace/SawitMVC-Depth-YOLO/train/images/TOPAZ_I141_0095_3.jpg: corrupt JPEG restored and saved
train: /workspace/SawitMVC-Depth-YOLO/train/images/TOPAZ_I141_0095_4.jpg: corrupt JPEG restored and saved
train: /workspace/SawitMVC-Depth-YOLO/train/images/TOPAZ_I141_0096_1.jpg: corrupt JPEG restored and saved
train: /workspace/SawitMVC-Depth-YOLO/train/images/TOPAZ_I141_0096_2.jpg: corrupt JPEG restored and saved
train: /workspace/SawitMVC-Depth-YOLO/train/images/TOPAZ_I141_0096_3.jpg: corrupt JPEG restored and saved
train: /workspace/SawitMVC-Depth-YOLO/train/images/TOPAZ_I141_0096_4.jpg: corrupt JPEG restored and saved
train: /workspace/SawitMVC-Depth-YOLO/train/images/TOPAZ_I141_0097_1.jpg: corrupt JPEG restored and saved
train: /workspace/SawitMVC-Depth-YOLO/train/images/TOPAZ_I141_0097_2.jpg: corrupt JPEG restored and saved
train: /workspace/SawitMVC-Depth-YOLO/train/images/TOPAZ_I141_0097_3.jpg: corrupt JPEG restored and saved
train: /workspace/SawitMVC-Depth-YOLO/train/images/TOPAZ_I141_0097_4.jpg: corrupt JPEG restored and saved
train: /workspace/SawitMVC-Depth-YOLO/train/images/TOPAZ_I141_0099_1.jpg: corrupt JPEG restored and saved
train: /workspace/SawitMVC-Depth-YOLO/train/images/TOPAZ_I141_0099_2.jpg: corrupt JPEG restored and saved
train: /workspace/SawitMVC-Depth-YOLO/train/images/TOPAZ_I141_0099_3.jpg: corrupt JPEG restored and saved
train: /workspace/SawitMVC-Depth-YOLO/train/images/TOPAZ_I141_0099_4.jpg: corrupt JPEG restored and saved
train: /workspace/SawitMVC-Depth-YOLO/train/images/TOPAZ_I141_0100_1.jpg: corrupt JPEG restored and saved
train: /workspace/SawitMVC-Depth-YOLO/train/images/TOPAZ_I141_0100_2.jpg: corrupt JPEG restored and saved
train: /workspace/SawitMVC-Depth-YOLO/train/images/TOPAZ_I141_0100_3.jpg: corrupt JPEG restored and saved
train: /workspace/SawitMVC-Depth-YOLO/train/images/TOPAZ_I141_0100_4.jpg: corrupt JPEG restored and saved
train: /workspace/SawitMVC-Depth-YOLO/train/images/TOPAZ_I141_0101_1.jpg: corrupt JPEG restored and saved
train: /workspace/SawitMVC-Depth-YOLO/train/images/TOPAZ_I141_0101_2.jpg: corrupt JPEG restored and saved
train: /workspace/SawitMVC-Depth-YOLO/train/images/TOPAZ_I141_0101_3.jpg: corrupt JPEG restored and saved
train: /workspace/SawitMVC-Depth-YOLO/train/images/TOPAZ_I141_0101_4.jpg: corrupt JPEG restored and saved
train: /workspace/SawitMVC-Depth-YOLO/train/images/TOPAZ_I141_0102_1.jpg: corrupt JPEG restored and saved
train: /workspace/SawitMVC-Depth-YOLO/train/images/TOPAZ_I141_0102_2.jpg: corrupt JPEG restored and saved
train: /workspace/SawitMVC-Depth-YOLO/train/images/TOPAZ_I141_0102_3.jpg: corrupt JPEG restored and saved
train: /workspace/SawitMVC-Depth-YOLO/train/images/TOPAZ_I141_0102_4.jpg: corrupt JPEG restored and saved
train: /workspace/SawitMVC-Depth-YOLO/train/images/TOPAZ_I141_0103_1.jpg: corrupt JPEG restored and saved
train: /workspace/SawitMVC-Depth-YOLO/train/images/TOPAZ_I141_0103_2.jpg: corrupt JPEG restored and saved
train: /workspace/SawitMVC-Depth-YOLO/train/images/TOPAZ_I141_0103_3.jpg: corrupt JPEG restored and saved
train: /workspace/SawitMVC-Depth-YOLO/train/images/TOPAZ_I141_0103_4.jpg: corrupt JPEG restored and saved
train: /workspace/SawitMVC-Depth-YOLO/train/images/TOPAZ_I141_0105_1.jpg: corrupt JPEG restored and saved
train: /workspace/SawitMVC-Depth-YOLO/train/images/TOPAZ_I141_0105_2.jpg: corrupt JPEG restored and saved
train: /workspace/SawitMVC-Depth-YOLO/train/images/TOPAZ_I141_0105_3.jpg: corrupt JPEG restored and saved
train: /workspace/SawitMVC-Depth-YOLO/train/images/TOPAZ_I141_0105_4.jpg: corrupt JPEG restored and saved
train: /workspace/SawitMVC-Depth-YOLO/train/images/TOPAZ_I19_0001_1.jpg: corrupt JPEG restored and saved
train: /workspace/SawitMVC-Depth-YOLO/train/images/TOPAZ_I19_0001_2.jpg: corrupt JPEG restored and saved
train: /workspace/SawitMVC-Depth-YOLO/train/images/TOPAZ_I19_0001_3.jpg: corrupt JPEG restored and saved
train: /workspace/SawitMVC-Depth-YOLO/train/images/TOPAZ_I19_0001_4.jpg: corrupt JPEG restored and saved
train: /workspace/SawitMVC-Depth-YOLO/train/images/TOPAZ_I19_0002_1.jpg: corrupt JPEG restored and saved
train: /workspace/SawitMVC-Depth-YOLO/train/images/TOPAZ_I19_0002_2.jpg: corrupt JPEG restored and saved
train: /workspace/SawitMVC-Depth-YOLO/train/images/TOPAZ_I19_0002_3.jpg: corrupt JPEG restored and saved
train: /workspace/SawitMVC-Depth-YOLO/train/images/TOPAZ_I19_0002_4.jpg: corrupt JPEG restored and saved
train: /workspace/SawitMVC-Depth-YOLO/train/images/TOPAZ_I19_0003_1.jpg: corrupt JPEG restored and saved
train: /workspace/SawitMVC-Depth-YOLO/train/images/TOPAZ_I19_0003_2.jpg: corrupt JPEG restored and saved
train: /workspace/SawitMVC-Depth-YOLO/train/images/TOPAZ_I19_0003_3.jpg: corrupt JPEG restored and saved
train: /workspace/SawitMVC-Depth-YOLO/train/images/TOPAZ_I19_0003_4.jpg: corrupt JPEG restored and saved
train: /workspace/SawitMVC-Depth-YOLO/train/images/TOPAZ_I19_0007_1.jpg: corrupt JPEG restored and saved
train: /workspace/SawitMVC-Depth-YOLO/train/images/TOPAZ_I19_0007_2.jpg: corrupt JPEG restored and saved
train: /workspace/SawitMVC-Depth-YOLO/train/images/TOPAZ_I19_0007_3.jpg: corrupt JPEG restored and saved
train: /workspace/SawitMVC-Depth-YOLO/train/images/TOPAZ_I19_0007_4.jpg: corrupt JPEG restored and saved
train: /workspace/SawitMVC-Depth-YOLO/train/images/TOPAZ_I19_0008_1.jpg: corrupt JPEG restored and saved
train: /workspace/SawitMVC-Depth-YOLO/train/images/TOPAZ_I19_0008_2.jpg: corrupt JPEG restored and saved
train: /workspace/SawitMVC-Depth-YOLO/train/images/TOPAZ_I19_0008_3.jpg: corrupt JPEG restored and saved
train: /workspace/SawitMVC-Depth-YOLO/train/images/TOPAZ_I19_0008_4.jpg: corrupt JPEG restored and saved
train: /workspace/SawitMVC-Depth-YOLO/train/images/TOPAZ_I19_0010_1.jpg: corrupt JPEG restored and saved
train: /workspace/SawitMVC-Depth-YOLO/train/images/TOPAZ_I19_0010_2.jpg: corrupt JPEG restored and saved
train: /workspace/SawitMVC-Depth-YOLO/train/images/TOPAZ_I19_0010_3.jpg: corrupt JPEG restored and saved
train: /workspace/SawitMVC-Depth-YOLO/train/images/TOPAZ_I19_0010_4.jpg: corrupt JPEG restored and saved
train: /workspace/SawitMVC-Depth-YOLO/train/images/TOPAZ_I19_0012_1.jpg: corrupt JPEG restored and saved
train: /workspace/SawitMVC-Depth-YOLO/train/images/TOPAZ_I19_0012_2.jpg: corrupt JPEG restored and saved
train: /workspace/SawitMVC-Depth-YOLO/train/images/TOPAZ_I19_0012_3.jpg: corrupt JPEG restored and saved
train: /workspace/SawitMVC-Depth-YOLO/train/images/TOPAZ_I19_0012_4.jpg: corrupt JPEG restored and saved
train: /workspace/SawitMVC-Depth-YOLO/train/images/TOPAZ_I19_0013_1.jpg: corrupt JPEG restored and saved
train: /workspace/SawitMVC-Depth-YOLO/train/images/TOPAZ_I19_0013_2.jpg: corrupt JPEG restored and saved
train: /workspace/SawitMVC-Depth-YOLO/train/images/TOPAZ_I19_0013_3.jpg: corrupt JPEG restored and saved
train: /workspace/SawitMVC-Depth-YOLO/train/images/TOPAZ_I19_0013_4.jpg: corrupt JPEG restored and saved
train: /workspace/SawitMVC-Depth-YOLO/train/images/TOPAZ_I19_0014_1.jpg: corrupt JPEG restored and saved
train: /workspace/SawitMVC-Depth-YOLO/train/images/TOPAZ_I19_0014_2.jpg: corrupt JPEG restored and saved
train: /workspace/SawitMVC-Depth-YOLO/train/images/TOPAZ_I19_0014_3.jpg: corrupt JPEG restored and saved
train: /workspace/SawitMVC-Depth-YOLO/train/images/TOPAZ_I19_0014_4.jpg: corrupt JPEG restored and saved
train: /workspace/SawitMVC-Depth-YOLO/train/images/TOPAZ_I19_0015_1.jpg: corrupt JPEG restored and saved
train: /workspace/SawitMVC-Depth-YOLO/train/images/TOPAZ_I19_0015_2.jpg: corrupt JPEG restored and saved
train: /workspace/SawitMVC-Depth-YOLO/train/images/TOPAZ_I19_0015_3.jpg: corrupt JPEG restored and saved
train: /workspace/SawitMVC-Depth-YOLO/train/images/TOPAZ_I19_0015_4.jpg: corrupt JPEG restored and saved
train: /workspace/SawitMVC-Depth-YOLO/train/images/TOPAZ_I19_0016_1.jpg: corrupt JPEG restored and saved
train: /workspace/SawitMVC-Depth-YOLO/train/images/TOPAZ_I19_0016_2.jpg: corrupt JPEG restored and saved
train: /workspace/SawitMVC-Depth-YOLO/train/images/TOPAZ_I19_0016_3.jpg: corrupt JPEG restored and saved
train: /workspace/SawitMVC-Depth-YOLO/train/images/TOPAZ_I19_0016_4.jpg: corrupt JPEG restored and saved
train: /workspace/SawitMVC-Depth-YOLO/train/images/TOPAZ_I19_0017_1.jpg: corrupt JPEG restored and saved
train: /workspace/SawitMVC-Depth-YOLO/train/images/TOPAZ_I19_0017_2.jpg: corrupt JPEG restored and saved
train: /workspace/SawitMVC-Depth-YOLO/train/images/TOPAZ_I19_0017_3.jpg: corrupt JPEG restored and saved
train: /workspace/SawitMVC-Depth-YOLO/train/images/TOPAZ_I19_0017_4.jpg: corrupt JPEG restored and saved
train: /workspace/SawitMVC-Depth-YOLO/train/images/TOPAZ_I19_0018_1.jpg: corrupt JPEG restored and saved
train: /workspace/SawitMVC-Depth-YOLO/train/images/TOPAZ_I19_0018_2.jpg: corrupt JPEG restored and saved
train: /workspace/SawitMVC-Depth-YOLO/train/images/TOPAZ_I19_0018_3.jpg: corrupt JPEG restored and saved
train: /workspace/SawitMVC-Depth-YOLO/train/images/TOPAZ_I19_0018_4.jpg: corrupt JPEG restored and saved
train: /workspace/SawitMVC-Depth-YOLO/train/images/TOPAZ_I19_0019_1.jpg: corrupt JPEG restored and saved
train: /workspace/SawitMVC-Depth-YOLO/train/images/TOPAZ_I19_0019_2.jpg: corrupt JPEG restored and saved
train: /workspace/SawitMVC-Depth-YOLO/train/images/TOPAZ_I19_0019_3.jpg: corrupt JPEG restored and saved
train: /workspace/SawitMVC-Depth-YOLO/train/images/TOPAZ_I19_0019_4.jpg: corrupt JPEG restored and saved
train: /workspace/SawitMVC-Depth-YOLO/train/images/TOPAZ_I19_0020_1.jpg: corrupt JPEG restored and saved
train: /workspace/SawitMVC-Depth-YOLO/train/images/TOPAZ_I19_0020_2.jpg: corrupt JPEG restored and saved
train: /workspace/SawitMVC-Depth-YOLO/train/images/TOPAZ_I19_0020_3.jpg: corrupt JPEG restored and saved
train: /workspace/SawitMVC-Depth-YOLO/train/images/TOPAZ_I19_0020_4.jpg: corrupt JPEG restored and saved
train: /workspace/SawitMVC-Depth-YOLO/train/images/TOPAZ_I19_0021_1.jpg: corrupt JPEG restored and saved
train: /workspace/SawitMVC-Depth-YOLO/train/images/TOPAZ_I19_0021_2.jpg: corrupt JPEG restored and saved
train: /workspace/SawitMVC-Depth-YOLO/train/images/TOPAZ_I19_0021_3.jpg: corrupt JPEG restored and saved
train: /workspace/SawitMVC-Depth-YOLO/train/images/TOPAZ_I19_0021_4.jpg: corrupt JPEG restored and saved
train: /workspace/SawitMVC-Depth-YOLO/train/images/TOPAZ_I19_0022_1.jpg: corrupt JPEG restored and saved
train: /workspace/SawitMVC-Depth-YOLO/train/images/TOPAZ_I19_0022_2.jpg: corrupt JPEG restored and saved
train: /workspace/SawitMVC-Depth-YOLO/train/images/TOPAZ_I19_0022_3.jpg: corrupt JPEG restored and saved
train: /workspace/SawitMVC-Depth-YOLO/train/images/TOPAZ_I19_0022_4.jpg: corrupt JPEG restored and saved
train: /workspace/SawitMVC-Depth-YOLO/train/images/TOPAZ_I19_0024_1.jpg: corrupt JPEG restored and saved
train: /workspace/SawitMVC-Depth-YOLO/train/images/TOPAZ_I19_0024_2.jpg: corrupt JPEG restored and saved
train: /workspace/SawitMVC-Depth-YOLO/train/images/TOPAZ_I19_0024_3.jpg: corrupt JPEG restored and saved
train: /workspace/SawitMVC-Depth-YOLO/train/images/TOPAZ_I19_0024_4.jpg: corrupt JPEG restored and saved
train: New cache created: /workspace/SawitMVC-Depth-YOLO/train/labels.cache
albumentations: Blur(p=0.01, blur_limit=(3, 7)), MedianBlur(p=0.01, blur_limit=(3, 7)), ToGray(p=0.01, method='weighted_average', num_output_channels=3), CLAHE(p=0.01, clip_limit=(1.0, 4.0), tile_grid_size=(8, 8))
val: Fast image access ✅ (ping: 0.0±0.0 ms, read: 1020.1±719.9 MB/s, size: 326.5 KB)
val: Scanning /workspace/SawitMVC-Depth-YOLO/valid/labels... 468 images, 43 backgrounds, 0 corrupt: 100% ━━━━━━━━━━━━ 468/468 237.1it/s 2.0s
val: /workspace/SawitMVC-Depth-YOLO/valid/images/MARIHAT_I142_0023_1.jpg: corrupt JPEG restored and saved
val: /workspace/SawitMVC-Depth-YOLO/valid/images/MARIHAT_I142_0023_2.jpg: corrupt JPEG restored and saved
val: /workspace/SawitMVC-Depth-YOLO/valid/images/MARIHAT_I142_0023_3.jpg: corrupt JPEG restored and saved
val: /workspace/SawitMVC-Depth-YOLO/valid/images/MARIHAT_I142_0023_4.jpg: corrupt JPEG restored and saved
val: /workspace/SawitMVC-Depth-YOLO/valid/images/MARIHAT_I142_0029_1.jpg: corrupt JPEG restored and saved
val: /workspace/SawitMVC-Depth-YOLO/valid/images/MARIHAT_I142_0029_2.jpg: corrupt JPEG restored and saved
val: /workspace/SawitMVC-Depth-YOLO/valid/images/MARIHAT_I142_0029_3.jpg: corrupt JPEG restored and saved
val: /workspace/SawitMVC-Depth-YOLO/valid/images/MARIHAT_I142_0029_4.jpg: corrupt JPEG restored and saved
val: /workspace/SawitMVC-Depth-YOLO/valid/images/MARIHAT_I142_0031_1.jpg: corrupt JPEG restored and saved
val: /workspace/SawitMVC-Depth-YOLO/valid/images/MARIHAT_I142_0031_2.jpg: corrupt JPEG restored and saved
val: /workspace/SawitMVC-Depth-YOLO/valid/images/MARIHAT_I142_0031_3.jpg: corrupt JPEG restored and saved
val: /workspace/SawitMVC-Depth-YOLO/valid/images/MARIHAT_I142_0031_4.jpg: corrupt JPEG restored and saved
val: /workspace/SawitMVC-Depth-YOLO/valid/images/MARIHAT_I142_0033_1.jpg: corrupt JPEG restored and saved
val: /workspace/SawitMVC-Depth-YOLO/valid/images/MARIHAT_I142_0033_2.jpg: corrupt JPEG restored and saved
val: /workspace/SawitMVC-Depth-YOLO/valid/images/MARIHAT_I142_0033_3.jpg: corrupt JPEG restored and saved
val: /workspace/SawitMVC-Depth-YOLO/valid/images/MARIHAT_I142_0033_4.jpg: corrupt JPEG restored and saved
val: /workspace/SawitMVC-Depth-YOLO/valid/images/MARIHAT_I142_0040_1.jpg: corrupt JPEG restored and saved
val: /workspace/SawitMVC-Depth-YOLO/valid/images/MARIHAT_I142_0040_2.jpg: corrupt JPEG restored and saved
val: /workspace/SawitMVC-Depth-YOLO/valid/images/MARIHAT_I142_0040_3.jpg: corrupt JPEG restored and saved
val: /workspace/SawitMVC-Depth-YOLO/valid/images/MARIHAT_I142_0040_4.jpg: corrupt JPEG restored and saved
val: /workspace/SawitMVC-Depth-YOLO/valid/images/MARIHAT_I142_0043_1.jpg: corrupt JPEG restored and saved
val: /workspace/SawitMVC-Depth-YOLO/valid/images/MARIHAT_I142_0043_2.jpg: corrupt JPEG restored and saved
val: /workspace/SawitMVC-Depth-YOLO/valid/images/MARIHAT_I142_0043_3.jpg: corrupt JPEG restored and saved
val: /workspace/SawitMVC-Depth-YOLO/valid/images/MARIHAT_I142_0043_4.jpg: corrupt JPEG restored and saved
val: /workspace/SawitMVC-Depth-YOLO/valid/images/MARIHAT_I142_0046_1.jpg: corrupt JPEG restored and saved
val: /workspace/SawitMVC-Depth-YOLO/valid/images/MARIHAT_I142_0046_2.jpg: corrupt JPEG restored and saved
val: /workspace/SawitMVC-Depth-YOLO/valid/images/MARIHAT_I142_0046_3.jpg: corrupt JPEG restored and saved
val: /workspace/SawitMVC-Depth-YOLO/valid/images/MARIHAT_I142_0046_4.jpg: corrupt JPEG restored and saved
val: /workspace/SawitMVC-Depth-YOLO/valid/images/MARIHAT_I142_0063_1.jpg: corrupt JPEG restored and saved
val: /workspace/SawitMVC-Depth-YOLO/valid/images/MARIHAT_I142_0063_2.jpg: corrupt JPEG restored and saved
val: /workspace/SawitMVC-Depth-YOLO/valid/images/MARIHAT_I142_0063_3.jpg: corrupt JPEG restored and saved
val: /workspace/SawitMVC-Depth-YOLO/valid/images/MARIHAT_I142_0063_4.jpg: corrupt JPEG restored and saved
val: /workspace/SawitMVC-Depth-YOLO/valid/images/MARIHAT_I142_0065_1.jpg: corrupt JPEG restored and saved
val: /workspace/SawitMVC-Depth-YOLO/valid/images/MARIHAT_I142_0065_2.jpg: corrupt JPEG restored and saved
val: /workspace/SawitMVC-Depth-YOLO/valid/images/MARIHAT_I142_0065_3.jpg: corrupt JPEG restored and saved
val: /workspace/SawitMVC-Depth-YOLO/valid/images/MARIHAT_I142_0065_4.jpg: corrupt JPEG restored and saved
val: /workspace/SawitMVC-Depth-YOLO/valid/images/MARIHAT_I142_0067_1.jpg: corrupt JPEG restored and saved
val: /workspace/SawitMVC-Depth-YOLO/valid/images/MARIHAT_I142_0067_2.jpg: corrupt JPEG restored and saved
val: /workspace/SawitMVC-Depth-YOLO/valid/images/MARIHAT_I142_0067_3.jpg: corrupt JPEG restored and saved
val: /workspace/SawitMVC-Depth-YOLO/valid/images/MARIHAT_I142_0067_4.jpg: corrupt JPEG restored and saved
val: /workspace/SawitMVC-Depth-YOLO/valid/images/MARIHAT_I142_0074_1.jpg: corrupt JPEG restored and saved
val: /workspace/SawitMVC-Depth-YOLO/valid/images/MARIHAT_I142_0074_2.jpg: corrupt JPEG restored and saved
val: /workspace/SawitMVC-Depth-YOLO/valid/images/MARIHAT_I142_0074_3.jpg: corrupt JPEG restored and saved
val: /workspace/SawitMVC-Depth-YOLO/valid/images/MARIHAT_I142_0074_4.jpg: corrupt JPEG restored and saved
val: /workspace/SawitMVC-Depth-YOLO/valid/images/TOPAZ_H11_0005_1.jpg: corrupt JPEG restored and saved
val: /workspace/SawitMVC-Depth-YOLO/valid/images/TOPAZ_H11_0005_2.jpg: corrupt JPEG restored and saved
val: /workspace/SawitMVC-Depth-YOLO/valid/images/TOPAZ_H11_0005_3.jpg: corrupt JPEG restored and saved
val: /workspace/SawitMVC-Depth-YOLO/valid/images/TOPAZ_H11_0005_4.jpg: corrupt JPEG restored and saved
val: /workspace/SawitMVC-Depth-YOLO/valid/images/TOPAZ_H11_0014_1.jpg: corrupt JPEG restored and saved
val: /workspace/SawitMVC-Depth-YOLO/valid/images/TOPAZ_H11_0014_2.jpg: corrupt JPEG restored and saved
val: /workspace/SawitMVC-Depth-YOLO/valid/images/TOPAZ_H11_0014_3.jpg: corrupt JPEG restored and saved
val: /workspace/SawitMVC-Depth-YOLO/valid/images/TOPAZ_H11_0014_4.jpg: corrupt JPEG restored and saved
val: /workspace/SawitMVC-Depth-YOLO/valid/images/TOPAZ_H11_0015_1.jpg: corrupt JPEG restored and saved
val: /workspace/SawitMVC-Depth-YOLO/valid/images/TOPAZ_H11_0015_2.jpg: corrupt JPEG restored and saved
val: /workspace/SawitMVC-Depth-YOLO/valid/images/TOPAZ_H11_0015_3.jpg: corrupt JPEG restored and saved
val: /workspace/SawitMVC-Depth-YOLO/valid/images/TOPAZ_H11_0015_4.jpg: corrupt JPEG restored and saved
val: /workspace/SawitMVC-Depth-YOLO/valid/images/TOPAZ_H11_0022_1.jpg: corrupt JPEG restored and saved
val: /workspace/SawitMVC-Depth-YOLO/valid/images/TOPAZ_H11_0022_2.jpg: corrupt JPEG restored and saved
val: /workspace/SawitMVC-Depth-YOLO/valid/images/TOPAZ_H11_0022_3.jpg: corrupt JPEG restored and saved
val: /workspace/SawitMVC-Depth-YOLO/valid/images/TOPAZ_H11_0022_4.jpg: corrupt JPEG restored and saved
val: /workspace/SawitMVC-Depth-YOLO/valid/images/TOPAZ_H11_0028_1.jpg: corrupt JPEG restored and saved
val: /workspace/SawitMVC-Depth-YOLO/valid/images/TOPAZ_H11_0028_2.jpg: corrupt JPEG restored and saved
val: /workspace/SawitMVC-Depth-YOLO/valid/images/TOPAZ_H11_0028_3.jpg: corrupt JPEG restored and saved
val: /workspace/SawitMVC-Depth-YOLO/valid/images/TOPAZ_H11_0028_4.jpg: corrupt JPEG restored and saved
val: /workspace/SawitMVC-Depth-YOLO/valid/images/TOPAZ_H11_0033_1.jpg: corrupt JPEG restored and saved
val: /workspace/SawitMVC-Depth-YOLO/valid/images/TOPAZ_H11_0033_2.jpg: corrupt JPEG restored and saved
val: /workspace/SawitMVC-Depth-YOLO/valid/images/TOPAZ_H11_0033_3.jpg: corrupt JPEG restored and saved
val: /workspace/SawitMVC-Depth-YOLO/valid/images/TOPAZ_H11_0033_4.jpg: corrupt JPEG restored and saved
val: /workspace/SawitMVC-Depth-YOLO/valid/images/TOPAZ_H11_0035_1.jpg: corrupt JPEG restored and saved
val: /workspace/SawitMVC-Depth-YOLO/valid/images/TOPAZ_H11_0035_2.jpg: corrupt JPEG restored and saved
val: /workspace/SawitMVC-Depth-YOLO/valid/images/TOPAZ_H11_0035_3.jpg: corrupt JPEG restored and saved
val: /workspace/SawitMVC-Depth-YOLO/valid/images/TOPAZ_H11_0035_4.jpg: corrupt JPEG restored and saved
val: /workspace/SawitMVC-Depth-YOLO/valid/images/TOPAZ_H11_0041_1.jpg: corrupt JPEG restored and saved
val: /workspace/SawitMVC-Depth-YOLO/valid/images/TOPAZ_H11_0041_2.jpg: corrupt JPEG restored and saved
val: /workspace/SawitMVC-Depth-YOLO/valid/images/TOPAZ_H11_0041_3.jpg: corrupt JPEG restored and saved
val: /workspace/SawitMVC-Depth-YOLO/valid/images/TOPAZ_H11_0041_4.jpg: corrupt JPEG restored and saved
val: /workspace/SawitMVC-Depth-YOLO/valid/images/TOPAZ_H11_0043_1.jpg: corrupt JPEG restored and saved
val: /workspace/SawitMVC-Depth-YOLO/valid/images/TOPAZ_H11_0043_2.jpg: corrupt JPEG restored and saved
val: /workspace/SawitMVC-Depth-YOLO/valid/images/TOPAZ_H11_0043_3.jpg: corrupt JPEG restored and saved
val: /workspace/SawitMVC-Depth-YOLO/valid/images/TOPAZ_H11_0043_4.jpg: corrupt JPEG restored and saved
val: /workspace/SawitMVC-Depth-YOLO/valid/images/TOPAZ_H11_0046_1.jpg: corrupt JPEG restored and saved
val: /workspace/SawitMVC-Depth-YOLO/valid/images/TOPAZ_H11_0046_2.jpg: corrupt JPEG restored and saved
val: /workspace/SawitMVC-Depth-YOLO/valid/images/TOPAZ_H11_0046_3.jpg: corrupt JPEG restored and saved
val: /workspace/SawitMVC-Depth-YOLO/valid/images/TOPAZ_H11_0046_4.jpg: corrupt JPEG restored and saved
val: /workspace/SawitMVC-Depth-YOLO/valid/images/TOPAZ_H11_0054_1.jpg: corrupt JPEG restored and saved
val: /workspace/SawitMVC-Depth-YOLO/valid/images/TOPAZ_H11_0054_2.jpg: corrupt JPEG restored and saved
val: /workspace/SawitMVC-Depth-YOLO/valid/images/TOPAZ_H11_0054_3.jpg: corrupt JPEG restored and saved
val: /workspace/SawitMVC-Depth-YOLO/valid/images/TOPAZ_H11_0054_4.jpg: corrupt JPEG restored and saved
val: /workspace/SawitMVC-Depth-YOLO/valid/images/TOPAZ_H11_0057_1.jpg: corrupt JPEG restored and saved
val: /workspace/SawitMVC-Depth-YOLO/valid/images/TOPAZ_H11_0057_2.jpg: corrupt JPEG restored and saved
val: /workspace/SawitMVC-Depth-YOLO/valid/images/TOPAZ_H11_0057_3.jpg: corrupt JPEG restored and saved
val: /workspace/SawitMVC-Depth-YOLO/valid/images/TOPAZ_H11_0057_4.jpg: corrupt JPEG restored and saved
val: /workspace/SawitMVC-Depth-YOLO/valid/images/TOPAZ_H11_0064_1.jpg: corrupt JPEG restored and saved
val: /workspace/SawitMVC-Depth-YOLO/valid/images/TOPAZ_H11_0064_2.jpg: corrupt JPEG restored and saved
val: /workspace/SawitMVC-Depth-YOLO/valid/images/TOPAZ_H11_0064_3.jpg: corrupt JPEG restored and saved
val: /workspace/SawitMVC-Depth-YOLO/valid/images/TOPAZ_H11_0064_4.jpg: corrupt JPEG restored and saved
val: /workspace/SawitMVC-Depth-YOLO/valid/images/TOPAZ_H11_0077_1.jpg: corrupt JPEG restored and saved
val: /workspace/SawitMVC-Depth-YOLO/valid/images/TOPAZ_H11_0077_2.jpg: corrupt JPEG restored and saved
val: /workspace/SawitMVC-Depth-YOLO/valid/images/TOPAZ_H11_0077_3.jpg: corrupt JPEG restored and saved
val: /workspace/SawitMVC-Depth-YOLO/valid/images/TOPAZ_H11_0077_4.jpg: corrupt JPEG restored and saved
val: /workspace/SawitMVC-Depth-YOLO/valid/images/TOPAZ_H11_0086_1.jpg: corrupt JPEG restored and saved
val: /workspace/SawitMVC-Depth-YOLO/valid/images/TOPAZ_H11_0086_2.jpg: corrupt JPEG restored and saved
val: /workspace/SawitMVC-Depth-YOLO/valid/images/TOPAZ_H11_0086_3.jpg: corrupt JPEG restored and saved
val: /workspace/SawitMVC-Depth-YOLO/valid/images/TOPAZ_H11_0086_4.jpg: corrupt JPEG restored and saved
val: /workspace/SawitMVC-Depth-YOLO/valid/images/TOPAZ_H11_0091_1.jpg: corrupt JPEG restored and saved
val: /workspace/SawitMVC-Depth-YOLO/valid/images/TOPAZ_H11_0091_2.jpg: corrupt JPEG restored and saved
val: /workspace/SawitMVC-Depth-YOLO/valid/images/TOPAZ_H11_0091_3.jpg: corrupt JPEG restored and saved
val: /workspace/SawitMVC-Depth-YOLO/valid/images/TOPAZ_H11_0091_4.jpg: corrupt JPEG restored and saved
val: /workspace/SawitMVC-Depth-YOLO/valid/images/TOPAZ_H11_0102_1.jpg: corrupt JPEG restored and saved
val: /workspace/SawitMVC-Depth-YOLO/valid/images/TOPAZ_H11_0102_2.jpg: corrupt JPEG restored and saved
val: /workspace/SawitMVC-Depth-YOLO/valid/images/TOPAZ_H11_0102_3.jpg: corrupt JPEG restored and saved
val: /workspace/SawitMVC-Depth-YOLO/valid/images/TOPAZ_H11_0102_4.jpg: corrupt JPEG restored and saved
val: /workspace/SawitMVC-Depth-YOLO/valid/images/TOPAZ_H13_0001_1.jpg: corrupt JPEG restored and saved
val: /workspace/SawitMVC-Depth-YOLO/valid/images/TOPAZ_H13_0001_2.jpg: corrupt JPEG restored and saved
val: /workspace/SawitMVC-Depth-YOLO/valid/images/TOPAZ_H13_0001_3.jpg: corrupt JPEG restored and saved
val: /workspace/SawitMVC-Depth-YOLO/valid/images/TOPAZ_H13_0001_4.jpg: corrupt JPEG restored and saved
val: /workspace/SawitMVC-Depth-YOLO/valid/images/TOPAZ_H13_0006_1.jpg: corrupt JPEG restored and saved
val: /workspace/SawitMVC-Depth-YOLO/valid/images/TOPAZ_H13_0006_2.jpg: corrupt JPEG restored and saved
val: /workspace/SawitMVC-Depth-YOLO/valid/images/TOPAZ_H13_0006_3.jpg: corrupt JPEG restored and saved
val: /workspace/SawitMVC-Depth-YOLO/valid/images/TOPAZ_H13_0006_4.jpg: corrupt JPEG restored and saved
val: /workspace/SawitMVC-Depth-YOLO/valid/images/TOPAZ_H13_0011_1.jpg: corrupt JPEG restored and saved
val: /workspace/SawitMVC-Depth-YOLO/valid/images/TOPAZ_H13_0011_2.jpg: corrupt JPEG restored and saved
val: /workspace/SawitMVC-Depth-YOLO/valid/images/TOPAZ_H13_0011_3.jpg: corrupt JPEG restored and saved
val: /workspace/SawitMVC-Depth-YOLO/valid/images/TOPAZ_H13_0011_4.jpg: corrupt JPEG restored and saved
val: /workspace/SawitMVC-Depth-YOLO/valid/images/TOPAZ_H13_0023_1.jpg: corrupt JPEG restored and saved
val: /workspace/SawitMVC-Depth-YOLO/valid/images/TOPAZ_H13_0023_2.jpg: corrupt JPEG restored and saved
val: /workspace/SawitMVC-Depth-YOLO/valid/images/TOPAZ_H13_0023_3.jpg: corrupt JPEG restored and saved
val: /workspace/SawitMVC-Depth-YOLO/valid/images/TOPAZ_H13_0023_4.jpg: corrupt JPEG restored and saved
val: /workspace/SawitMVC-Depth-YOLO/valid/images/TOPAZ_H13_0028_1.jpg: corrupt JPEG restored and saved
val: /workspace/SawitMVC-Depth-YOLO/valid/images/TOPAZ_H13_0028_2.jpg: corrupt JPEG restored and saved
val: /workspace/SawitMVC-Depth-YOLO/valid/images/TOPAZ_H13_0028_3.jpg: corrupt JPEG restored and saved
val: /workspace/SawitMVC-Depth-YOLO/valid/images/TOPAZ_H13_0028_4.jpg: corrupt JPEG restored and saved
val: /workspace/SawitMVC-Depth-YOLO/valid/images/TOPAZ_H13_0037_1.jpg: corrupt JPEG restored and saved
val: /workspace/SawitMVC-Depth-YOLO/valid/images/TOPAZ_H13_0037_2.jpg: corrupt JPEG restored and saved
val: /workspace/SawitMVC-Depth-YOLO/valid/images/TOPAZ_H13_0037_3.jpg: corrupt JPEG restored and saved
val: /workspace/SawitMVC-Depth-YOLO/valid/images/TOPAZ_H13_0037_4.jpg: corrupt JPEG restored and saved
val: /workspace/SawitMVC-Depth-YOLO/valid/images/TOPAZ_H13_0048_1.jpg: corrupt JPEG restored and saved
val: /workspace/SawitMVC-Depth-YOLO/valid/images/TOPAZ_H13_0048_2.jpg: corrupt JPEG restored and saved
val: /workspace/SawitMVC-Depth-YOLO/valid/images/TOPAZ_H13_0048_3.jpg: corrupt JPEG restored and saved
val: /workspace/SawitMVC-Depth-YOLO/valid/images/TOPAZ_H13_0048_4.jpg: corrupt JPEG restored and saved
val: /workspace/SawitMVC-Depth-YOLO/valid/images/TOPAZ_H13_0052_1.jpg: corrupt JPEG restored and saved
val: /workspace/SawitMVC-Depth-YOLO/valid/images/TOPAZ_H13_0052_2.jpg: corrupt JPEG restored and saved
val: /workspace/SawitMVC-Depth-YOLO/valid/images/TOPAZ_H13_0052_3.jpg: corrupt JPEG restored and saved
val: /workspace/SawitMVC-Depth-YOLO/valid/images/TOPAZ_H13_0052_4.jpg: corrupt JPEG restored and saved
val: /workspace/SawitMVC-Depth-YOLO/valid/images/TOPAZ_H13_0059_1.jpg: corrupt JPEG restored and saved
val: /workspace/SawitMVC-Depth-YOLO/valid/images/TOPAZ_H13_0059_2.jpg: corrupt JPEG restored and saved
val: /workspace/SawitMVC-Depth-YOLO/valid/images/TOPAZ_H13_0059_3.jpg: corrupt JPEG restored and saved
val: /workspace/SawitMVC-Depth-YOLO/valid/images/TOPAZ_H13_0059_4.jpg: corrupt JPEG restored and saved
val: /workspace/SawitMVC-Depth-YOLO/valid/images/TOPAZ_H13_0062_1.jpg: corrupt JPEG restored and saved
val: /workspace/SawitMVC-Depth-YOLO/valid/images/TOPAZ_H13_0062_2.jpg: corrupt JPEG restored and saved
val: /workspace/SawitMVC-Depth-YOLO/valid/images/TOPAZ_H13_0062_3.jpg: corrupt JPEG restored and saved
val: /workspace/SawitMVC-Depth-YOLO/valid/images/TOPAZ_H13_0062_4.jpg: corrupt JPEG restored and saved
val: /workspace/SawitMVC-Depth-YOLO/valid/images/TOPAZ_H13_0065_1.jpg: corrupt JPEG restored and saved
val: /workspace/SawitMVC-Depth-YOLO/valid/images/TOPAZ_H13_0065_2.jpg: corrupt JPEG restored and saved
val: /workspace/SawitMVC-Depth-YOLO/valid/images/TOPAZ_H13_0065_3.jpg: corrupt JPEG restored and saved
val: /workspace/SawitMVC-Depth-YOLO/valid/images/TOPAZ_H13_0065_4.jpg: corrupt JPEG restored and saved
val: /workspace/SawitMVC-Depth-YOLO/valid/images/TOPAZ_H13_0081_1.jpg: corrupt JPEG restored and saved
val: /workspace/SawitMVC-Depth-YOLO/valid/images/TOPAZ_H13_0081_2.jpg: corrupt JPEG restored and saved
val: /workspace/SawitMVC-Depth-YOLO/valid/images/TOPAZ_H13_0081_3.jpg: corrupt JPEG restored and saved
val: /workspace/SawitMVC-Depth-YOLO/valid/images/TOPAZ_H13_0081_4.jpg: corrupt JPEG restored and saved
val: /workspace/SawitMVC-Depth-YOLO/valid/images/TOPAZ_H13_0082_1.jpg: corrupt JPEG restored and saved
val: /workspace/SawitMVC-Depth-YOLO/valid/images/TOPAZ_H13_0082_2.jpg: corrupt JPEG restored and saved
val: /workspace/SawitMVC-Depth-YOLO/valid/images/TOPAZ_H13_0082_3.jpg: corrupt JPEG restored and saved
val: /workspace/SawitMVC-Depth-YOLO/valid/images/TOPAZ_H13_0082_4.jpg: corrupt JPEG restored and saved
val: /workspace/SawitMVC-Depth-YOLO/valid/images/TOPAZ_H13_0087_1.jpg: corrupt JPEG restored and saved
val: /workspace/SawitMVC-Depth-YOLO/valid/images/TOPAZ_H13_0087_2.jpg: corrupt JPEG restored and saved
val: /workspace/SawitMVC-Depth-YOLO/valid/images/TOPAZ_H13_0087_3.jpg: corrupt JPEG restored and saved
val: /workspace/SawitMVC-Depth-YOLO/valid/images/TOPAZ_H13_0087_4.jpg: corrupt JPEG restored and saved
val: /workspace/SawitMVC-Depth-YOLO/valid/images/TOPAZ_H13_0094_1.jpg: corrupt JPEG restored and saved
val: /workspace/SawitMVC-Depth-YOLO/valid/images/TOPAZ_H13_0094_2.jpg: corrupt JPEG restored and saved
val: /workspace/SawitMVC-Depth-YOLO/valid/images/TOPAZ_H13_0094_3.jpg: corrupt JPEG restored and saved
val: /workspace/SawitMVC-Depth-YOLO/valid/images/TOPAZ_H13_0094_4.jpg: corrupt JPEG restored and saved
val: /workspace/SawitMVC-Depth-YOLO/valid/images/TOPAZ_H13_0099_1.jpg: corrupt JPEG restored and saved
val: /workspace/SawitMVC-Depth-YOLO/valid/images/TOPAZ_H13_0099_2.jpg: corrupt JPEG restored and saved
val: /workspace/SawitMVC-Depth-YOLO/valid/images/TOPAZ_H13_0099_3.jpg: corrupt JPEG restored and saved
val: /workspace/SawitMVC-Depth-YOLO/valid/images/TOPAZ_H13_0099_4.jpg: corrupt JPEG restored and saved
val: /workspace/SawitMVC-Depth-YOLO/valid/images/TOPAZ_I141_0014_1.jpg: corrupt JPEG restored and saved
val: /workspace/SawitMVC-Depth-YOLO/valid/images/TOPAZ_I141_0014_2.jpg: corrupt JPEG restored and saved
val: /workspace/SawitMVC-Depth-YOLO/valid/images/TOPAZ_I141_0014_3.jpg: corrupt JPEG restored and saved
val: /workspace/SawitMVC-Depth-YOLO/valid/images/TOPAZ_I141_0014_4.jpg: corrupt JPEG restored and saved
val: /workspace/SawitMVC-Depth-YOLO/valid/images/TOPAZ_I141_0019_1.jpg: corrupt JPEG restored and saved
val: /workspace/SawitMVC-Depth-YOLO/valid/images/TOPAZ_I141_0019_2.jpg: corrupt JPEG restored and saved
val: /workspace/SawitMVC-Depth-YOLO/valid/images/TOPAZ_I141_0019_3.jpg: corrupt JPEG restored and saved
val: /workspace/SawitMVC-Depth-YOLO/valid/images/TOPAZ_I141_0019_4.jpg: corrupt JPEG restored and saved
val: /workspace/SawitMVC-Depth-YOLO/valid/images/TOPAZ_I141_0020_1.jpg: corrupt JPEG restored and saved
val: /workspace/SawitMVC-Depth-YOLO/valid/images/TOPAZ_I141_0020_2.jpg: corrupt JPEG restored and saved
val: /workspace/SawitMVC-Depth-YOLO/valid/images/TOPAZ_I141_0020_3.jpg: corrupt JPEG restored and saved
val: /workspace/SawitMVC-Depth-YOLO/valid/images/TOPAZ_I141_0020_4.jpg: corrupt JPEG restored and saved
val: /workspace/SawitMVC-Depth-YOLO/valid/images/TOPAZ_I141_0030_1.jpg: corrupt JPEG restored and saved
val: /workspace/SawitMVC-Depth-YOLO/valid/images/TOPAZ_I141_0030_2.jpg: corrupt JPEG restored and saved
val: /workspace/SawitMVC-Depth-YOLO/valid/images/TOPAZ_I141_0030_3.jpg: corrupt JPEG restored and saved
val: /workspace/SawitMVC-Depth-YOLO/valid/images/TOPAZ_I141_0030_4.jpg: corrupt JPEG restored and saved
val: /workspace/SawitMVC-Depth-YOLO/valid/images/TOPAZ_I141_0032_1.jpg: corrupt JPEG restored and saved
val: /workspace/SawitMVC-Depth-YOLO/valid/images/TOPAZ_I141_0032_2.jpg: corrupt JPEG restored and saved
val: /workspace/SawitMVC-Depth-YOLO/valid/images/TOPAZ_I141_0032_3.jpg: corrupt JPEG restored and saved
val: /workspace/SawitMVC-Depth-YOLO/valid/images/TOPAZ_I141_0032_4.jpg: corrupt JPEG restored and saved
val: /workspace/SawitMVC-Depth-YOLO/valid/images/TOPAZ_I141_0046_1.jpg: corrupt JPEG restored and saved
val: /workspace/SawitMVC-Depth-YOLO/valid/images/TOPAZ_I141_0046_2.jpg: corrupt JPEG restored and saved
val: /workspace/SawitMVC-Depth-YOLO/valid/images/TOPAZ_I141_0046_3.jpg: corrupt JPEG restored and saved
val: /workspace/SawitMVC-Depth-YOLO/valid/images/TOPAZ_I141_0046_4.jpg: corrupt JPEG restored and saved
val: /workspace/SawitMVC-Depth-YOLO/valid/images/TOPAZ_I141_0048_1.jpg: corrupt JPEG restored and saved
val: /workspace/SawitMVC-Depth-YOLO/valid/images/TOPAZ_I141_0048_2.jpg: corrupt JPEG restored and saved
val: /workspace/SawitMVC-Depth-YOLO/valid/images/TOPAZ_I141_0048_3.jpg: corrupt JPEG restored and saved
val: /workspace/SawitMVC-Depth-YOLO/valid/images/TOPAZ_I141_0048_4.jpg: corrupt JPEG restored and saved
val: /workspace/SawitMVC-Depth-YOLO/valid/images/TOPAZ_I141_0060_1.jpg: corrupt JPEG restored and saved
val: /workspace/SawitMVC-Depth-YOLO/valid/images/TOPAZ_I141_0060_2.jpg: corrupt JPEG restored and saved
val: /workspace/SawitMVC-Depth-YOLO/valid/images/TOPAZ_I141_0060_3.jpg: corrupt JPEG restored and saved
val: /workspace/SawitMVC-Depth-YOLO/valid/images/TOPAZ_I141_0060_4.jpg: corrupt JPEG restored and saved
val: /workspace/SawitMVC-Depth-YOLO/valid/images/TOPAZ_I141_0063_1.jpg: corrupt JPEG restored and saved
val: /workspace/SawitMVC-Depth-YOLO/valid/images/TOPAZ_I141_0063_2.jpg: corrupt JPEG restored and saved
val: /workspace/SawitMVC-Depth-YOLO/valid/images/TOPAZ_I141_0063_3.jpg: corrupt JPEG restored and saved
val: /workspace/SawitMVC-Depth-YOLO/valid/images/TOPAZ_I141_0063_4.jpg: corrupt JPEG restored and saved
val: /workspace/SawitMVC-Depth-YOLO/valid/images/TOPAZ_I141_0066_1.jpg: corrupt JPEG restored and saved
val: /workspace/SawitMVC-Depth-YOLO/valid/images/TOPAZ_I141_0066_2.jpg: corrupt JPEG restored and saved
val: /workspace/SawitMVC-Depth-YOLO/valid/images/TOPAZ_I141_0066_3.jpg: corrupt JPEG restored and saved
val: /workspace/SawitMVC-Depth-YOLO/valid/images/TOPAZ_I141_0066_4.jpg: corrupt JPEG restored and saved
val: /workspace/SawitMVC-Depth-YOLO/valid/images/TOPAZ_I141_0068_1.jpg: corrupt JPEG restored and saved
val: /workspace/SawitMVC-Depth-YOLO/valid/images/TOPAZ_I141_0068_2.jpg: corrupt JPEG restored and saved
val: /workspace/SawitMVC-Depth-YOLO/valid/images/TOPAZ_I141_0068_3.jpg: corrupt JPEG restored and saved
val: /workspace/SawitMVC-Depth-YOLO/valid/images/TOPAZ_I141_0068_4.jpg: corrupt JPEG restored and saved
val: /workspace/SawitMVC-Depth-YOLO/valid/images/TOPAZ_I141_0072_1.jpg: corrupt JPEG restored and saved
val: /workspace/SawitMVC-Depth-YOLO/valid/images/TOPAZ_I141_0072_2.jpg: corrupt JPEG restored and saved
val: /workspace/SawitMVC-Depth-YOLO/valid/images/TOPAZ_I141_0072_3.jpg: corrupt JPEG restored and saved
val: /workspace/SawitMVC-Depth-YOLO/valid/images/TOPAZ_I141_0072_4.jpg: corrupt JPEG restored and saved
val: /workspace/SawitMVC-Depth-YOLO/valid/images/TOPAZ_I141_0080_1.jpg: corrupt JPEG restored and saved
val: /workspace/SawitMVC-Depth-YOLO/valid/images/TOPAZ_I141_0080_2.jpg: corrupt JPEG restored and saved
val: /workspace/SawitMVC-Depth-YOLO/valid/images/TOPAZ_I141_0080_3.jpg: corrupt JPEG restored and saved
val: /workspace/SawitMVC-Depth-YOLO/valid/images/TOPAZ_I141_0080_4.jpg: corrupt JPEG restored and saved
val: /workspace/SawitMVC-Depth-YOLO/valid/images/TOPAZ_I141_0081_1.jpg: corrupt JPEG restored and saved
val: /workspace/SawitMVC-Depth-YOLO/valid/images/TOPAZ_I141_0081_2.jpg: corrupt JPEG restored and saved
val: /workspace/SawitMVC-Depth-YOLO/valid/images/TOPAZ_I141_0081_3.jpg: corrupt JPEG restored and saved
val: /workspace/SawitMVC-Depth-YOLO/valid/images/TOPAZ_I141_0081_4.jpg: corrupt JPEG restored and saved
val: /workspace/SawitMVC-Depth-YOLO/valid/images/TOPAZ_I141_0089_1.jpg: corrupt JPEG restored and saved
val: /workspace/SawitMVC-Depth-YOLO/valid/images/TOPAZ_I141_0089_2.jpg: corrupt JPEG restored and saved
val: /workspace/SawitMVC-Depth-YOLO/valid/images/TOPAZ_I141_0089_3.jpg: corrupt JPEG restored and saved
val: /workspace/SawitMVC-Depth-YOLO/valid/images/TOPAZ_I141_0089_4.jpg: corrupt JPEG restored and saved
val: /workspace/SawitMVC-Depth-YOLO/valid/images/TOPAZ_I141_0104_1.jpg: corrupt JPEG restored and saved
val: /workspace/SawitMVC-Depth-YOLO/valid/images/TOPAZ_I141_0104_2.jpg: corrupt JPEG restored and saved
val: /workspace/SawitMVC-Depth-YOLO/valid/images/TOPAZ_I141_0104_3.jpg: corrupt JPEG restored and saved
val: /workspace/SawitMVC-Depth-YOLO/valid/images/TOPAZ_I141_0104_4.jpg: corrupt JPEG restored and saved
val: /workspace/SawitMVC-Depth-YOLO/valid/images/TOPAZ_I19_0004_1.jpg: corrupt JPEG restored and saved
val: /workspace/SawitMVC-Depth-YOLO/valid/images/TOPAZ_I19_0004_2.jpg: corrupt JPEG restored and saved
val: /workspace/SawitMVC-Depth-YOLO/valid/images/TOPAZ_I19_0004_3.jpg: corrupt JPEG restored and saved
val: /workspace/SawitMVC-Depth-YOLO/valid/images/TOPAZ_I19_0004_4.jpg: corrupt JPEG restored and saved
val: /workspace/SawitMVC-Depth-YOLO/valid/images/TOPAZ_I19_0006_1.jpg: corrupt JPEG restored and saved
val: /workspace/SawitMVC-Depth-YOLO/valid/images/TOPAZ_I19_0006_2.jpg: corrupt JPEG restored and saved
val: /workspace/SawitMVC-Depth-YOLO/valid/images/TOPAZ_I19_0006_3.jpg: corrupt JPEG restored and saved
val: /workspace/SawitMVC-Depth-YOLO/valid/images/TOPAZ_I19_0006_4.jpg: corrupt JPEG restored and saved
val: /workspace/SawitMVC-Depth-YOLO/valid/images/TOPAZ_I19_0009_1.jpg: corrupt JPEG restored and saved
val: /workspace/SawitMVC-Depth-YOLO/valid/images/TOPAZ_I19_0009_2.jpg: corrupt JPEG restored and saved
val: /workspace/SawitMVC-Depth-YOLO/valid/images/TOPAZ_I19_0009_3.jpg: corrupt JPEG restored and saved
val: /workspace/SawitMVC-Depth-YOLO/valid/images/TOPAZ_I19_0009_4.jpg: corrupt JPEG restored and saved
val: /workspace/SawitMVC-Depth-YOLO/valid/images/TOPAZ_I19_0011_1.jpg: corrupt JPEG restored and saved
val: /workspace/SawitMVC-Depth-YOLO/valid/images/TOPAZ_I19_0011_2.jpg: corrupt JPEG restored and saved
val: /workspace/SawitMVC-Depth-YOLO/valid/images/TOPAZ_I19_0011_3.jpg: corrupt JPEG restored and saved
val: /workspace/SawitMVC-Depth-YOLO/valid/images/TOPAZ_I19_0011_4.jpg: corrupt JPEG restored and saved
val: New cache created: /workspace/SawitMVC-Depth-YOLO/valid/labels.cache
optimizer: 'optimizer=auto' found, ignoring 'lr0=0.01' and 'momentum=0.937' and determining best 'optimizer', 'lr0' and 'momentum' automatically... 
optimizer: AdamW(lr=0.00125, momentum=0.9) with parameter groups 178 weight(decay=0.0), 190 weight(decay=0.0005), 190 bias(decay=0.0)
Image sizes 1280 train, 1280 val
Using 8 dataloader workers
Logging results to /workspace/project-expertise/runs_new763/yolo26l_rgb_s42_i1280
Starting training for 60 epochs...

      Epoch    GPU_mem   box_loss   cls_loss   dfl_loss  Instances       Size

$ /workspace/project-expertise/.venv/bin/python /workspace/project-expertise/scripts/train_baseline_new763.py --arch yolo26l --data /workspace/SawitMVC-Depth-YOLO-RGB --project /workspace/project-expertise/runs_new763 --name yolo26l_rgb_s42_i1280 --epochs 60 --patience 15 --imgsz 1280 --batch 4 --grad-accum 4 --seed 42
New https://pypi.org/project/ultralytics/8.4.126 available 😃 Update with 'pip install -U ultralytics'
Ultralytics 8.4.103 🚀 Python-3.12.3 torch-2.8.0+cu128 CUDA:0 (NVIDIA GeForce RTX 4090, 24092MiB)
engine/trainer: agnostic_nms=False, amp=True, angle=1.0, augment=False, auto_augment=randaugment, batch=4, bgr=0.0, box=7.5, cache=False, cfg=None, classes=None, close_mosaic=7, cls=0.5, cls_pw=0.0, cls_remap=True, compile=False, conf=None, copy_paste=0.0, copy_paste_mode=flip, cos_lr=True, cutmix=0.0, data=/workspace/project-expertise/configs/new763_rgb_abs.yaml, degrees=0.0, deterministic=True, device=, dfl=1.5, dis=6.0, distill_model=None, dnn=False, dropout=0.0, dynamic=False, embed=None, end2end=None, epochs=60, erasing=0.4, exist_ok=False, fliplr=0.5, flipud=0.0, format=torchscript, fraction=1.0, freeze=None, hsv_h=0.015, hsv_s=0.7, hsv_v=0.4, imgsz=1280, iou=0.7, keras=False, kobj=1.0, line_width=None, lr0=0.01, lrf=0.01, mask_ratio=4, max_det=300, mixup=0.0, mode=train, model=yolo26l.pt, momentum=0.937, mosaic=1.0, multi_scale=0.0, name=yolo26l_rgb_s42_i1280-2, nbs=64, nms=False, opset=None, optimize=False, optimizer=auto, overlap_mask=True, patience=15, perspective=0.0, plots=False, pose=12.0, pretrained=True, profile=False, project=/workspace/project-expertise/runs_new763, quantize=None, rect=False, resume=False, retina_masks=False, rle=1.0, save=True, save_conf=False, save_crop=False, save_dir=/workspace/project-expertise/runs_new763/yolo26l_rgb_s42_i1280-2, save_frames=False, save_json=False, save_period=5, save_txt=False, scale=0.5, seed=42, shear=0.0, show=False, show_boxes=True, show_conf=True, show_labels=True, simplify=True, single_cls=False, source=None, split=val, stream_buffer=False, task=detect, time=None, tracker=tracktrack.yaml, translate=0.1, val=True, verbose=True, vid_stride=1, visualize=False, warmup_bias_lr=0.1, warmup_epochs=3.0, warmup_momentum=0.8, weight_decay=0.0005, workers=8, workspace=None
Overriding model.yaml nc=80 with nc=4

                   from  n    params  module                                       arguments                     
  0                  -1  1      1856  ultralytics.nn.modules.conv.Conv             [3, 64, 3, 2]                 
  1                  -1  1     73984  ultralytics.nn.modules.conv.Conv             [64, 128, 3, 2]               
  2                  -1  2    173824  ultralytics.nn.modules.block.C3k2            [128, 256, 2, True, 0.25]     
  3                  -1  1    590336  ultralytics.nn.modules.conv.Conv             [256, 256, 3, 2]              
  4                  -1  2    691712  ultralytics.nn.modules.block.C3k2            [256, 512, 2, True, 0.25]     
  5                  -1  1   2360320  ultralytics.nn.modules.conv.Conv             [512, 512, 3, 2]              
  6                  -1  2   2234368  ultralytics.nn.modules.block.C3k2            [512, 512, 2, True]           
  7                  -1  1   2360320  ultralytics.nn.modules.conv.Conv             [512, 512, 3, 2]              
  8                  -1  2   2234368  ultralytics.nn.modules.block.C3k2            [512, 512, 2, True]           
  9                  -1  1    656896  ultralytics.nn.modules.block.SPPF            [512, 512, 5, 3, True]        
 10                  -1  2   1455616  ultralytics.nn.modules.block.C2PSA           [512, 512, 2]                 
 11                  -1  1         0  torch.nn.modules.upsampling.Upsample         [None, 2, 'nearest']          
 12             [-1, 6]  1         0  ultralytics.nn.modules.conv.Concat           [1]                           
 13                  -1  2   2496512  ultralytics.nn.modules.block.C3k2            [1024, 512, 2, True]          
 14                  -1  1         0  torch.nn.modules.upsampling.Upsample         [None, 2, 'nearest']          
 15             [-1, 4]  1         0  ultralytics.nn.modules.conv.Concat           [1]                           
 16                  -1  2    756736  ultralytics.nn.modules.block.C3k2            [1024, 256, 2, True]          
 17                  -1  1    590336  ultralytics.nn.modules.conv.Conv             [256, 256, 3, 2]              
 18            [-1, 13]  1         0  ultralytics.nn.modules.conv.Concat           [1]                           
 19                  -1  2   2365440  ultralytics.nn.modules.block.C3k2            [768, 512, 2, True]           
 20                  -1  1   2360320  ultralytics.nn.modules.conv.Conv             [512, 512, 3, 2]              
 21            [-1, 10]  1         0  ultralytics.nn.modules.conv.Concat           [1]                           
 22                  -1  1   1974784  ultralytics.nn.modules.block.C3k2            [1024, 512, 1, True, 0.5, True]
 23        [16, 19, 22]  1   2804784  ultralytics.nn.modules.head.Detect           [4, 1, True, [256, 512, 512]] 
YOLO26l summary: 392 layers, 26,182,512 parameters, 26,182,512 gradients, 93.1 GFLOPs

Transferred 1080/1092 items from pretrained weights
AMP: running Automatic Mixed Precision (AMP) checks...
AMP: checks passed ✅
train: Fast image access ✅ (ping: 0.0±0.0 ms, read: 573.8±213.8 MB/s, size: 326.5 KB)
train: Scanning /workspace/SawitMVC-Depth-YOLO-RGB/train/labels... 2144 images, 226 backgrounds, 0 corrupt: 100% ━━━━━━━━━━━━ 2144/2144 327.5it/s 6.5s
train: /workspace/SawitMVC-Depth-YOLO-RGB/train/images/MARIHAT_I142_0001_1.jpg: corrupt JPEG restored and saved
train: /workspace/SawitMVC-Depth-YOLO-RGB/train/images/MARIHAT_I142_0001_2.jpg: corrupt JPEG restored and saved
train: /workspace/SawitMVC-Depth-YOLO-RGB/train/images/MARIHAT_I142_0001_3.jpg: corrupt JPEG restored and saved
train: /workspace/SawitMVC-Depth-YOLO-RGB/train/images/MARIHAT_I142_0001_4.jpg: corrupt JPEG restored and saved
train: /workspace/SawitMVC-Depth-YOLO-RGB/train/images/MARIHAT_I142_0002_1.jpg: corrupt JPEG restored and saved
train: /workspace/SawitMVC-Depth-YOLO-RGB/train/images/MARIHAT_I142_0002_2.jpg: corrupt JPEG restored and saved
train: /workspace/SawitMVC-Depth-YOLO-RGB/train/images/MARIHAT_I142_0002_3.jpg: corrupt JPEG restored and saved
train: /workspace/SawitMVC-Depth-YOLO-RGB/train/images/MARIHAT_I142_0002_4.jpg: corrupt JPEG restored and saved
train: /workspace/SawitMVC-Depth-YOLO-RGB/train/images/MARIHAT_I142_0003_1.jpg: corrupt JPEG restored and saved
train: /workspace/SawitMVC-Depth-YOLO-RGB/train/images/MARIHAT_I142_0003_2.jpg: corrupt JPEG restored and saved
train: /workspace/SawitMVC-Depth-YOLO-RGB/train/images/MARIHAT_I142_0003_3.jpg: corrupt JPEG restored and saved
train: /workspace/SawitMVC-Depth-YOLO-RGB/train/images/MARIHAT_I142_0003_4.jpg: corrupt JPEG restored and saved
train: /workspace/SawitMVC-Depth-YOLO-RGB/train/images/MARIHAT_I142_0005_1.jpg: corrupt JPEG restored and saved
train: /workspace/SawitMVC-Depth-YOLO-RGB/train/images/MARIHAT_I142_0005_2.jpg: corrupt JPEG restored and saved
train: /workspace/SawitMVC-Depth-YOLO-RGB/train/images/MARIHAT_I142_0005_3.jpg: corrupt JPEG restored and saved
train: /workspace/SawitMVC-Depth-YOLO-RGB/train/images/MARIHAT_I142_0005_4.jpg: corrupt JPEG restored and saved
train: /workspace/SawitMVC-Depth-YOLO-RGB/train/images/MARIHAT_I142_0006_1.jpg: corrupt JPEG restored and saved
train: /workspace/SawitMVC-Depth-YOLO-RGB/train/images/MARIHAT_I142_0006_2.jpg: corrupt JPEG restored and saved
train: /workspace/SawitMVC-Depth-YOLO-RGB/train/images/MARIHAT_I142_0006_3.jpg: corrupt JPEG restored and saved
train: /workspace/SawitMVC-Depth-YOLO-RGB/train/images/MARIHAT_I142_0006_4.jpg: corrupt JPEG restored and saved
train: /workspace/SawitMVC-Depth-YOLO-RGB/train/images/MARIHAT_I142_0007_1.jpg: corrupt JPEG restored and saved
train: /workspace/SawitMVC-Depth-YOLO-RGB/train/images/MARIHAT_I142_0007_2.jpg: corrupt JPEG restored and saved
train: /workspace/SawitMVC-Depth-YOLO-RGB/train/images/MARIHAT_I142_0007_3.jpg: corrupt JPEG restored and saved
train: /workspace/SawitMVC-Depth-YOLO-RGB/train/images/MARIHAT_I142_0007_4.jpg: corrupt JPEG restored and saved
train: /workspace/SawitMVC-Depth-YOLO-RGB/train/images/MARIHAT_I142_0008_1.jpg: corrupt JPEG restored and saved
train: /workspace/SawitMVC-Depth-YOLO-RGB/train/images/MARIHAT_I142_0008_2.jpg: corrupt JPEG restored and saved
train: /workspace/SawitMVC-Depth-YOLO-RGB/train/images/MARIHAT_I142_0008_3.jpg: corrupt JPEG restored and saved
train: /workspace/SawitMVC-Depth-YOLO-RGB/train/images/MARIHAT_I142_0008_4.jpg: corrupt JPEG restored and saved
train: /workspace/SawitMVC-Depth-YOLO-RGB/train/images/MARIHAT_I142_0009_1.jpg: corrupt JPEG restored and saved
train: /workspace/SawitMVC-Depth-YOLO-RGB/train/images/MARIHAT_I142_0009_2.jpg: corrupt JPEG restored and saved
train: /workspace/SawitMVC-Depth-YOLO-RGB/train/images/MARIHAT_I142_0009_3.jpg: corrupt JPEG restored and saved
train: /workspace/SawitMVC-Depth-YOLO-RGB/train/images/MARIHAT_I142_0009_4.jpg: corrupt JPEG restored and saved
train: /workspace/SawitMVC-Depth-YOLO-RGB/train/images/MARIHAT_I142_0011_1.jpg: corrupt JPEG restored and saved
train: /workspace/SawitMVC-Depth-YOLO-RGB/train/images/MARIHAT_I142_0011_2.jpg: corrupt JPEG restored and saved
train: /workspace/SawitMVC-Depth-YOLO-RGB/train/images/MARIHAT_I142_0011_3.jpg: corrupt JPEG restored and saved
train: /workspace/SawitMVC-Depth-YOLO-RGB/train/images/MARIHAT_I142_0011_4.jpg: corrupt JPEG restored and saved
train: /workspace/SawitMVC-Depth-YOLO-RGB/train/images/MARIHAT_I142_0012_1.jpg: corrupt JPEG restored and saved
train: /workspace/SawitMVC-Depth-YOLO-RGB/train/images/MARIHAT_I142_0012_2.jpg: corrupt JPEG restored and saved
train: /workspace/SawitMVC-Depth-YOLO-RGB/train/images/MARIHAT_I142_0012_3.jpg: corrupt JPEG restored and saved
train: /workspace/SawitMVC-Depth-YOLO-RGB/train/images/MARIHAT_I142_0012_4.jpg: corrupt JPEG restored and saved
train: /workspace/SawitMVC-Depth-YOLO-RGB/train/images/MARIHAT_I142_0015_1.jpg: corrupt JPEG restored and saved
train: /workspace/SawitMVC-Depth-YOLO-RGB/train/images/MARIHAT_I142_0015_2.jpg: corrupt JPEG restored and saved
train: /workspace/SawitMVC-Depth-YOLO-RGB/train/images/MARIHAT_I142_0015_3.jpg: corrupt JPEG restored and saved
train: /workspace/SawitMVC-Depth-YOLO-RGB/train/images/MARIHAT_I142_0015_4.jpg: corrupt JPEG restored and saved
train: /workspace/SawitMVC-Depth-YOLO-RGB/train/images/MARIHAT_I142_0016_1.jpg: corrupt JPEG restored and saved
train: /workspace/SawitMVC-Depth-YOLO-RGB/train/images/MARIHAT_I142_0016_2.jpg: corrupt JPEG restored and saved
train: /workspace/SawitMVC-Depth-YOLO-RGB/train/images/MARIHAT_I142_0016_3.jpg: corrupt JPEG restored and saved
train: /workspace/SawitMVC-Depth-YOLO-RGB/train/images/MARIHAT_I142_0016_4.jpg: corrupt JPEG restored and saved
train: /workspace/SawitMVC-Depth-YOLO-RGB/train/images/MARIHAT_I142_0018_1.jpg: corrupt JPEG restored and saved
train: /workspace/SawitMVC-Depth-YOLO-RGB/train/images/MARIHAT_I142_0018_2.jpg: corrupt JPEG restored and saved
train: /workspace/SawitMVC-Depth-YOLO-RGB/train/images/MARIHAT_I142_0018_3.jpg: corrupt JPEG restored and saved
train: /workspace/SawitMVC-Depth-YOLO-RGB/train/images/MARIHAT_I142_0018_4.jpg: corrupt JPEG restored and saved
train: /workspace/SawitMVC-Depth-YOLO-RGB/train/images/MARIHAT_I142_0019_1.jpg: corrupt JPEG restored and saved
train: /workspace/SawitMVC-Depth-YOLO-RGB/train/images/MARIHAT_I142_0019_2.jpg: corrupt JPEG restored and saved
train: /workspace/SawitMVC-Depth-YOLO-RGB/train/images/MARIHAT_I142_0019_3.jpg: corrupt JPEG restored and saved
train: /workspace/SawitMVC-Depth-YOLO-RGB/train/images/MARIHAT_I142_0019_4.jpg: corrupt JPEG restored and saved
train: /workspace/SawitMVC-Depth-YOLO-RGB/train/images/MARIHAT_I142_0020_1.jpg: corrupt JPEG restored and saved
train: /workspace/SawitMVC-Depth-YOLO-RGB/train/images/MARIHAT_I142_0020_2.jpg: corrupt JPEG restored and saved
train: /workspace/SawitMVC-Depth-YOLO-RGB/train/images/MARIHAT_I142_0020_3.jpg: corrupt JPEG restored and saved
train: /workspace/SawitMVC-Depth-YOLO-RGB/train/images/MARIHAT_I142_0020_4.jpg: corrupt JPEG restored and saved
train: /workspace/SawitMVC-Depth-YOLO-RGB/train/images/MARIHAT_I142_0022_1.jpg: corrupt JPEG restored and saved
train: /workspace/SawitMVC-Depth-YOLO-RGB/train/images/MARIHAT_I142_0022_2.jpg: corrupt JPEG restored and saved
train: /workspace/SawitMVC-Depth-YOLO-RGB/train/images/MARIHAT_I142_0022_3.jpg: corrupt JPEG restored and saved
train: /workspace/SawitMVC-Depth-YOLO-RGB/train/images/MARIHAT_I142_0022_4.jpg: corrupt JPEG restored and saved
train: /workspace/SawitMVC-Depth-YOLO-RGB/train/images/MARIHAT_I142_0025_1.jpg: corrupt JPEG restored and saved
train: /workspace/SawitMVC-Depth-YOLO-RGB/train/images/MARIHAT_I142_0025_2.jpg: corrupt JPEG restored and saved
train: /workspace/SawitMVC-Depth-YOLO-RGB/train/images/MARIHAT_I142_0025_3.jpg: corrupt JPEG restored and saved
train: /workspace/SawitMVC-Depth-YOLO-RGB/train/images/MARIHAT_I142_0025_4.jpg: corrupt JPEG restored and saved
train: /workspace/SawitMVC-Depth-YOLO-RGB/train/images/MARIHAT_I142_0026_1.jpg: corrupt JPEG restored and saved
train: /workspace/SawitMVC-Depth-YOLO-RGB/train/images/MARIHAT_I142_0026_2.jpg: corrupt JPEG restored and saved
train: /workspace/SawitMVC-Depth-YOLO-RGB/train/images/MARIHAT_I142_0026_3.jpg: corrupt JPEG restored and saved
train: /workspace/SawitMVC-Depth-YOLO-RGB/train/images/MARIHAT_I142_0026_4.jpg: corrupt JPEG restored and saved
train: /workspace/SawitMVC-Depth-YOLO-RGB/train/images/MARIHAT_I142_0027_1.jpg: corrupt JPEG restored and saved
train: /workspace/SawitMVC-Depth-YOLO-RGB/train/images/MARIHAT_I142_0027_2.jpg: corrupt JPEG restored and saved
train: /workspace/SawitMVC-Depth-YOLO-RGB/train/images/MARIHAT_I142_0027_3.jpg: corrupt JPEG restored and saved
train: /workspace/SawitMVC-Depth-YOLO-RGB/train/images/MARIHAT_I142_0027_4.jpg: corrupt JPEG restored and saved
train: /workspace/SawitMVC-Depth-YOLO-RGB/train/images/MARIHAT_I142_0028_1.jpg: corrupt JPEG restored and saved
train: /workspace/SawitMVC-Depth-YOLO-RGB/train/images/MARIHAT_I142_0028_2.jpg: corrupt JPEG restored and saved
train: /workspace/SawitMVC-Depth-YOLO-RGB/train/images/MARIHAT_I142_0028_3.jpg: corrupt JPEG restored and saved
train: /workspace/SawitMVC-Depth-YOLO-RGB/train/images/MARIHAT_I142_0028_4.jpg: corrupt JPEG restored and saved
train: /workspace/SawitMVC-Depth-YOLO-RGB/train/images/MARIHAT_I142_0030_1.jpg: corrupt JPEG restored and saved
train: /workspace/SawitMVC-Depth-YOLO-RGB/train/images/MARIHAT_I142_0030_2.jpg: corrupt JPEG restored and saved
train: /workspace/SawitMVC-Depth-YOLO-RGB/train/images/MARIHAT_I142_0030_3.jpg: corrupt JPEG restored and saved
train: /workspace/SawitMVC-Depth-YOLO-RGB/train/images/MARIHAT_I142_0030_4.jpg: corrupt JPEG restored and saved
train: /workspace/SawitMVC-Depth-YOLO-RGB/train/images/MARIHAT_I142_0032_1.jpg: corrupt JPEG restored and saved
train: /workspace/SawitMVC-Depth-YOLO-RGB/train/images/MARIHAT_I142_0032_2.jpg: corrupt JPEG restored and saved
train: /workspace/SawitMVC-Depth-YOLO-RGB/train/images/MARIHAT_I142_0032_3.jpg: corrupt JPEG restored and saved
train: /workspace/SawitMVC-Depth-YOLO-RGB/train/images/MARIHAT_I142_0032_4.jpg: corrupt JPEG restored and saved
train: /workspace/SawitMVC-Depth-YOLO-RGB/train/images/MARIHAT_I142_0034_1.jpg: corrupt JPEG restored and saved
train: /workspace/SawitMVC-Depth-YOLO-RGB/train/images/MARIHAT_I142_0034_2.jpg: corrupt JPEG restored and saved
train: /workspace/SawitMVC-Depth-YOLO-RGB/train/images/MARIHAT_I142_0034_3.jpg: corrupt JPEG restored and saved
train: /workspace/SawitMVC-Depth-YOLO-RGB/train/images/MARIHAT_I142_0034_4.jpg: corrupt JPEG restored and saved
train: /workspace/SawitMVC-Depth-YOLO-RGB/train/images/MARIHAT_I142_0035_1.jpg: corrupt JPEG restored and saved
train: /workspace/SawitMVC-Depth-YOLO-RGB/train/images/MARIHAT_I142_0035_2.jpg: corrupt JPEG restored and saved
train: /workspace/SawitMVC-Depth-YOLO-RGB/train/images/MARIHAT_I142_0035_3.jpg: corrupt JPEG restored and saved
train: /workspace/SawitMVC-Depth-YOLO-RGB/train/images/MARIHAT_I142_0035_4.jpg: corrupt JPEG restored and saved
train: /workspace/SawitMVC-Depth-YOLO-RGB/train/images/MARIHAT_I142_0037_1.jpg: corrupt JPEG restored and saved
train: /workspace/SawitMVC-Depth-YOLO-RGB/train/images/MARIHAT_I142_0037_2.jpg: corrupt JPEG restored and saved
train: /workspace/SawitMVC-Depth-YOLO-RGB/train/images/MARIHAT_I142_0037_3.jpg: corrupt JPEG restored and saved
train: /workspace/SawitMVC-Depth-YOLO-RGB/train/images/MARIHAT_I142_0037_4.jpg: corrupt JPEG restored and saved
train: /workspace/SawitMVC-Depth-YOLO-RGB/train/images/MARIHAT_I142_0038_1.jpg: corrupt JPEG restored and saved
train: /workspace/SawitMVC-Depth-YOLO-RGB/train/images/MARIHAT_I142_0038_2.jpg: corrupt JPEG restored and saved
train: /workspace/SawitMVC-Depth-YOLO-RGB/train/images/MARIHAT_I142_0038_3.jpg: corrupt JPEG restored and saved
train: /workspace/SawitMVC-Depth-YOLO-RGB/train/images/MARIHAT_I142_0038_4.jpg: corrupt JPEG restored and saved
train: /workspace/SawitMVC-Depth-YOLO-RGB/train/images/MARIHAT_I142_0039_1.jpg: corrupt JPEG restored and saved
train: /workspace/SawitMVC-Depth-YOLO-RGB/train/images/MARIHAT_I142_0039_2.jpg: corrupt JPEG restored and saved
train: /workspace/SawitMVC-Depth-YOLO-RGB/train/images/MARIHAT_I142_0039_3.jpg: corrupt JPEG restored and saved
train: /workspace/SawitMVC-Depth-YOLO-RGB/train/images/MARIHAT_I142_0039_4.jpg: corrupt JPEG restored and saved
train: /workspace/SawitMVC-Depth-YOLO-RGB/train/images/MARIHAT_I142_0041_1.jpg: corrupt JPEG restored and saved
train: /workspace/SawitMVC-Depth-YOLO-RGB/train/images/MARIHAT_I142_0041_2.jpg: corrupt JPEG restored and saved
train: /workspace/SawitMVC-Depth-YOLO-RGB/train/images/MARIHAT_I142_0041_3.jpg: corrupt JPEG restored and saved
train: /workspace/SawitMVC-Depth-YOLO-RGB/train/images/MARIHAT_I142_0041_4.jpg: corrupt JPEG restored and saved
train: /workspace/SawitMVC-Depth-YOLO-RGB/train/images/MARIHAT_I142_0042_1.jpg: corrupt JPEG restored and saved
train: /workspace/SawitMVC-Depth-YOLO-RGB/train/images/MARIHAT_I142_0042_2.jpg: corrupt JPEG restored and saved
train: /workspace/SawitMVC-Depth-YOLO-RGB/train/images/MARIHAT_I142_0042_3.jpg: corrupt JPEG restored and saved
train: /workspace/SawitMVC-Depth-YOLO-RGB/train/images/MARIHAT_I142_0042_4.jpg: corrupt JPEG restored and saved
train: /workspace/SawitMVC-Depth-YOLO-RGB/train/images/MARIHAT_I142_0045_1.jpg: corrupt JPEG restored and saved
train: /workspace/SawitMVC-Depth-YOLO-RGB/train/images/MARIHAT_I142_0045_2.jpg: corrupt JPEG restored and saved
train: /workspace/SawitMVC-Depth-YOLO-RGB/train/images/MARIHAT_I142_0045_3.jpg: corrupt JPEG restored and saved
train: /workspace/SawitMVC-Depth-YOLO-RGB/train/images/MARIHAT_I142_0045_4.jpg: corrupt JPEG restored and saved
train: /workspace/SawitMVC-Depth-YOLO-RGB/train/images/MARIHAT_I142_0047_1.jpg: corrupt JPEG restored and saved
train: /workspace/SawitMVC-Depth-YOLO-RGB/train/images/MARIHAT_I142_0047_2.jpg: corrupt JPEG restored and saved
train: /workspace/SawitMVC-Depth-YOLO-RGB/train/images/MARIHAT_I142_0047_3.jpg: corrupt JPEG restored and saved
train: /workspace/SawitMVC-Depth-YOLO-RGB/train/images/MARIHAT_I142_0047_4.jpg: corrupt JPEG restored and saved
train: /workspace/SawitMVC-Depth-YOLO-RGB/train/images/MARIHAT_I142_0048_1.jpg: corrupt JPEG restored and saved
train: /workspace/SawitMVC-Depth-YOLO-RGB/train/images/MARIHAT_I142_0048_2.jpg: corrupt JPEG restored and saved
train: /workspace/SawitMVC-Depth-YOLO-RGB/train/images/MARIHAT_I142_0048_3.jpg: corrupt JPEG restored and saved
train: /workspace/SawitMVC-Depth-YOLO-RGB/train/images/MARIHAT_I142_0048_4.jpg: corrupt JPEG restored and saved
train: /workspace/SawitMVC-Depth-YOLO-RGB/train/images/MARIHAT_I142_0049_1.jpg: corrupt JPEG restored and saved
train: /workspace/SawitMVC-Depth-YOLO-RGB/train/images/MARIHAT_I142_0049_2.jpg: corrupt JPEG restored and saved
train: /workspace/SawitMVC-Depth-YOLO-RGB/train/images/MARIHAT_I142_0049_3.jpg: corrupt JPEG restored and saved
train: /workspace/SawitMVC-Depth-YOLO-RGB/train/images/MARIHAT_I142_0049_4.jpg: corrupt JPEG restored and saved
train: /workspace/SawitMVC-Depth-YOLO-RGB/train/images/MARIHAT_I142_0050_1.jpg: corrupt JPEG restored and saved
train: /workspace/SawitMVC-Depth-YOLO-RGB/train/images/MARIHAT_I142_0050_2.jpg: corrupt JPEG restored and saved
train: /workspace/SawitMVC-Depth-YOLO-RGB/train/images/MARIHAT_I142_0050_3.jpg: corrupt JPEG restored and saved
train: /workspace/SawitMVC-Depth-YOLO-RGB/train/images/MARIHAT_I142_0050_4.jpg: corrupt JPEG restored and saved
train: /workspace/SawitMVC-Depth-YOLO-RGB/train/images/MARIHAT_I142_0051_1.jpg: corrupt JPEG restored and saved
train: /workspace/SawitMVC-Depth-YOLO-RGB/train/images/MARIHAT_I142_0051_2.jpg: corrupt JPEG restored and saved
train: /workspace/SawitMVC-Depth-YOLO-RGB/train/images/MARIHAT_I142_0051_3.jpg: corrupt JPEG restored and saved
train: /workspace/SawitMVC-Depth-YOLO-RGB/train/images/MARIHAT_I142_0051_4.jpg: corrupt JPEG restored and saved
train: /workspace/SawitMVC-Depth-YOLO-RGB/train/images/MARIHAT_I142_0052_1.jpg: corrupt JPEG restored and saved
train: /workspace/SawitMVC-Depth-YOLO-RGB/train/images/MARIHAT_I142_0052_2.jpg: corrupt JPEG restored and saved
train: /workspace/SawitMVC-Depth-YOLO-RGB/train/images/MARIHAT_I142_0052_3.jpg: corrupt JPEG restored and saved
train: /workspace/SawitMVC-Depth-YOLO-RGB/train/images/MARIHAT_I142_0052_4.jpg: corrupt JPEG restored and saved
train: /workspace/SawitMVC-Depth-YOLO-RGB/train/images/MARIHAT_I142_0053_1.jpg: corrupt JPEG restored and saved
train: /workspace/SawitMVC-Depth-YOLO-RGB/train/images/MARIHAT_I142_0053_2.jpg: corrupt JPEG restored and saved
train: /workspace/SawitMVC-Depth-YOLO-RGB/train/images/MARIHAT_I142_0053_3.jpg: corrupt JPEG restored and saved
train: /workspace/SawitMVC-Depth-YOLO-RGB/train/images/MARIHAT_I142_0053_4.jpg: corrupt JPEG restored and saved
train: /workspace/SawitMVC-Depth-YOLO-RGB/train/images/MARIHAT_I142_0054_1.jpg: corrupt JPEG restored and saved
train: /workspace/SawitMVC-Depth-YOLO-RGB/train/images/MARIHAT_I142_0054_2.jpg: corrupt JPEG restored and saved
train: /workspace/SawitMVC-Depth-YOLO-RGB/train/images/MARIHAT_I142_0054_3.jpg: corrupt JPEG restored and saved
train: /workspace/SawitMVC-Depth-YOLO-RGB/train/images/MARIHAT_I142_0054_4.jpg: corrupt JPEG restored and saved
train: /workspace/SawitMVC-Depth-YOLO-RGB/train/images/MARIHAT_I142_0056_1.jpg: corrupt JPEG restored and saved
train: /workspace/SawitMVC-Depth-YOLO-RGB/train/images/MARIHAT_I142_0056_2.jpg: corrupt JPEG restored and saved
train: /workspace/SawitMVC-Depth-YOLO-RGB/train/images/MARIHAT_I142_0056_3.jpg: corrupt JPEG restored and saved
train: /workspace/SawitMVC-Depth-YOLO-RGB/train/images/MARIHAT_I142_0056_4.jpg: corrupt JPEG restored and saved
train: /workspace/SawitMVC-Depth-YOLO-RGB/train/images/MARIHAT_I142_0057_1.jpg: corrupt JPEG restored and saved
train: /workspace/SawitMVC-Depth-YOLO-RGB/train/images/MARIHAT_I142_0057_2.jpg: corrupt JPEG restored and saved
train: /workspace/SawitMVC-Depth-YOLO-RGB/train/images/MARIHAT_I142_0057_3.jpg: corrupt JPEG restored and saved
train: /workspace/SawitMVC-Depth-YOLO-RGB/train/images/MARIHAT_I142_0057_4.jpg: corrupt JPEG restored and saved
train: /workspace/SawitMVC-Depth-YOLO-RGB/train/images/MARIHAT_I142_0058_1.jpg: corrupt JPEG restored and saved
train: /workspace/SawitMVC-Depth-YOLO-RGB/train/images/MARIHAT_I142_0058_2.jpg: corrupt JPEG restored and saved
train: /workspace/SawitMVC-Depth-YOLO-RGB/train/images/MARIHAT_I142_0058_3.jpg: corrupt JPEG restored and saved
train: /workspace/SawitMVC-Depth-YOLO-RGB/train/images/MARIHAT_I142_0058_4.jpg: corrupt JPEG restored and saved
train: /workspace/SawitMVC-Depth-YOLO-RGB/train/images/MARIHAT_I142_0059_1.jpg: corrupt JPEG restored and saved
train: /workspace/SawitMVC-Depth-YOLO-RGB/train/images/MARIHAT_I142_0059_2.jpg: corrupt JPEG restored and saved
train: /workspace/SawitMVC-Depth-YOLO-RGB/train/images/MARIHAT_I142_0059_3.jpg: corrupt JPEG restored and saved
train: /workspace/SawitMVC-Depth-YOLO-RGB/train/images/MARIHAT_I142_0059_4.jpg: corrupt JPEG restored and saved
train: /workspace/SawitMVC-Depth-YOLO-RGB/train/images/MARIHAT_I142_0060_1.jpg: corrupt JPEG restored and saved
train: /workspace/SawitMVC-Depth-YOLO-RGB/train/images/MARIHAT_I142_0060_2.jpg: corrupt JPEG restored and saved
train: /workspace/SawitMVC-Depth-YOLO-RGB/train/images/MARIHAT_I142_0060_3.jpg: corrupt JPEG restored and saved
train: /workspace/SawitMVC-Depth-YOLO-RGB/train/images/MARIHAT_I142_0060_4.jpg: corrupt JPEG restored and saved
train: /workspace/SawitMVC-Depth-YOLO-RGB/train/images/MARIHAT_I142_0061_1.jpg: corrupt JPEG restored and saved
train: /workspace/SawitMVC-Depth-YOLO-RGB/train/images/MARIHAT_I142_0061_2.jpg: corrupt JPEG restored and saved
train: /workspace/SawitMVC-Depth-YOLO-RGB/train/images/MARIHAT_I142_0061_3.jpg: corrupt JPEG restored and saved
train: /workspace/SawitMVC-Depth-YOLO-RGB/train/images/MARIHAT_I142_0061_4.jpg: corrupt JPEG restored and saved
train: /workspace/SawitMVC-Depth-YOLO-RGB/train/images/MARIHAT_I142_0062_1.jpg: corrupt JPEG restored and saved
train: /workspace/SawitMVC-Depth-YOLO-RGB/train/images/MARIHAT_I142_0062_2.jpg: corrupt JPEG restored and saved
train: /workspace/SawitMVC-Depth-YOLO-RGB/train/images/MARIHAT_I142_0062_3.jpg: corrupt JPEG restored and saved
train: /workspace/SawitMVC-Depth-YOLO-RGB/train/images/MARIHAT_I142_0062_4.jpg: corrupt JPEG restored and saved
train: /workspace/SawitMVC-Depth-YOLO-RGB/train/images/MARIHAT_I142_0064_1.jpg: corrupt JPEG restored and saved
train: /workspace/SawitMVC-Depth-YOLO-RGB/train/images/MARIHAT_I142_0064_2.jpg: corrupt JPEG restored and saved
train: /workspace/SawitMVC-Depth-YOLO-RGB/train/images/MARIHAT_I142_0064_3.jpg: corrupt JPEG restored and saved
train: /workspace/SawitMVC-Depth-YOLO-RGB/train/images/MARIHAT_I142_0064_4.jpg: corrupt JPEG restored and saved
train: /workspace/SawitMVC-Depth-YOLO-RGB/train/images/MARIHAT_I142_0066_1.jpg: corrupt JPEG restored and saved
train: /workspace/SawitMVC-Depth-YOLO-RGB/train/images/MARIHAT_I142_0066_2.jpg: corrupt JPEG restored and saved
train: /workspace/SawitMVC-Depth-YOLO-RGB/train/images/MARIHAT_I142_0066_3.jpg: corrupt JPEG restored and saved
train: /workspace/SawitMVC-Depth-YOLO-RGB/train/images/MARIHAT_I142_0066_4.jpg: corrupt JPEG restored and saved
train: /workspace/SawitMVC-Depth-YOLO-RGB/train/images/MARIHAT_I142_0068_1.jpg: corrupt JPEG restored and saved
train: /workspace/SawitMVC-Depth-YOLO-RGB/train/images/MARIHAT_I142_0068_2.jpg: corrupt JPEG restored and saved
train: /workspace/SawitMVC-Depth-YOLO-RGB/train/images/MARIHAT_I142_0068_3.jpg: corrupt JPEG restored and saved
train: /workspace/SawitMVC-Depth-YOLO-RGB/train/images/MARIHAT_I142_0068_4.jpg: corrupt JPEG restored and saved
train: /workspace/SawitMVC-Depth-YOLO-RGB/train/images/MARIHAT_I142_0069_1.jpg: corrupt JPEG restored and saved
train: /workspace/SawitMVC-Depth-YOLO-RGB/train/images/MARIHAT_I142_0069_2.jpg: corrupt JPEG restored and saved
train: /workspace/SawitMVC-Depth-YOLO-RGB/train/images/MARIHAT_I142_0069_3.jpg: corrupt JPEG restored and saved
train: /workspace/SawitMVC-Depth-YOLO-RGB/train/images/MARIHAT_I142_0069_4.jpg: corrupt JPEG restored and saved
train: /workspace/SawitMVC-Depth-YOLO-RGB/train/images/MARIHAT_I142_0071_1.jpg: corrupt JPEG restored and saved
train: /workspace/SawitMVC-Depth-YOLO-RGB/train/images/MARIHAT_I142_0071_2.jpg: corrupt JPEG restored and saved
train: /workspace/SawitMVC-Depth-YOLO-RGB/train/images/MARIHAT_I142_0071_3.jpg: corrupt JPEG restored and saved
train: /workspace/SawitMVC-Depth-YOLO-RGB/train/images/MARIHAT_I142_0071_4.jpg: corrupt JPEG restored and saved
train: /workspace/SawitMVC-Depth-YOLO-RGB/train/images/MARIHAT_I142_0072_1.jpg: corrupt JPEG restored and saved
train: /workspace/SawitMVC-Depth-YOLO-RGB/train/images/MARIHAT_I142_0072_2.jpg: corrupt JPEG restored and saved
train: /workspace/SawitMVC-Depth-YOLO-RGB/train/images/MARIHAT_I142_0072_3.jpg: corrupt JPEG restored and saved
train: /workspace/SawitMVC-Depth-YOLO-RGB/train/images/MARIHAT_I142_0072_4.jpg: corrupt JPEG restored and saved
train: /workspace/SawitMVC-Depth-YOLO-RGB/train/images/MARIHAT_I142_0073_1.jpg: corrupt JPEG restored and saved
train: /workspace/SawitMVC-Depth-YOLO-RGB/train/images/MARIHAT_I142_0073_2.jpg: corrupt JPEG restored and saved
train: /workspace/SawitMVC-Depth-YOLO-RGB/train/images/MARIHAT_I142_0073_3.jpg: corrupt JPEG restored and saved
train: /workspace/SawitMVC-Depth-YOLO-RGB/train/images/MARIHAT_I142_0073_4.jpg: corrupt JPEG restored and saved
train: /workspace/SawitMVC-Depth-YOLO-RGB/train/images/MARIHAT_I142_0075_1.jpg: corrupt JPEG restored and saved
train: /workspace/SawitMVC-Depth-YOLO-RGB/train/images/MARIHAT_I142_0075_2.jpg: corrupt JPEG restored and saved
train: /workspace/SawitMVC-Depth-YOLO-RGB/train/images/MARIHAT_I142_0075_3.jpg: corrupt JPEG restored and saved
train: /workspace/SawitMVC-Depth-YOLO-RGB/train/images/MARIHAT_I142_0075_4.jpg: corrupt JPEG restored and saved
train: /workspace/SawitMVC-Depth-YOLO-RGB/train/images/MARIHAT_I142_0076_1.jpg: corrupt JPEG restored and saved
train: /workspace/SawitMVC-Depth-YOLO-RGB/train/images/MARIHAT_I142_0076_2.jpg: corrupt JPEG restored and saved
train: /workspace/SawitMVC-Depth-YOLO-RGB/train/images/MARIHAT_I142_0076_3.jpg: corrupt JPEG restored and saved
train: /workspace/SawitMVC-Depth-YOLO-RGB/train/images/MARIHAT_I142_0076_4.jpg: corrupt JPEG restored and saved
train: /workspace/SawitMVC-Depth-YOLO-RGB/train/images/TOPAZ_H11_0001_1.jpg: corrupt JPEG restored and saved
train: /workspace/SawitMVC-Depth-YOLO-RGB/train/images/TOPAZ_H11_0001_2.jpg: corrupt JPEG restored and saved
train: /workspace/SawitMVC-Depth-YOLO-RGB/train/images/TOPAZ_H11_0001_3.jpg: corrupt JPEG restored and saved
train: /workspace/SawitMVC-Depth-YOLO-RGB/train/images/TOPAZ_H11_0001_4.jpg: corrupt JPEG restored and saved
train: /workspace/SawitMVC-Depth-YOLO-RGB/train/images/TOPAZ_H11_0002_1.jpg: corrupt JPEG restored and saved
train: /workspace/SawitMVC-Depth-YOLO-RGB/train/images/TOPAZ_H11_0002_2.jpg: corrupt JPEG restored and saved
train: /workspace/SawitMVC-Depth-YOLO-RGB/train/images/TOPAZ_H11_0002_3.jpg: corrupt JPEG restored and saved
train: /workspace/SawitMVC-Depth-YOLO-RGB/train/images/TOPAZ_H11_0002_4.jpg: corrupt JPEG restored and saved
train: /workspace/SawitMVC-Depth-YOLO-RGB/train/images/TOPAZ_H11_0003_1.jpg: corrupt JPEG restored and saved
train: /workspace/SawitMVC-Depth-YOLO-RGB/train/images/TOPAZ_H11_0003_2.jpg: corrupt JPEG restored and saved
train: /workspace/SawitMVC-Depth-YOLO-RGB/train/images/TOPAZ_H11_0003_3.jpg: corrupt JPEG restored and saved
train: /workspace/SawitMVC-Depth-YOLO-RGB/train/images/TOPAZ_H11_0003_4.jpg: corrupt JPEG restored and saved
train: /workspace/SawitMVC-Depth-YOLO-RGB/train/images/TOPAZ_H11_0004_1.jpg: corrupt JPEG restored and saved
train: /workspace/SawitMVC-Depth-YOLO-RGB/train/images/TOPAZ_H11_0004_2.jpg: corrupt JPEG restored and saved
train: /workspace/SawitMVC-Depth-YOLO-RGB/train/images/TOPAZ_H11_0004_3.jpg: corrupt JPEG restored and saved
train: /workspace/SawitMVC-Depth-YOLO-RGB/train/images/TOPAZ_H11_0004_4.jpg: corrupt JPEG restored and saved
train: /workspace/SawitMVC-Depth-YOLO-RGB/train/images/TOPAZ_H11_0006_1.jpg: corrupt JPEG restored and saved
train: /workspace/SawitMVC-Depth-YOLO-RGB/train/images/TOPAZ_H11_0006_2.jpg: corrupt JPEG restored and saved
train: /workspace/SawitMVC-Depth-YOLO-RGB/train/images/TOPAZ_H11_0006_3.jpg: corrupt JPEG restored and saved
train: /workspace/SawitMVC-Depth-YOLO-RGB/train/images/TOPAZ_H11_0006_4.jpg: corrupt JPEG restored and saved
train: /workspace/SawitMVC-Depth-YOLO-RGB/train/images/TOPAZ_H11_0008_1.jpg: corrupt JPEG restored and saved
train: /workspace/SawitMVC-Depth-YOLO-RGB/train/images/TOPAZ_H11_0008_2.jpg: corrupt JPEG restored and saved
train: /workspace/SawitMVC-Depth-YOLO-RGB/train/images/TOPAZ_H11_0008_3.jpg: corrupt JPEG restored and saved
train: /workspace/SawitMVC-Depth-YOLO-RGB/train/images/TOPAZ_H11_0008_4.jpg: corrupt JPEG restored and saved
train: /workspace/SawitMVC-Depth-YOLO-RGB/train/images/TOPAZ_H11_0010_1.jpg: corrupt JPEG restored and saved
train: /workspace/SawitMVC-Depth-YOLO-RGB/train/images/TOPAZ_H11_0010_2.jpg: corrupt JPEG restored and saved
train: /workspace/SawitMVC-Depth-YOLO-RGB/train/images/TOPAZ_H11_0010_3.jpg: corrupt JPEG restored and saved
train: /workspace/SawitMVC-Depth-YOLO-RGB/train/images/TOPAZ_H11_0010_4.jpg: corrupt JPEG restored and saved
train: /workspace/SawitMVC-Depth-YOLO-RGB/train/images/TOPAZ_H11_0012_1.jpg: corrupt JPEG restored and saved
train: /workspace/SawitMVC-Depth-YOLO-RGB/train/images/TOPAZ_H11_0012_2.jpg: corrupt JPEG restored and saved
train: /workspace/SawitMVC-Depth-YOLO-RGB/train/images/TOPAZ_H11_0012_3.jpg: corrupt JPEG restored and saved
train: /workspace/SawitMVC-Depth-YOLO-RGB/train/images/TOPAZ_H11_0012_4.jpg: corrupt JPEG restored and saved
train: /workspace/SawitMVC-Depth-YOLO-RGB/train/images/TOPAZ_H11_0013_1.jpg: corrupt JPEG restored and saved
train: /workspace/SawitMVC-Depth-YOLO-RGB/train/images/TOPAZ_H11_0013_2.jpg: corrupt JPEG restored and saved
train: /workspace/SawitMVC-Depth-YOLO-RGB/train/images/TOPAZ_H11_0013_3.jpg: corrupt JPEG restored and saved
train: /workspace/SawitMVC-Depth-YOLO-RGB/train/images/TOPAZ_H11_0013_4.jpg: corrupt JPEG restored and saved
train: /workspace/SawitMVC-Depth-YOLO-RGB/train/images/TOPAZ_H11_0016_1.jpg: corrupt JPEG restored and saved
train: /workspace/SawitMVC-Depth-YOLO-RGB/train/images/TOPAZ_H11_0016_2.jpg: corrupt JPEG restored and saved
train: /workspace/SawitMVC-Depth-YOLO-RGB/train/images/TOPAZ_H11_0016_3.jpg: corrupt JPEG restored and saved
train: /workspace/SawitMVC-Depth-YOLO-RGB/train/images/TOPAZ_H11_0016_4.jpg: corrupt JPEG restored and saved
train: /workspace/SawitMVC-Depth-YOLO-RGB/train/images/TOPAZ_H11_0017_1.jpg: corrupt JPEG restored and saved
train: /workspace/SawitMVC-Depth-YOLO-RGB/train/images/TOPAZ_H11_0017_2.jpg: corrupt JPEG restored and saved
train: /workspace/SawitMVC-Depth-YOLO-RGB/train/images/TOPAZ_H11_0017_3.jpg: corrupt JPEG restored and saved
train: /workspace/SawitMVC-Depth-YOLO-RGB/train/images/TOPAZ_H11_0017_4.jpg: corrupt JPEG restored and saved
train: /workspace/SawitMVC-Depth-YOLO-RGB/train/images/TOPAZ_H11_0018_1.jpg: corrupt JPEG restored and saved
train: /workspace/SawitMVC-Depth-YOLO-RGB/train/images/TOPAZ_H11_0018_2.jpg: corrupt JPEG restored and saved
train: /workspace/SawitMVC-Depth-YOLO-RGB/train/images/TOPAZ_H11_0018_3.jpg: corrupt JPEG restored and saved
train: /workspace/SawitMVC-Depth-YOLO-RGB/train/images/TOPAZ_H11_0018_4.jpg: corrupt JPEG restored and saved
train: /workspace/SawitMVC-Depth-YOLO-RGB/train/images/TOPAZ_H11_0019_1.jpg: corrupt JPEG restored and saved
train: /workspace/SawitMVC-Depth-YOLO-RGB/train/images/TOPAZ_H11_0019_2.jpg: corrupt JPEG restored and saved
train: /workspace/SawitMVC-Depth-YOLO-RGB/train/images/TOPAZ_H11_0019_3.jpg: corrupt JPEG restored and saved
train: /workspace/SawitMVC-Depth-YOLO-RGB/train/images/TOPAZ_H11_0019_4.jpg: corrupt JPEG restored and saved
train: /workspace/SawitMVC-Depth-YOLO-RGB/train/images/TOPAZ_H11_0020_1.jpg: corrupt JPEG restored and saved
train: /workspace/SawitMVC-Depth-YOLO-RGB/train/images/TOPAZ_H11_0020_2.jpg: corrupt JPEG restored and saved
train: /workspace/SawitMVC-Depth-YOLO-RGB/train/images/TOPAZ_H11_0020_3.jpg: corrupt JPEG restored and saved
train: /workspace/SawitMVC-Depth-YOLO-RGB/train/images/TOPAZ_H11_0020_4.jpg: corrupt JPEG restored and saved
train: /workspace/SawitMVC-Depth-YOLO-RGB/train/images/TOPAZ_H11_0023_1.jpg: corrupt JPEG restored and saved
train: /workspace/SawitMVC-Depth-YOLO-RGB/train/images/TOPAZ_H11_0023_2.jpg: corrupt JPEG restored and saved
train: /workspace/SawitMVC-Depth-YOLO-RGB/train/images/TOPAZ_H11_0023_3.jpg: corrupt JPEG restored and saved
train: /workspace/SawitMVC-Depth-YOLO-RGB/train/images/TOPAZ_H11_0023_4.jpg: corrupt JPEG restored and saved
train: /workspace/SawitMVC-Depth-YOLO-RGB/train/images/TOPAZ_H11_0024_1.jpg: corrupt JPEG restored and saved
train: /workspace/SawitMVC-Depth-YOLO-RGB/train/images/TOPAZ_H11_0024_2.jpg: corrupt JPEG restored and saved
train: /workspace/SawitMVC-Depth-YOLO-RGB/train/images/TOPAZ_H11_0024_3.jpg: corrupt JPEG restored and saved
train: /workspace/SawitMVC-Depth-YOLO-RGB/train/images/TOPAZ_H11_0024_4.jpg: corrupt JPEG restored and saved
train: /workspace/SawitMVC-Depth-YOLO-RGB/train/images/TOPAZ_H11_0025_1.jpg: corrupt JPEG restored and saved
train: /workspace/SawitMVC-Depth-YOLO-RGB/train/images/TOPAZ_H11_0025_2.jpg: corrupt JPEG restored and saved
train: /workspace/SawitMVC-Depth-YOLO-RGB/train/images/TOPAZ_H11_0025_3.jpg: corrupt JPEG restored and saved
train: /workspace/SawitMVC-Depth-YOLO-RGB/train/images/TOPAZ_H11_0025_4.jpg: corrupt JPEG restored and saved
train: /workspace/SawitMVC-Depth-YOLO-RGB/train/images/TOPAZ_H11_0027_1.jpg: corrupt JPEG restored and saved
train: /workspace/SawitMVC-Depth-YOLO-RGB/train/images/TOPAZ_H11_0027_2.jpg: corrupt JPEG restored and saved
train: /workspace/SawitMVC-Depth-YOLO-RGB/train/images/TOPAZ_H11_0027_3.jpg: corrupt JPEG restored and saved
train: /workspace/SawitMVC-Depth-YOLO-RGB/train/images/TOPAZ_H11_0027_4.jpg: corrupt JPEG restored and saved
train: /workspace/SawitMVC-Depth-YOLO-RGB/train/images/TOPAZ_H11_0029_1.jpg: corrupt JPEG restored and saved
train: /workspace/SawitMVC-Depth-YOLO-RGB/train/images/TOPAZ_H11_0029_2.jpg: corrupt JPEG restored and saved
train: /workspace/SawitMVC-Depth-YOLO-RGB/train/images/TOPAZ_H11_0029_3.jpg: corrupt JPEG restored and saved
train: /workspace/SawitMVC-Depth-YOLO-RGB/train/images/TOPAZ_H11_0029_4.jpg: corrupt JPEG restored and saved
train: /workspace/SawitMVC-Depth-YOLO-RGB/train/images/TOPAZ_H11_0030_1.jpg: corrupt JPEG restored and saved
train: /workspace/SawitMVC-Depth-YOLO-RGB/train/images/TOPAZ_H11_0030_2.jpg: corrupt JPEG restored and saved
train: /workspace/SawitMVC-Depth-YOLO-RGB/train/images/TOPAZ_H11_0030_3.jpg: corrupt JPEG restored and saved
train: /workspace/SawitMVC-Depth-YOLO-RGB/train/images/TOPAZ_H11_0030_4.jpg: corrupt JPEG restored and saved
train: /workspace/SawitMVC-Depth-YOLO-RGB/train/images/TOPAZ_H11_0031_1.jpg: corrupt JPEG restored and saved
train: /workspace/SawitMVC-Depth-YOLO-RGB/train/images/TOPAZ_H11_0031_2.jpg: corrupt JPEG restored and saved
train: /workspace/SawitMVC-Depth-YOLO-RGB/train/images/TOPAZ_H11_0031_3.jpg: corrupt JPEG restored and saved
train: /workspace/SawitMVC-Depth-YOLO-RGB/train/images/TOPAZ_H11_0031_4.jpg: corrupt JPEG restored and saved
train: /workspace/SawitMVC-Depth-YOLO-RGB/train/images/TOPAZ_H11_0034_1.jpg: corrupt JPEG restored and saved
train: /workspace/SawitMVC-Depth-YOLO-RGB/train/images/TOPAZ_H11_0034_2.jpg: corrupt JPEG restored and saved
train: /workspace/SawitMVC-Depth-YOLO-RGB/train/images/TOPAZ_H11_0034_3.jpg: corrupt JPEG restored and saved
train: /workspace/SawitMVC-Depth-YOLO-RGB/train/images/TOPAZ_H11_0034_4.jpg: corrupt JPEG restored and saved
train: /workspace/SawitMVC-Depth-YOLO-RGB/train/images/TOPAZ_H11_0037_1.jpg: corrupt JPEG restored and saved
train: /workspace/SawitMVC-Depth-YOLO-RGB/train/images/TOPAZ_H11_0037_2.jpg: corrupt JPEG restored and saved
train: /workspace/SawitMVC-Depth-YOLO-RGB/train/images/TOPAZ_H11_0037_3.jpg: corrupt JPEG restored and saved
train: /workspace/SawitMVC-Depth-YOLO-RGB/train/images/TOPAZ_H11_0037_4.jpg: corrupt JPEG restored and saved
train: /workspace/SawitMVC-Depth-YOLO-RGB/train/images/TOPAZ_H11_0038_1.jpg: corrupt JPEG restored and saved
train: /workspace/SawitMVC-Depth-YOLO-RGB/train/images/TOPAZ_H11_0038_2.jpg: corrupt JPEG restored and saved
train: /workspace/SawitMVC-Depth-YOLO-RGB/train/images/TOPAZ_H11_0038_3.jpg: corrupt JPEG restored and saved
train: /workspace/SawitMVC-Depth-YOLO-RGB/train/images/TOPAZ_H11_0038_4.jpg: corrupt JPEG restored and saved
train: /workspace/SawitMVC-Depth-YOLO-RGB/train/images/TOPAZ_H11_0039_1.jpg: corrupt JPEG restored and saved
train: /workspace/SawitMVC-Depth-YOLO-RGB/train/images/TOPAZ_H11_0039_2.jpg: corrupt JPEG restored and saved
train: /workspace/SawitMVC-Depth-YOLO-RGB/train/images/TOPAZ_H11_0039_3.jpg: corrupt JPEG restored and saved
train: /workspace/SawitMVC-Depth-YOLO-RGB/train/images/TOPAZ_H11_0039_4.jpg: corrupt JPEG restored and saved
train: /workspace/SawitMVC-Depth-YOLO-RGB/train/images/TOPAZ_H11_0040_1.jpg: corrupt JPEG restored and saved
train: /workspace/SawitMVC-Depth-YOLO-RGB/train/images/TOPAZ_H11_0040_2.jpg: corrupt JPEG restored and saved
train: /workspace/SawitMVC-Depth-YOLO-RGB/train/images/TOPAZ_H11_0040_3.jpg: corrupt JPEG restored and saved
train: /workspace/SawitMVC-Depth-YOLO-RGB/train/images/TOPAZ_H11_0040_4.jpg: corrupt JPEG restored and saved
train: /workspace/SawitMVC-Depth-YOLO-RGB/train/images/TOPAZ_H11_0042_1.jpg: corrupt JPEG restored and saved
train: /workspace/SawitMVC-Depth-YOLO-RGB/train/images/TOPAZ_H11_0042_2.jpg: corrupt JPEG restored and saved
train: /workspace/SawitMVC-Depth-YOLO-RGB/train/images/TOPAZ_H11_0042_3.jpg: corrupt JPEG restored and saved
train: /workspace/SawitMVC-Depth-YOLO-RGB/train/images/TOPAZ_H11_0042_4.jpg: corrupt JPEG restored and saved
train: /workspace/SawitMVC-Depth-YOLO-RGB/train/images/TOPAZ_H11_0044_1.jpg: corrupt JPEG restored and saved
train: /workspace/SawitMVC-Depth-YOLO-RGB/train/images/TOPAZ_H11_0044_2.jpg: corrupt JPEG restored and saved
train: /workspace/SawitMVC-Depth-YOLO-RGB/train/images/TOPAZ_H11_0044_3.jpg: corrupt JPEG restored and saved
train: /workspace/SawitMVC-Depth-YOLO-RGB/train/images/TOPAZ_H11_0044_4.jpg: corrupt JPEG restored and saved
train: /workspace/SawitMVC-Depth-YOLO-RGB/train/images/TOPAZ_H11_0045_1.jpg: corrupt JPEG restored and saved
train: /workspace/SawitMVC-Depth-YOLO-RGB/train/images/TOPAZ_H11_0045_2.jpg: corrupt JPEG restored and saved
train: /workspace/SawitMVC-Depth-YOLO-RGB/train/images/TOPAZ_H11_0045_3.jpg: corrupt JPEG restored and saved
train: /workspace/SawitMVC-Depth-YOLO-RGB/train/images/TOPAZ_H11_0045_4.jpg: corrupt JPEG restored and saved
train: /workspace/SawitMVC-Depth-YOLO-RGB/train/images/TOPAZ_H11_0047_1.jpg: corrupt JPEG restored and saved
train: /workspace/SawitMVC-Depth-YOLO-RGB/train/images/TOPAZ_H11_0047_2.jpg: corrupt JPEG restored and saved
train: /workspace/SawitMVC-Depth-YOLO-RGB/train/images/TOPAZ_H11_0047_3.jpg: corrupt JPEG restored and saved
train: /workspace/SawitMVC-Depth-YOLO-RGB/train/images/TOPAZ_H11_0047_4.jpg: corrupt JPEG restored and saved
train: /workspace/SawitMVC-Depth-YOLO-RGB/train/images/TOPAZ_H11_0048_1.jpg: corrupt JPEG restored and saved
train: /workspace/SawitMVC-Depth-YOLO-RGB/train/images/TOPAZ_H11_0048_2.jpg: corrupt JPEG restored and saved
train: /workspace/SawitMVC-Depth-YOLO-RGB/train/images/TOPAZ_H11_0048_3.jpg: corrupt JPEG restored and saved
train: /workspace/SawitMVC-Depth-YOLO-RGB/train/images/TOPAZ_H11_0048_4.jpg: corrupt JPEG restored and saved
train: /workspace/SawitMVC-Depth-YOLO-RGB/train/images/TOPAZ_H11_0049_1.jpg: corrupt JPEG restored and saved
train: /workspace/SawitMVC-Depth-YOLO-RGB/train/images/TOPAZ_H11_0049_2.jpg: corrupt JPEG restored and saved
train: /workspace/SawitMVC-Depth-YOLO-RGB/train/images/TOPAZ_H11_0049_3.jpg: corrupt JPEG restored and saved
train: /workspace/SawitMVC-Depth-YOLO-RGB/train/images/TOPAZ_H11_0049_4.jpg: corrupt JPEG restored and saved
train: /workspace/SawitMVC-Depth-YOLO-RGB/train/images/TOPAZ_H11_0051_1.jpg: corrupt JPEG restored and saved
train: /workspace/SawitMVC-Depth-YOLO-RGB/train/images/TOPAZ_H11_0051_2.jpg: corrupt JPEG restored and saved
train: /workspace/SawitMVC-Depth-YOLO-RGB/train/images/TOPAZ_H11_0051_3.jpg: corrupt JPEG restored and saved
train: /workspace/SawitMVC-Depth-YOLO-RGB/train/images/TOPAZ_H11_0051_4.jpg: corrupt JPEG restored and saved
train: /workspace/SawitMVC-Depth-YOLO-RGB/train/images/TOPAZ_H11_0052_1.jpg: corrupt JPEG restored and saved
train: /workspace/SawitMVC-Depth-YOLO-RGB/train/images/TOPAZ_H11_0052_2.jpg: corrupt JPEG restored and saved
train: /workspace/SawitMVC-Depth-YOLO-RGB/train/images/TOPAZ_H11_0052_3.jpg: corrupt JPEG restored and saved
train: /workspace/SawitMVC-Depth-YOLO-RGB/train/images/TOPAZ_H11_0052_4.jpg: corrupt JPEG restored and saved
train: /workspace/SawitMVC-Depth-YOLO-RGB/train/images/TOPAZ_H11_0053_1.jpg: corrupt JPEG restored and saved
train: /workspace/SawitMVC-Depth-YOLO-RGB/train/images/TOPAZ_H11_0053_2.jpg: corrupt JPEG restored and saved
train: /workspace/SawitMVC-Depth-YOLO-RGB/train/images/TOPAZ_H11_0053_3.jpg: corrupt JPEG restored and saved
train: /workspace/SawitMVC-Depth-YOLO-RGB/train/images/TOPAZ_H11_0053_4.jpg: corrupt JPEG restored and saved
train: /workspace/SawitMVC-Depth-YOLO-RGB/train/images/TOPAZ_H11_0055_1.jpg: corrupt JPEG restored and saved
train: /workspace/SawitMVC-Depth-YOLO-RGB/train/images/TOPAZ_H11_0055_2.jpg: corrupt JPEG restored and saved
train: /workspace/SawitMVC-Depth-YOLO-RGB/train/images/TOPAZ_H11_0055_3.jpg: corrupt JPEG restored and saved
train: /workspace/SawitMVC-Depth-YOLO-RGB/train/images/TOPAZ_H11_0055_4.jpg: corrupt JPEG restored and saved
train: /workspace/SawitMVC-Depth-YOLO-RGB/train/images/TOPAZ_H11_0056_1.jpg: corrupt JPEG restored and saved
train: /workspace/SawitMVC-Depth-YOLO-RGB/train/images/TOPAZ_H11_0056_2.jpg: corrupt JPEG restored and saved
train: /workspace/SawitMVC-Depth-YOLO-RGB/train/images/TOPAZ_H11_0056_3.jpg: corrupt JPEG restored and saved
train: /workspace/SawitMVC-Depth-YOLO-RGB/train/images/TOPAZ_H11_0056_4.jpg: corrupt JPEG restored and saved
train: /workspace/SawitMVC-Depth-YOLO-RGB/train/images/TOPAZ_H11_0059_1.jpg: corrupt JPEG restored and saved
train: /workspace/SawitMVC-Depth-YOLO-RGB/train/images/TOPAZ_H11_0059_2.jpg: corrupt JPEG restored and saved
train: /workspace/SawitMVC-Depth-YOLO-RGB/train/images/TOPAZ_H11_0059_3.jpg: corrupt JPEG restored and saved
train: /workspace/SawitMVC-Depth-YOLO-RGB/train/images/TOPAZ_H11_0059_4.jpg: corrupt JPEG restored and saved
train: /workspace/SawitMVC-Depth-YOLO-RGB/train/images/TOPAZ_H11_0060_1.jpg: corrupt JPEG restored and saved
train: /workspace/SawitMVC-Depth-YOLO-RGB/train/images/TOPAZ_H11_0060_2.jpg: corrupt JPEG restored and saved
train: /workspace/SawitMVC-Depth-YOLO-RGB/train/images/TOPAZ_H11_0060_3.jpg: corrupt JPEG restored and saved
train: /workspace/SawitMVC-Depth-YOLO-RGB/train/images/TOPAZ_H11_0060_4.jpg: corrupt JPEG restored and saved
train: /workspace/SawitMVC-Depth-YOLO-RGB/train/images/TOPAZ_H11_0061_1.jpg: corrupt JPEG restored and saved
train: /workspace/SawitMVC-Depth-YOLO-RGB/train/images/TOPAZ_H11_0061_2.jpg: corrupt JPEG restored and saved
train: /workspace/SawitMVC-Depth-YOLO-RGB/train/images/TOPAZ_H11_0061_3.jpg: corrupt JPEG restored and saved
train: /workspace/SawitMVC-Depth-YOLO-RGB/train/images/TOPAZ_H11_0061_4.jpg: corrupt JPEG restored and saved
train: /workspace/SawitMVC-Depth-YOLO-RGB/train/images/TOPAZ_H11_0062_1.jpg: corrupt JPEG restored and saved
train: /workspace/SawitMVC-Depth-YOLO-RGB/train/images/TOPAZ_H11_0062_2.jpg: corrupt JPEG restored and saved
train: /workspace/SawitMVC-Depth-YOLO-RGB/train/images/TOPAZ_H11_0062_3.jpg: corrupt JPEG restored and saved
train: /workspace/SawitMVC-Depth-YOLO-RGB/train/images/TOPAZ_H11_0062_4.jpg: corrupt JPEG restored and saved
train: /workspace/SawitMVC-Depth-YOLO-RGB/train/images/TOPAZ_H11_0063_1.jpg: corrupt JPEG restored and saved
train: /workspace/SawitMVC-Depth-YOLO-RGB/train/images/TOPAZ_H11_0063_2.jpg: corrupt JPEG restored and saved
train: /workspace/SawitMVC-Depth-YOLO-RGB/train/images/TOPAZ_H11_0063_3.jpg: corrupt JPEG restored and saved
train: /workspace/SawitMVC-Depth-YOLO-RGB/train/images/TOPAZ_H11_0063_4.jpg: corrupt JPEG restored and saved
train: /workspace/SawitMVC-Depth-YOLO-RGB/train/images/TOPAZ_H11_0065_1.jpg: corrupt JPEG restored and saved
train: /workspace/SawitMVC-Depth-YOLO-RGB/train/images/TOPAZ_H11_0065_2.jpg: corrupt JPEG restored and saved
train: /workspace/SawitMVC-Depth-YOLO-RGB/train/images/TOPAZ_H11_0065_3.jpg: corrupt JPEG restored and saved
train: /workspace/SawitMVC-Depth-YOLO-RGB/train/images/TOPAZ_H11_0065_4.jpg: corrupt JPEG restored and saved
train: /workspace/SawitMVC-Depth-YOLO-RGB/train/images/TOPAZ_H11_0066_1.jpg: corrupt JPEG restored and saved
train: /workspace/SawitMVC-Depth-YOLO-RGB/train/images/TOPAZ_H11_0066_2.jpg: corrupt JPEG restored and saved
train: /workspace/SawitMVC-Depth-YOLO-RGB/train/images/TOPAZ_H11_0066_3.jpg: corrupt JPEG restored and saved
train: /workspace/SawitMVC-Depth-YOLO-RGB/train/images/TOPAZ_H11_0066_4.jpg: corrupt JPEG restored and saved
train: /workspace/SawitMVC-Depth-YOLO-RGB/train/images/TOPAZ_H11_0067_1.jpg: corrupt JPEG restored and saved
train: /workspace/SawitMVC-Depth-YOLO-RGB/train/images/TOPAZ_H11_0067_2.jpg: corrupt JPEG restored and saved
train: /workspace/SawitMVC-Depth-YOLO-RGB/train/images/TOPAZ_H11_0067_3.jpg: corrupt JPEG restored and saved
train: /workspace/SawitMVC-Depth-YOLO-RGB/train/images/TOPAZ_H11_0067_4.jpg: corrupt JPEG restored and saved
train: /workspace/SawitMVC-Depth-YOLO-RGB/train/images/TOPAZ_H11_0068_1.jpg: corrupt JPEG restored and saved
train: /workspace/SawitMVC-Depth-YOLO-RGB/train/images/TOPAZ_H11_0068_2.jpg: corrupt JPEG restored and saved
train: /workspace/SawitMVC-Depth-YOLO-RGB/train/images/TOPAZ_H11_0068_3.jpg: corrupt JPEG restored and saved
train: /workspace/SawitMVC-Depth-YOLO-RGB/train/images/TOPAZ_H11_0068_4.jpg: corrupt JPEG restored and saved
train: /workspace/SawitMVC-Depth-YOLO-RGB/train/images/TOPAZ_H11_0069_1.jpg: corrupt JPEG restored and saved
train: /workspace/SawitMVC-Depth-YOLO-RGB/train/images/TOPAZ_H11_0069_2.jpg: corrupt JPEG restored and saved
train: /workspace/SawitMVC-Depth-YOLO-RGB/train/images/TOPAZ_H11_0069_3.jpg: corrupt JPEG restored and saved
train: /workspace/SawitMVC-Depth-YOLO-RGB/train/images/TOPAZ_H11_0069_4.jpg: corrupt JPEG restored and saved
train: /workspace/SawitMVC-Depth-YOLO-RGB/train/images/TOPAZ_H11_0070_1.jpg: corrupt JPEG restored and saved
train: /workspace/SawitMVC-Depth-YOLO-RGB/train/images/TOPAZ_H11_0070_2.jpg: corrupt JPEG restored and saved
train: /workspace/SawitMVC-Depth-YOLO-RGB/train/images/TOPAZ_H11_0070_3.jpg: corrupt JPEG restored and saved
train: /workspace/SawitMVC-Depth-YOLO-RGB/train/images/TOPAZ_H11_0070_4.jpg: corrupt JPEG restored and saved
train: /workspace/SawitMVC-Depth-YOLO-RGB/train/images/TOPAZ_H11_0071_1.jpg: corrupt JPEG restored and saved
train: /workspace/SawitMVC-Depth-YOLO-RGB/train/images/TOPAZ_H11_0071_2.jpg: corrupt JPEG restored and saved
train: /workspace/SawitMVC-Depth-YOLO-RGB/train/images/TOPAZ_H11_0071_3.jpg: corrupt JPEG restored and saved
train: /workspace/SawitMVC-Depth-YOLO-RGB/train/images/TOPAZ_H11_0071_4.jpg: corrupt JPEG restored and saved
train: /workspace/SawitMVC-Depth-YOLO-RGB/train/images/TOPAZ_H11_0072_1.jpg: corrupt JPEG restored and saved
train: /workspace/SawitMVC-Depth-YOLO-RGB/train/images/TOPAZ_H11_0072_2.jpg: corrupt JPEG restored and saved
train: /workspace/SawitMVC-Depth-YOLO-RGB/train/images/TOPAZ_H11_0072_3.jpg: corrupt JPEG restored and saved
train: /workspace/SawitMVC-Depth-YOLO-RGB/train/images/TOPAZ_H11_0072_4.jpg: corrupt JPEG restored and saved
train: /workspace/SawitMVC-Depth-YOLO-RGB/train/images/TOPAZ_H11_0074_1.jpg: corrupt JPEG restored and saved
train: /workspace/SawitMVC-Depth-YOLO-RGB/train/images/TOPAZ_H11_0074_2.jpg: corrupt JPEG restored and saved
train: /workspace/SawitMVC-Depth-YOLO-RGB/train/images/TOPAZ_H11_0074_3.jpg: corrupt JPEG restored and saved
train: /workspace/SawitMVC-Depth-YOLO-RGB/train/images/TOPAZ_H11_0074_4.jpg: corrupt JPEG restored and saved
train: /workspace/SawitMVC-Depth-YOLO-RGB/train/images/TOPAZ_H11_0076_1.jpg: corrupt JPEG restored and saved
train: /workspace/SawitMVC-Depth-YOLO-RGB/train/images/TOPAZ_H11_0076_2.jpg: corrupt JPEG restored and saved
train: /workspace/SawitMVC-Depth-YOLO-RGB/train/images/TOPAZ_H11_0076_3.jpg: corrupt JPEG restored and saved
train: /workspace/SawitMVC-Depth-YOLO-RGB/train/images/TOPAZ_H11_0076_4.jpg: corrupt JPEG restored and saved
train: /workspace/SawitMVC-Depth-YOLO-RGB/train/images/TOPAZ_H11_0078_1.jpg: corrupt JPEG restored and saved
train: /workspace/SawitMVC-Depth-YOLO-RGB/train/images/TOPAZ_H11_0078_2.jpg: corrupt JPEG restored and saved
train: /workspace/SawitMVC-Depth-YOLO-RGB/train/images/TOPAZ_H11_0078_3.jpg: corrupt JPEG restored and saved
train: /workspace/SawitMVC-Depth-YOLO-RGB/train/images/TOPAZ_H11_0078_4.jpg: corrupt JPEG restored and saved
train: /workspace/SawitMVC-Depth-YOLO-RGB/train/images/TOPAZ_H11_0079_1.jpg: corrupt JPEG restored and saved
train: /workspace/SawitMVC-Depth-YOLO-RGB/train/images/TOPAZ_H11_0079_2.jpg: corrupt JPEG restored and saved
train: /workspace/SawitMVC-Depth-YOLO-RGB/train/images/TOPAZ_H11_0079_3.jpg: corrupt JPEG restored and saved
train: /workspace/SawitMVC-Depth-YOLO-RGB/train/images/TOPAZ_H11_0079_4.jpg: corrupt JPEG restored and saved
train: /workspace/SawitMVC-Depth-YOLO-RGB/train/images/TOPAZ_H11_0081_1.jpg: corrupt JPEG restored and saved
train: /workspace/SawitMVC-Depth-YOLO-RGB/train/images/TOPAZ_H11_0081_2.jpg: corrupt JPEG restored and saved
train: /workspace/SawitMVC-Depth-YOLO-RGB/train/images/TOPAZ_H11_0081_3.jpg: corrupt JPEG restored and saved
train: /workspace/SawitMVC-Depth-YOLO-RGB/train/images/TOPAZ_H11_0081_4.jpg: corrupt JPEG restored and saved
train: /workspace/SawitMVC-Depth-YOLO-RGB/train/images/TOPAZ_H11_0082_1.jpg: corrupt JPEG restored and saved
train: /workspace/SawitMVC-Depth-YOLO-RGB/train/images/TOPAZ_H11_0082_2.jpg: corrupt JPEG restored and saved
train: /workspace/SawitMVC-Depth-YOLO-RGB/train/images/TOPAZ_H11_0082_3.jpg: corrupt JPEG restored and saved
train: /workspace/SawitMVC-Depth-YOLO-RGB/train/images/TOPAZ_H11_0082_4.jpg: corrupt JPEG restored and saved
train: /workspace/SawitMVC-Depth-YOLO-RGB/train/images/TOPAZ_H11_0083_1.jpg: corrupt JPEG restored and saved
train: /workspace/SawitMVC-Depth-YOLO-RGB/train/images/TOPAZ_H11_0083_2.jpg: corrupt JPEG restored and saved
train: /workspace/SawitMVC-Depth-YOLO-RGB/train/images/TOPAZ_H11_0083_3.jpg: corrupt JPEG restored and saved
train: /workspace/SawitMVC-Depth-YOLO-RGB/train/images/TOPAZ_H11_0083_4.jpg: corrupt JPEG restored and saved
train: /workspace/SawitMVC-Depth-YOLO-RGB/train/images/TOPAZ_H11_0084_1.jpg: corrupt JPEG restored and saved
train: /workspace/SawitMVC-Depth-YOLO-RGB/train/images/TOPAZ_H11_0084_2.jpg: corrupt JPEG restored and saved
train: /workspace/SawitMVC-Depth-YOLO-RGB/train/images/TOPAZ_H11_0084_3.jpg: corrupt JPEG restored and saved
train: /workspace/SawitMVC-Depth-YOLO-RGB/train/images/TOPAZ_H11_0084_4.jpg: corrupt JPEG restored and saved
train: /workspace/SawitMVC-Depth-YOLO-RGB/train/images/TOPAZ_H11_0085_1.jpg: corrupt JPEG restored and saved
train: /workspace/SawitMVC-Depth-YOLO-RGB/train/images/TOPAZ_H11_0085_2.jpg: corrupt JPEG restored and saved
train: /workspace/SawitMVC-Depth-YOLO-RGB/train/images/TOPAZ_H11_0085_3.jpg: corrupt JPEG restored and saved
train: /workspace/SawitMVC-Depth-YOLO-RGB/train/images/TOPAZ_H11_0085_4.jpg: corrupt JPEG restored and saved
train: /workspace/SawitMVC-Depth-YOLO-RGB/train/images/TOPAZ_H11_0087_1.jpg: corrupt JPEG restored and saved
train: /workspace/SawitMVC-Depth-YOLO-RGB/train/images/TOPAZ_H11_0087_2.jpg: corrupt JPEG restored and saved
train: /workspace/SawitMVC-Depth-YOLO-RGB/train/images/TOPAZ_H11_0087_3.jpg: corrupt JPEG restored and saved
train: /workspace/SawitMVC-Depth-YOLO-RGB/train/images/TOPAZ_H11_0087_4.jpg: corrupt JPEG restored and saved
train: /workspace/SawitMVC-Depth-YOLO-RGB/train/images/TOPAZ_H11_0088_1.jpg: corrupt JPEG restored and saved
train: /workspace/SawitMVC-Depth-YOLO-RGB/train/images/TOPAZ_H11_0088_2.jpg: corrupt JPEG restored and saved
train: /workspace/SawitMVC-Depth-YOLO-RGB/train/images/TOPAZ_H11_0088_3.jpg: corrupt JPEG restored and saved
train: /workspace/SawitMVC-Depth-YOLO-RGB/train/images/TOPAZ_H11_0088_4.jpg: corrupt JPEG restored and saved
train: /workspace/SawitMVC-Depth-YOLO-RGB/train/images/TOPAZ_H11_0089_1.jpg: corrupt JPEG restored and saved
train: /workspace/SawitMVC-Depth-YOLO-RGB/train/images/TOPAZ_H11_0089_2.jpg: corrupt JPEG restored and saved
train: /workspace/SawitMVC-Depth-YOLO-RGB/train/images/TOPAZ_H11_0089_3.jpg: corrupt JPEG restored and saved
train: /workspace/SawitMVC-Depth-YOLO-RGB/train/images/TOPAZ_H11_0089_4.jpg: corrupt JPEG restored and saved
train: /workspace/SawitMVC-Depth-YOLO-RGB/train/images/TOPAZ_H11_0090_1.jpg: corrupt JPEG restored and saved
train: /workspace/SawitMVC-Depth-YOLO-RGB/train/images/TOPAZ_H11_0090_2.jpg: corrupt JPEG restored and saved
train: /workspace/SawitMVC-Depth-YOLO-RGB/train/images/TOPAZ_H11_0090_3.jpg: corrupt JPEG restored and saved
train: /workspace/SawitMVC-Depth-YOLO-RGB/train/images/TOPAZ_H11_0090_4.jpg: corrupt JPEG restored and saved
train: /workspace/SawitMVC-Depth-YOLO-RGB/train/images/TOPAZ_H11_0092_1.jpg: corrupt JPEG restored and saved
train: /workspace/SawitMVC-Depth-YOLO-RGB/train/images/TOPAZ_H11_0092_2.jpg: corrupt JPEG restored and saved
train: /workspace/SawitMVC-Depth-YOLO-RGB/train/images/TOPAZ_H11_0092_3.jpg: corrupt JPEG restored and saved
train: /workspace/SawitMVC-Depth-YOLO-RGB/train/images/TOPAZ_H11_0092_4.jpg: corrupt JPEG restored and saved
train: /workspace/SawitMVC-Depth-YOLO-RGB/train/images/TOPAZ_H11_0093_1.jpg: corrupt JPEG restored and saved
train: /workspace/SawitMVC-Depth-YOLO-RGB/train/images/TOPAZ_H11_0093_2.jpg: corrupt JPEG restored and saved
train: /workspace/SawitMVC-Depth-YOLO-RGB/train/images/TOPAZ_H11_0093_3.jpg: corrupt JPEG restored and saved
train: /workspace/SawitMVC-Depth-YOLO-RGB/train/images/TOPAZ_H11_0093_4.jpg: corrupt JPEG restored and saved
train: /workspace/SawitMVC-Depth-YOLO-RGB/train/images/TOPAZ_H11_0094_1.jpg: corrupt JPEG restored and saved
train: /workspace/SawitMVC-Depth-YOLO-RGB/train/images/TOPAZ_H11_0094_2.jpg: corrupt JPEG restored and saved
train: /workspace/SawitMVC-Depth-YOLO-RGB/train/images/TOPAZ_H11_0094_3.jpg: corrupt JPEG restored and saved
train: /workspace/SawitMVC-Depth-YOLO-RGB/train/images/TOPAZ_H11_0094_4.jpg: corrupt JPEG restored and saved
train: /workspace/SawitMVC-Depth-YOLO-RGB/train/images/TOPAZ_H11_0095_1.jpg: corrupt JPEG restored and saved
train: /workspace/SawitMVC-Depth-YOLO-RGB/train/images/TOPAZ_H11_0095_2.jpg: corrupt JPEG restored and saved
train: /workspace/SawitMVC-Depth-YOLO-RGB/train/images/TOPAZ_H11_0095_3.jpg: corrupt JPEG restored and saved
train: /workspace/SawitMVC-Depth-YOLO-RGB/train/images/TOPAZ_H11_0095_4.jpg: corrupt JPEG restored and saved
train: /workspace/SawitMVC-Depth-YOLO-RGB/train/images/TOPAZ_H11_0096_1.jpg: corrupt JPEG restored and saved
train: /workspace/SawitMVC-Depth-YOLO-RGB/train/images/TOPAZ_H11_0096_2.jpg: corrupt JPEG restored and saved
train: /workspace/SawitMVC-Depth-YOLO-RGB/train/images/TOPAZ_H11_0096_3.jpg: corrupt JPEG restored and saved
train: /workspace/SawitMVC-Depth-YOLO-RGB/train/images/TOPAZ_H11_0096_4.jpg: corrupt JPEG restored and saved
train: /workspace/SawitMVC-Depth-YOLO-RGB/train/images/TOPAZ_H11_0098_1.jpg: corrupt JPEG restored and saved
train: /workspace/SawitMVC-Depth-YOLO-RGB/train/images/TOPAZ_H11_0098_2.jpg: corrupt JPEG restored and saved
train: /workspace/SawitMVC-Depth-YOLO-RGB/train/images/TOPAZ_H11_0098_3.jpg: corrupt JPEG restored and saved
train: /workspace/SawitMVC-Depth-YOLO-RGB/train/images/TOPAZ_H11_0098_4.jpg: corrupt JPEG restored and saved
train: /workspace/SawitMVC-Depth-YOLO-RGB/train/images/TOPAZ_H11_0099_1.jpg: corrupt JPEG restored and saved
train: /workspace/SawitMVC-Depth-YOLO-RGB/train/images/TOPAZ_H11_0099_2.jpg: corrupt JPEG restored and saved
train: /workspace/SawitMVC-Depth-YOLO-RGB/train/images/TOPAZ_H11_0099_3.jpg: corrupt JPEG restored and saved
train: /workspace/SawitMVC-Depth-YOLO-RGB/train/images/TOPAZ_H11_0099_4.jpg: corrupt JPEG restored and saved
train: /workspace/SawitMVC-Depth-YOLO-RGB/train/images/TOPAZ_H11_0100_1.jpg: corrupt JPEG restored and saved
train: /workspace/SawitMVC-Depth-YOLO-RGB/train/images/TOPAZ_H11_0100_2.jpg: corrupt JPEG restored and saved
train: /workspace/SawitMVC-Depth-YOLO-RGB/train/images/TOPAZ_H11_0100_3.jpg: corrupt JPEG restored and saved
train: /workspace/SawitMVC-Depth-YOLO-RGB/train/images/TOPAZ_H11_0100_4.jpg: corrupt JPEG restored and saved
train: /workspace/SawitMVC-Depth-YOLO-RGB/train/images/TOPAZ_H11_0101_1.jpg: corrupt JPEG restored and saved
train: /workspace/SawitMVC-Depth-YOLO-RGB/train/images/TOPAZ_H11_0101_2.jpg: corrupt JPEG restored and saved
train: /workspace/SawitMVC-Depth-YOLO-RGB/train/images/TOPAZ_H11_0101_3.jpg: corrupt JPEG restored and saved
train: /workspace/SawitMVC-Depth-YOLO-RGB/train/images/TOPAZ_H11_0101_4.jpg: corrupt JPEG restored and saved
train: /workspace/SawitMVC-Depth-YOLO-RGB/train/images/TOPAZ_H11_0103_1.jpg: corrupt JPEG restored and saved
train: /workspace/SawitMVC-Depth-YOLO-RGB/train/images/TOPAZ_H11_0103_2.jpg: corrupt JPEG restored and saved
train: /workspace/SawitMVC-Depth-YOLO-RGB/train/images/TOPAZ_H11_0103_3.jpg: corrupt JPEG restored and saved
train: /workspace/SawitMVC-Depth-YOLO-RGB/train/images/TOPAZ_H11_0103_4.jpg: corrupt JPEG restored and saved
train: /workspace/SawitMVC-Depth-YOLO-RGB/train/images/TOPAZ_H11_0104_1.jpg: corrupt JPEG restored and saved
train: /workspace/SawitMVC-Depth-YOLO-RGB/train/images/TOPAZ_H11_0104_2.jpg: corrupt JPEG restored and saved
train: /workspace/SawitMVC-Depth-YOLO-RGB/train/images/TOPAZ_H11_0104_3.jpg: corrupt JPEG restored and saved
train: /workspace/SawitMVC-Depth-YOLO-RGB/train/images/TOPAZ_H11_0104_4.jpg: corrupt JPEG restored and saved
train: /workspace/SawitMVC-Depth-YOLO-RGB/train/images/TOPAZ_H13_0002_1.jpg: corrupt JPEG restored and saved
train: /workspace/SawitMVC-Depth-YOLO-RGB/train/images/TOPAZ_H13_0002_2.jpg: corrupt JPEG restored and saved
train: /workspace/SawitMVC-Depth-YOLO-RGB/train/images/TOPAZ_H13_0002_3.jpg: corrupt JPEG restored and saved
train: /workspace/SawitMVC-Depth-YOLO-RGB/train/images/TOPAZ_H13_0002_4.jpg: corrupt JPEG restored and saved
train: /workspace/SawitMVC-Depth-YOLO-RGB/train/images/TOPAZ_H13_0003_1.jpg: corrupt JPEG restored and saved
train: /workspace/SawitMVC-Depth-YOLO-RGB/train/images/TOPAZ_H13_0003_2.jpg: corrupt JPEG restored and saved
train: /workspace/SawitMVC-Depth-YOLO-RGB/train/images/TOPAZ_H13_0003_3.jpg: corrupt JPEG restored and saved
train: /workspace/SawitMVC-Depth-YOLO-RGB/train/images/TOPAZ_H13_0003_4.jpg: corrupt JPEG restored and saved
train: /workspace/SawitMVC-Depth-YOLO-RGB/train/images/TOPAZ_H13_0007_1.jpg: corrupt JPEG restored and saved
train: /workspace/SawitMVC-Depth-YOLO-RGB/train/images/TOPAZ_H13_0007_2.jpg: corrupt JPEG restored and saved
train: /workspace/SawitMVC-Depth-YOLO-RGB/train/images/TOPAZ_H13_0007_3.jpg: corrupt JPEG restored and saved
train: /workspace/SawitMVC-Depth-YOLO-RGB/train/images/TOPAZ_H13_0007_4.jpg: corrupt JPEG restored and saved
train: /workspace/SawitMVC-Depth-YOLO-RGB/train/images/TOPAZ_H13_0008_1.jpg: corrupt JPEG restored and saved
train: /workspace/SawitMVC-Depth-YOLO-RGB/train/images/TOPAZ_H13_0008_2.jpg: corrupt JPEG restored and saved
train: /workspace/SawitMVC-Depth-YOLO-RGB/train/images/TOPAZ_H13_0008_3.jpg: corrupt JPEG restored and saved
train: /workspace/SawitMVC-Depth-YOLO-RGB/train/images/TOPAZ_H13_0008_4.jpg: corrupt JPEG restored and saved
train: /workspace/SawitMVC-Depth-YOLO-RGB/train/images/TOPAZ_H13_0010_1.jpg: corrupt JPEG restored and saved
train: /workspace/SawitMVC-Depth-YOLO-RGB/train/images/TOPAZ_H13_0010_2.jpg: corrupt JPEG restored and saved
train: /workspace/SawitMVC-Depth-YOLO-RGB/train/images/TOPAZ_H13_0010_3.jpg: corrupt JPEG restored and saved
train: /workspace/SawitMVC-Depth-YOLO-RGB/train/images/TOPAZ_H13_0010_4.jpg: corrupt JPEG restored and saved
train: /workspace/SawitMVC-Depth-YOLO-RGB/train/images/TOPAZ_H13_0012_1.jpg: corrupt JPEG restored and saved
train: /workspace/SawitMVC-Depth-YOLO-RGB/train/images/TOPAZ_H13_0012_2.jpg: corrupt JPEG restored and saved
train: /workspace/SawitMVC-Depth-YOLO-RGB/train/images/TOPAZ_H13_0012_3.jpg: corrupt JPEG restored and saved
train: /workspace/SawitMVC-Depth-YOLO-RGB/train/images/TOPAZ_H13_0012_4.jpg: corrupt JPEG restored and saved
train: /workspace/SawitMVC-Depth-YOLO-RGB/train/images/TOPAZ_H13_0013_1.jpg: corrupt JPEG restored and saved
train: /workspace/SawitMVC-Depth-YOLO-RGB/train/images/TOPAZ_H13_0013_2.jpg: corrupt JPEG restored and saved
train: /workspace/SawitMVC-Depth-YOLO-RGB/train/images/TOPAZ_H13_0013_3.jpg: corrupt JPEG restored and saved
train: /workspace/SawitMVC-Depth-YOLO-RGB/train/images/TOPAZ_H13_0013_4.jpg: corrupt JPEG restored and saved
train: /workspace/SawitMVC-Depth-YOLO-RGB/train/images/TOPAZ_H13_0014_1.jpg: corrupt JPEG restored and saved
train: /workspace/SawitMVC-Depth-YOLO-RGB/train/images/TOPAZ_H13_0014_2.jpg: corrupt JPEG restored and saved
train: /workspace/SawitMVC-Depth-YOLO-RGB/train/images/TOPAZ_H13_0014_3.jpg: corrupt JPEG restored and saved
train: /workspace/SawitMVC-Depth-YOLO-RGB/train/images/TOPAZ_H13_0014_4.jpg: corrupt JPEG restored and saved
train: /workspace/SawitMVC-Depth-YOLO-RGB/train/images/TOPAZ_H13_0015_1.jpg: corrupt JPEG restored and saved
train: /workspace/SawitMVC-Depth-YOLO-RGB/train/images/TOPAZ_H13_0015_2.jpg: corrupt JPEG restored and saved
train: /workspace/SawitMVC-Depth-YOLO-RGB/train/images/TOPAZ_H13_0015_3.jpg: corrupt JPEG restored and saved
train: /workspace/SawitMVC-Depth-YOLO-RGB/train/images/TOPAZ_H13_0015_4.jpg: corrupt JPEG restored and saved
train: /workspace/SawitMVC-Depth-YOLO-RGB/train/images/TOPAZ_H13_0016_1.jpg: corrupt JPEG restored and saved
train: /workspace/SawitMVC-Depth-YOLO-RGB/train/images/TOPAZ_H13_0016_2.jpg: corrupt JPEG restored and saved
train: /workspace/SawitMVC-Depth-YOLO-RGB/train/images/TOPAZ_H13_0016_3.jpg: corrupt JPEG restored and saved
train: /workspace/SawitMVC-Depth-YOLO-RGB/train/images/TOPAZ_H13_0016_4.jpg: corrupt JPEG restored and saved
train: /workspace/SawitMVC-Depth-YOLO-RGB/train/images/TOPAZ_H13_0017_1.jpg: corrupt JPEG restored and saved
train: /workspace/SawitMVC-Depth-YOLO-RGB/train/images/TOPAZ_H13_0017_2.jpg: corrupt JPEG restored and saved
train: /workspace/SawitMVC-Depth-YOLO-RGB/train/images/TOPAZ_H13_0017_3.jpg: corrupt JPEG restored and saved
train: /workspace/SawitMVC-Depth-YOLO-RGB/train/images/TOPAZ_H13_0017_4.jpg: corrupt JPEG restored and saved
train: /workspace/SawitMVC-Depth-YOLO-RGB/train/images/TOPAZ_H13_0020_1.jpg: corrupt JPEG restored and saved
train: /workspace/SawitMVC-Depth-YOLO-RGB/train/images/TOPAZ_H13_0020_2.jpg: corrupt JPEG restored and saved
train: /workspace/SawitMVC-Depth-YOLO-RGB/train/images/TOPAZ_H13_0020_3.jpg: corrupt JPEG restored and saved
train: /workspace/SawitMVC-Depth-YOLO-RGB/train/images/TOPAZ_H13_0020_4.jpg: corrupt JPEG restored and saved
train: /workspace/SawitMVC-Depth-YOLO-RGB/train/images/TOPAZ_H13_0022_1.jpg: corrupt JPEG restored and saved
train: /workspace/SawitMVC-Depth-YOLO-RGB/train/images/TOPAZ_H13_0022_2.jpg: corrupt JPEG restored and saved
train: /workspace/SawitMVC-Depth-YOLO-RGB/train/images/TOPAZ_H13_0022_3.jpg: corrupt JPEG restored and saved
train: /workspace/SawitMVC-Depth-YOLO-RGB/train/images/TOPAZ_H13_0022_4.jpg: corrupt JPEG restored and saved
train: /workspace/SawitMVC-Depth-YOLO-RGB/train/images/TOPAZ_H13_0024_1.jpg: corrupt JPEG restored and saved
train: /workspace/SawitMVC-Depth-YOLO-RGB/train/images/TOPAZ_H13_0024_2.jpg: corrupt JPEG restored and saved
train: /workspace/SawitMVC-Depth-YOLO-RGB/train/images/TOPAZ_H13_0024_3.jpg: corrupt JPEG restored and saved
train: /workspace/SawitMVC-Depth-YOLO-RGB/train/images/TOPAZ_H13_0024_4.jpg: corrupt JPEG restored and saved
train: /workspace/SawitMVC-Depth-YOLO-RGB/train/images/TOPAZ_H13_0025_1.jpg: corrupt JPEG restored and saved
train: /workspace/SawitMVC-Depth-YOLO-RGB/train/images/TOPAZ_H13_0025_2.jpg: corrupt JPEG restored and saved
train: /workspace/SawitMVC-Depth-YOLO-RGB/train/images/TOPAZ_H13_0025_3.jpg: corrupt JPEG restored and saved
train: /workspace/SawitMVC-Depth-YOLO-RGB/train/images/TOPAZ_H13_0025_4.jpg: corrupt JPEG restored and saved
train: /workspace/SawitMVC-Depth-YOLO-RGB/train/images/TOPAZ_H13_0026_1.jpg: corrupt JPEG restored and saved
train: /workspace/SawitMVC-Depth-YOLO-RGB/train/images/TOPAZ_H13_0026_2.jpg: corrupt JPEG restored and saved
train: /workspace/SawitMVC-Depth-YOLO-RGB/train/images/TOPAZ_H13_0026_3.jpg: corrupt JPEG restored and saved
train: /workspace/SawitMVC-Depth-YOLO-RGB/train/images/TOPAZ_H13_0026_4.jpg: corrupt JPEG restored and saved
train: /workspace/SawitMVC-Depth-YOLO-RGB/train/images/TOPAZ_H13_0029_1.jpg: corrupt JPEG restored and saved
train: /workspace/SawitMVC-Depth-YOLO-RGB/train/images/TOPAZ_H13_0029_2.jpg: corrupt JPEG restored and saved
train: /workspace/SawitMVC-Depth-YOLO-RGB/train/images/TOPAZ_H13_0029_3.jpg: corrupt JPEG restored and saved
train: /workspace/SawitMVC-Depth-YOLO-RGB/train/images/TOPAZ_H13_0029_4.jpg: corrupt JPEG restored and saved
train: /workspace/SawitMVC-Depth-YOLO-RGB/train/images/TOPAZ_H13_0030_1.jpg: corrupt JPEG restored and saved
train: /workspace/SawitMVC-Depth-YOLO-RGB/train/images/TOPAZ_H13_0030_2.jpg: corrupt JPEG restored and saved
train: /workspace/SawitMVC-Depth-YOLO-RGB/train/images/TOPAZ_H13_0030_3.jpg: corrupt JPEG restored and saved
train: /workspace/SawitMVC-Depth-YOLO-RGB/train/images/TOPAZ_H13_0030_4.jpg: corrupt JPEG restored and saved
train: /workspace/SawitMVC-Depth-YOLO-RGB/train/images/TOPAZ_H13_0031_1.jpg: corrupt JPEG restored and saved
train: /workspace/SawitMVC-Depth-YOLO-RGB/train/images/TOPAZ_H13_0031_2.jpg: corrupt JPEG restored and saved
train: /workspace/SawitMVC-Depth-YOLO-RGB/train/images/TOPAZ_H13_0031_3.jpg: corrupt JPEG restored and saved
train: /workspace/SawitMVC-Depth-YOLO-RGB/train/images/TOPAZ_H13_0031_4.jpg: corrupt JPEG restored and saved
train: /workspace/SawitMVC-Depth-YOLO-RGB/train/images/TOPAZ_H13_0032_1.jpg: corrupt JPEG restored and saved
train: /workspace/SawitMVC-Depth-YOLO-RGB/train/images/TOPAZ_H13_0032_2.jpg: corrupt JPEG restored and saved
train: /workspace/SawitMVC-Depth-YOLO-RGB/train/images/TOPAZ_H13_0032_3.jpg: corrupt JPEG restored and saved
train: /workspace/SawitMVC-Depth-YOLO-RGB/train/images/TOPAZ_H13_0032_4.jpg: corrupt JPEG restored and saved
train: /workspace/SawitMVC-Depth-YOLO-RGB/train/images/TOPAZ_H13_0033_1.jpg: corrupt JPEG restored and saved
train: /workspace/SawitMVC-Depth-YOLO-RGB/train/images/TOPAZ_H13_0033_2.jpg: corrupt JPEG restored and saved
train: /workspace/SawitMVC-Depth-YOLO-RGB/train/images/TOPAZ_H13_0033_3.jpg: corrupt JPEG restored and saved
train: /workspace/SawitMVC-Depth-YOLO-RGB/train/images/TOPAZ_H13_0033_4.jpg: corrupt JPEG restored and saved
train: /workspace/SawitMVC-Depth-YOLO-RGB/train/images/TOPAZ_H13_0034_1.jpg: corrupt JPEG restored and saved
train: /workspace/SawitMVC-Depth-YOLO-RGB/train/images/TOPAZ_H13_0034_2.jpg: corrupt JPEG restored and saved
train: /workspace/SawitMVC-Depth-YOLO-RGB/train/images/TOPAZ_H13_0034_3.jpg: corrupt JPEG restored and saved
train: /workspace/SawitMVC-Depth-YOLO-RGB/train/images/TOPAZ_H13_0034_4.jpg: corrupt JPEG restored and saved
train: /workspace/SawitMVC-Depth-YOLO-RGB/train/images/TOPAZ_H13_0036_1.jpg: corrupt JPEG restored and saved
train: /workspace/SawitMVC-Depth-YOLO-RGB/train/images/TOPAZ_H13_0036_2.jpg: corrupt JPEG restored and saved
train: /workspace/SawitMVC-Depth-YOLO-RGB/train/images/TOPAZ_H13_0036_3.jpg: corrupt JPEG restored and saved
train: /workspace/SawitMVC-Depth-YOLO-RGB/train/images/TOPAZ_H13_0036_4.jpg: corrupt JPEG restored and saved
train: /workspace/SawitMVC-Depth-YOLO-RGB/train/images/TOPAZ_H13_0038_1.jpg: corrupt JPEG restored and saved
train: /workspace/SawitMVC-Depth-YOLO-RGB/train/images/TOPAZ_H13_0038_2.jpg: corrupt JPEG restored and saved
train: /workspace/SawitMVC-Depth-YOLO-RGB/train/images/TOPAZ_H13_0038_3.jpg: corrupt JPEG restored and saved
train: /workspace/SawitMVC-Depth-YOLO-RGB/train/images/TOPAZ_H13_0038_4.jpg: corrupt JPEG restored and saved
train: /workspace/SawitMVC-Depth-YOLO-RGB/train/images/TOPAZ_H13_0040_1.jpg: corrupt JPEG restored and saved
train: /workspace/SawitMVC-Depth-YOLO-RGB/train/images/TOPAZ_H13_0040_2.jpg: corrupt JPEG restored and saved
train: /workspace/SawitMVC-Depth-YOLO-RGB/train/images/TOPAZ_H13_0040_3.jpg: corrupt JPEG restored and saved
train: /workspace/SawitMVC-Depth-YOLO-RGB/train/images/TOPAZ_H13_0040_4.jpg: corrupt JPEG restored and saved
train: /workspace/SawitMVC-Depth-YOLO-RGB/train/images/TOPAZ_H13_0041_1.jpg: corrupt JPEG restored and saved
train: /workspace/SawitMVC-Depth-YOLO-RGB/train/images/TOPAZ_H13_0041_2.jpg: corrupt JPEG restored and saved
train: /workspace/SawitMVC-Depth-YOLO-RGB/train/images/TOPAZ_H13_0041_3.jpg: corrupt JPEG restored and saved
train: /workspace/SawitMVC-Depth-YOLO-RGB/train/images/TOPAZ_H13_0041_4.jpg: corrupt JPEG restored and saved
train: /workspace/SawitMVC-Depth-YOLO-RGB/train/images/TOPAZ_H13_0042_1.jpg: corrupt JPEG restored and saved
train: /workspace/SawitMVC-Depth-YOLO-RGB/train/images/TOPAZ_H13_0042_2.jpg: corrupt JPEG restored and saved
train: /workspace/SawitMVC-Depth-YOLO-RGB/train/images/TOPAZ_H13_0042_3.jpg: corrupt JPEG restored and saved
train: /workspace/SawitMVC-Depth-YOLO-RGB/train/images/TOPAZ_H13_0042_4.jpg: corrupt JPEG restored and saved
train: /workspace/SawitMVC-Depth-YOLO-RGB/train/images/TOPAZ_H13_0043_1.jpg: corrupt JPEG restored and saved
train: /workspace/SawitMVC-Depth-YOLO-RGB/train/images/TOPAZ_H13_0043_2.jpg: corrupt JPEG restored and saved
train: /workspace/SawitMVC-Depth-YOLO-RGB/train/images/TOPAZ_H13_0043_3.jpg: corrupt JPEG restored and saved
train: /workspace/SawitMVC-Depth-YOLO-RGB/train/images/TOPAZ_H13_0043_4.jpg: corrupt JPEG restored and saved
train: /workspace/SawitMVC-Depth-YOLO-RGB/train/images/TOPAZ_H13_0044_1.jpg: corrupt JPEG restored and saved
train: /workspace/SawitMVC-Depth-YOLO-RGB/train/images/TOPAZ_H13_0044_2.jpg: corrupt JPEG restored and saved
train: /workspace/SawitMVC-Depth-YOLO-RGB/train/images/TOPAZ_H13_0044_3.jpg: corrupt JPEG restored and saved
train: /workspace/SawitMVC-Depth-YOLO-RGB/train/images/TOPAZ_H13_0044_4.jpg: corrupt JPEG restored and saved
train: /workspace/SawitMVC-Depth-YOLO-RGB/train/images/TOPAZ_H13_0046_1.jpg: corrupt JPEG restored and saved
train: /workspace/SawitMVC-Depth-YOLO-RGB/train/images/TOPAZ_H13_0046_2.jpg: corrupt JPEG restored and saved
train: /workspace/SawitMVC-Depth-YOLO-RGB/train/images/TOPAZ_H13_0046_3.jpg: corrupt JPEG restored and saved
train: /workspace/SawitMVC-Depth-YOLO-RGB/train/images/TOPAZ_H13_0046_4.jpg: corrupt JPEG restored and saved
train: /workspace/SawitMVC-Depth-YOLO-RGB/train/images/TOPAZ_H13_0047_1.jpg: corrupt JPEG restored and saved
train: /workspace/SawitMVC-Depth-YOLO-RGB/train/images/TOPAZ_H13_0047_2.jpg: corrupt JPEG restored and saved
train: /workspace/SawitMVC-Depth-YOLO-RGB/train/images/TOPAZ_H13_0047_3.jpg: corrupt JPEG restored and saved
train: /workspace/SawitMVC-Depth-YOLO-RGB/train/images/TOPAZ_H13_0047_4.jpg: corrupt JPEG restored and saved
train: /workspace/SawitMVC-Depth-YOLO-RGB/train/images/TOPAZ_H13_0049_1.jpg: corrupt JPEG restored and saved
train: /workspace/SawitMVC-Depth-YOLO-RGB/train/images/TOPAZ_H13_0049_2.jpg: corrupt JPEG restored and saved
train: /workspace/SawitMVC-Depth-YOLO-RGB/train/images/TOPAZ_H13_0049_3.jpg: corrupt JPEG restored and saved
train: /workspace/SawitMVC-Depth-YOLO-RGB/train/images/TOPAZ_H13_0049_4.jpg: corrupt JPEG restored and saved
train: /workspace/SawitMVC-Depth-YOLO-RGB/train/images/TOPAZ_H13_0050_1.jpg: corrupt JPEG restored and saved
train: /workspace/SawitMVC-Depth-YOLO-RGB/train/images/TOPAZ_H13_0050_2.jpg: corrupt JPEG restored and saved
train: /workspace/SawitMVC-Depth-YOLO-RGB/train/images/TOPAZ_H13_0050_3.jpg: corrupt JPEG restored and saved
train: /workspace/SawitMVC-Depth-YOLO-RGB/train/images/TOPAZ_H13_0050_4.jpg: corrupt JPEG restored and saved
train: /workspace/SawitMVC-Depth-YOLO-RGB/train/images/TOPAZ_H13_0051_1.jpg: corrupt JPEG restored and saved
train: /workspace/SawitMVC-Depth-YOLO-RGB/train/images/TOPAZ_H13_0051_2.jpg: corrupt JPEG restored and saved
train: /workspace/SawitMVC-Depth-YOLO-RGB/train/images/TOPAZ_H13_0051_3.jpg: corrupt JPEG restored and saved
train: /workspace/SawitMVC-Depth-YOLO-RGB/train/images/TOPAZ_H13_0051_4.jpg: corrupt JPEG restored and saved
train: /workspace/SawitMVC-Depth-YOLO-RGB/train/images/TOPAZ_H13_0053_1.jpg: corrupt JPEG restored and saved
train: /workspace/SawitMVC-Depth-YOLO-RGB/train/images/TOPAZ_H13_0053_2.jpg: corrupt JPEG restored and saved
train: /workspace/SawitMVC-Depth-YOLO-RGB/train/images/TOPAZ_H13_0053_3.jpg: corrupt JPEG restored and saved
train: /workspace/SawitMVC-Depth-YOLO-RGB/train/images/TOPAZ_H13_0053_4.jpg: corrupt JPEG restored and saved
train: /workspace/SawitMVC-Depth-YOLO-RGB/train/images/TOPAZ_H13_0054_1.jpg: corrupt JPEG restored and saved
train: /workspace/SawitMVC-Depth-YOLO-RGB/train/images/TOPAZ_H13_0054_2.jpg: corrupt JPEG restored and saved
train: /workspace/SawitMVC-Depth-YOLO-RGB/train/images/TOPAZ_H13_0054_3.jpg: corrupt JPEG restored and saved
train: /workspace/SawitMVC-Depth-YOLO-RGB/train/images/TOPAZ_H13_0054_4.jpg: corrupt JPEG restored and saved
train: /workspace/SawitMVC-Depth-YOLO-RGB/train/images/TOPAZ_H13_0056_1.jpg: corrupt JPEG restored and saved
train: /workspace/SawitMVC-Depth-YOLO-RGB/train/images/TOPAZ_H13_0056_2.jpg: corrupt JPEG restored and saved
train: /workspace/SawitMVC-Depth-YOLO-RGB/train/images/TOPAZ_H13_0056_3.jpg: corrupt JPEG restored and saved
train: /workspace/SawitMVC-Depth-YOLO-RGB/train/images/TOPAZ_H13_0056_4.jpg: corrupt JPEG restored and saved
train: /workspace/SawitMVC-Depth-YOLO-RGB/train/images/TOPAZ_H13_0057_1.jpg: corrupt JPEG restored and saved
train: /workspace/SawitMVC-Depth-YOLO-RGB/train/images/TOPAZ_H13_0057_2.jpg: corrupt JPEG restored and saved
train: /workspace/SawitMVC-Depth-YOLO-RGB/train/images/TOPAZ_H13_0057_3.jpg: corrupt JPEG restored and saved
train: /workspace/SawitMVC-Depth-YOLO-RGB/train/images/TOPAZ_H13_0057_4.jpg: corrupt JPEG restored and saved
train: /workspace/SawitMVC-Depth-YOLO-RGB/train/images/TOPAZ_H13_0058_1.jpg: corrupt JPEG restored and saved
train: /workspace/SawitMVC-Depth-YOLO-RGB/train/images/TOPAZ_H13_0058_2.jpg: corrupt JPEG restored and saved
train: /workspace/SawitMVC-Depth-YOLO-RGB/train/images/TOPAZ_H13_0058_3.jpg: corrupt JPEG restored and saved
train: /workspace/SawitMVC-Depth-YOLO-RGB/train/images/TOPAZ_H13_0058_4.jpg: corrupt JPEG restored and saved
train: /workspace/SawitMVC-Depth-YOLO-RGB/train/images/TOPAZ_H13_0060_1.jpg: corrupt JPEG restored and saved
train: /workspace/SawitMVC-Depth-YOLO-RGB/train/images/TOPAZ_H13_0060_2.jpg: corrupt JPEG restored and saved
train: /workspace/SawitMVC-Depth-YOLO-RGB/train/images/TOPAZ_H13_0060_3.jpg: corrupt JPEG restored and saved
train: /workspace/SawitMVC-Depth-YOLO-RGB/train/images/TOPAZ_H13_0060_4.jpg: corrupt JPEG restored and saved
train: /workspace/SawitMVC-Depth-YOLO-RGB/train/images/TOPAZ_H13_0061_1.jpg: corrupt JPEG restored and saved
train: /workspace/SawitMVC-Depth-YOLO-RGB/train/images/TOPAZ_H13_0061_2.jpg: corrupt JPEG restored and saved
train: /workspace/SawitMVC-Depth-YOLO-RGB/train/images/TOPAZ_H13_0061_3.jpg: corrupt JPEG restored and saved
train: /workspace/SawitMVC-Depth-YOLO-RGB/train/images/TOPAZ_H13_0061_4.jpg: corrupt JPEG restored and saved
train: /workspace/SawitMVC-Depth-YOLO-RGB/train/images/TOPAZ_H13_0064_1.jpg: corrupt JPEG restored and saved
train: /workspace/SawitMVC-Depth-YOLO-RGB/train/images/TOPAZ_H13_0064_2.jpg: corrupt JPEG restored and saved
train: /workspace/SawitMVC-Depth-YOLO-RGB/train/images/TOPAZ_H13_0064_3.jpg: corrupt JPEG restored and saved
train: /workspace/SawitMVC-Depth-YOLO-RGB/train/images/TOPAZ_H13_0064_4.jpg: corrupt JPEG restored and saved
train: /workspace/SawitMVC-Depth-YOLO-RGB/train/images/TOPAZ_H13_0066_1.jpg: corrupt JPEG restored and saved
train: /workspace/SawitMVC-Depth-YOLO-RGB/train/images/TOPAZ_H13_0066_2.jpg: corrupt JPEG restored and saved
train: /workspace/SawitMVC-Depth-YOLO-RGB/train/images/TOPAZ_H13_0066_3.jpg: corrupt JPEG restored and saved
train: /workspace/SawitMVC-Depth-YOLO-RGB/train/images/TOPAZ_H13_0066_4.jpg: corrupt JPEG restored and saved
train: /workspace/SawitMVC-Depth-YOLO-RGB/train/images/TOPAZ_H13_0067_1.jpg: corrupt JPEG restored and saved
train: /workspace/SawitMVC-Depth-YOLO-RGB/train/images/TOPAZ_H13_0067_2.jpg: corrupt JPEG restored and saved
train: /workspace/SawitMVC-Depth-YOLO-RGB/train/images/TOPAZ_H13_0067_3.jpg: corrupt JPEG restored and saved
train: /workspace/SawitMVC-Depth-YOLO-RGB/train/images/TOPAZ_H13_0067_4.jpg: corrupt JPEG restored and saved
train: /workspace/SawitMVC-Depth-YOLO-RGB/train/images/TOPAZ_H13_0068_1.jpg: corrupt JPEG restored and saved
train: /workspace/SawitMVC-Depth-YOLO-RGB/train/images/TOPAZ_H13_0068_2.jpg: corrupt JPEG restored and saved
train: /workspace/SawitMVC-Depth-YOLO-RGB/train/images/TOPAZ_H13_0068_3.jpg: corrupt JPEG restored and saved
train: /workspace/SawitMVC-Depth-YOLO-RGB/train/images/TOPAZ_H13_0068_4.jpg: corrupt JPEG restored and saved
train: /workspace/SawitMVC-Depth-YOLO-RGB/train/images/TOPAZ_H13_0069_1.jpg: corrupt JPEG restored and saved
train: /workspace/SawitMVC-Depth-YOLO-RGB/train/images/TOPAZ_H13_0069_2.jpg: corrupt JPEG restored and saved
train: /workspace/SawitMVC-Depth-YOLO-RGB/train/images/TOPAZ_H13_0069_3.jpg: corrupt JPEG restored and saved
train: /workspace/SawitMVC-Depth-YOLO-RGB/train/images/TOPAZ_H13_0069_4.jpg: corrupt JPEG restored and saved
train: /workspace/SawitMVC-Depth-YOLO-RGB/train/images/TOPAZ_H13_0070_1.jpg: corrupt JPEG restored and saved
train: /workspace/SawitMVC-Depth-YOLO-RGB/train/images/TOPAZ_H13_0070_2.jpg: corrupt JPEG restored and saved
train: /workspace/SawitMVC-Depth-YOLO-RGB/train/images/TOPAZ_H13_0070_3.jpg: corrupt JPEG restored and saved
train: /workspace/SawitMVC-Depth-YOLO-RGB/train/images/TOPAZ_H13_0070_4.jpg: corrupt JPEG restored and saved
train: /workspace/SawitMVC-Depth-YOLO-RGB/train/images/TOPAZ_H13_0071_1.jpg: corrupt JPEG restored and saved
train: /workspace/SawitMVC-Depth-YOLO-RGB/train/images/TOPAZ_H13_0071_2.jpg: corrupt JPEG restored and saved
train: /workspace/SawitMVC-Depth-YOLO-RGB/train/images/TOPAZ_H13_0071_3.jpg: corrupt JPEG restored and saved
train: /workspace/SawitMVC-Depth-YOLO-RGB/train/images/TOPAZ_H13_0071_4.jpg: corrupt JPEG restored and saved
train: /workspace/SawitMVC-Depth-YOLO-RGB/train/images/TOPAZ_H13_0072_1.jpg: corrupt JPEG restored and saved
train: /workspace/SawitMVC-Depth-YOLO-RGB/train/images/TOPAZ_H13_0072_2.jpg: corrupt JPEG restored and saved
train: /workspace/SawitMVC-Depth-YOLO-RGB/train/images/TOPAZ_H13_0072_3.jpg: corrupt JPEG restored and saved
train: /workspace/SawitMVC-Depth-YOLO-RGB/train/images/TOPAZ_H13_0072_4.jpg: corrupt JPEG restored and saved
train: /workspace/SawitMVC-Depth-YOLO-RGB/train/images/TOPAZ_H13_0073_1.jpg: corrupt JPEG restored and saved
train: /workspace/SawitMVC-Depth-YOLO-RGB/train/images/TOPAZ_H13_0073_2.jpg: corrupt JPEG restored and saved
train: /workspace/SawitMVC-Depth-YOLO-RGB/train/images/TOPAZ_H13_0073_3.jpg: corrupt JPEG restored and saved
train: /workspace/SawitMVC-Depth-YOLO-RGB/train/images/TOPAZ_H13_0073_4.jpg: corrupt JPEG restored and saved
train: /workspace/SawitMVC-Depth-YOLO-RGB/train/images/TOPAZ_H13_0074_1.jpg: corrupt JPEG restored and saved
train: /workspace/SawitMVC-Depth-YOLO-RGB/train/images/TOPAZ_H13_0074_2.jpg: corrupt JPEG restored and saved
train: /workspace/SawitMVC-Depth-YOLO-RGB/train/images/TOPAZ_H13_0074_3.jpg: corrupt JPEG restored and saved
train: /workspace/SawitMVC-Depth-YOLO-RGB/train/images/TOPAZ_H13_0074_4.jpg: corrupt JPEG restored and saved
train: /workspace/SawitMVC-Depth-YOLO-RGB/train/images/TOPAZ_H13_0075_1.jpg: corrupt JPEG restored and saved
train: /workspace/SawitMVC-Depth-YOLO-RGB/train/images/TOPAZ_H13_0075_2.jpg: corrupt JPEG restored and saved
train: /workspace/SawitMVC-Depth-YOLO-RGB/train/images/TOPAZ_H13_0075_3.jpg: corrupt JPEG restored and saved
train: /workspace/SawitMVC-Depth-YOLO-RGB/train/images/TOPAZ_H13_0075_4.jpg: corrupt JPEG restored and saved
train: /workspace/SawitMVC-Depth-YOLO-RGB/train/images/TOPAZ_H13_0076_1.jpg: corrupt JPEG restored and saved
train: /workspace/SawitMVC-Depth-YOLO-RGB/train/images/TOPAZ_H13_0076_2.jpg: corrupt JPEG restored and saved
train: /workspace/SawitMVC-Depth-YOLO-RGB/train/images/TOPAZ_H13_0076_3.jpg: corrupt JPEG restored and saved
train: /workspace/SawitMVC-Depth-YOLO-RGB/train/images/TOPAZ_H13_0076_4.jpg: corrupt JPEG restored and saved
train: /workspace/SawitMVC-Depth-YOLO-RGB/train/images/TOPAZ_H13_0077_1.jpg: corrupt JPEG restored and saved
train: /workspace/SawitMVC-Depth-YOLO-RGB/train/images/TOPAZ_H13_0077_2.jpg: corrupt JPEG restored and saved
train: /workspace/SawitMVC-Depth-YOLO-RGB/train/images/TOPAZ_H13_0077_3.jpg: corrupt JPEG restored and saved
train: /workspace/SawitMVC-Depth-YOLO-RGB/train/images/TOPAZ_H13_0077_4.jpg: corrupt JPEG restored and saved
train: /workspace/SawitMVC-Depth-YOLO-RGB/train/images/TOPAZ_H13_0078_1.jpg: corrupt JPEG restored and saved
train: /workspace/SawitMVC-Depth-YOLO-RGB/train/images/TOPAZ_H13_0078_2.jpg: corrupt JPEG restored and saved
train: /workspace/SawitMVC-Depth-YOLO-RGB/train/images/TOPAZ_H13_0078_3.jpg: corrupt JPEG restored and saved
train: /workspace/SawitMVC-Depth-YOLO-RGB/train/images/TOPAZ_H13_0078_4.jpg: corrupt JPEG restored and saved
train: /workspace/SawitMVC-Depth-YOLO-RGB/train/images/TOPAZ_H13_0079_1.jpg: corrupt JPEG restored and saved
train: /workspace/SawitMVC-Depth-YOLO-RGB/train/images/TOPAZ_H13_0079_2.jpg: corrupt JPEG restored and saved
train: /workspace/SawitMVC-Depth-YOLO-RGB/train/images/TOPAZ_H13_0079_3.jpg: corrupt JPEG restored and saved
train: /workspace/SawitMVC-Depth-YOLO-RGB/train/images/TOPAZ_H13_0079_4.jpg: corrupt JPEG restored and saved
train: /workspace/SawitMVC-Depth-YOLO-RGB/train/images/TOPAZ_H13_0080_1.jpg: corrupt JPEG restored and saved
train: /workspace/SawitMVC-Depth-YOLO-RGB/train/images/TOPAZ_H13_0080_2.jpg: corrupt JPEG restored and saved
train: /workspace/SawitMVC-Depth-YOLO-RGB/train/images/TOPAZ_H13_0080_3.jpg: corrupt JPEG restored and saved
train: /workspace/SawitMVC-Depth-YOLO-RGB/train/images/TOPAZ_H13_0080_4.jpg: corrupt JPEG restored and saved
train: /workspace/SawitMVC-Depth-YOLO-RGB/train/images/TOPAZ_H13_0083_1.jpg: corrupt JPEG restored and saved
train: /workspace/SawitMVC-Depth-YOLO-RGB/train/images/TOPAZ_H13_0083_2.jpg: corrupt JPEG restored and saved
train: /workspace/SawitMVC-Depth-YOLO-RGB/train/images/TOPAZ_H13_0083_3.jpg: corrupt JPEG restored and saved
train: /workspace/SawitMVC-Depth-YOLO-RGB/train/images/TOPAZ_H13_0083_4.jpg: corrupt JPEG restored and saved
train: /workspace/SawitMVC-Depth-YOLO-RGB/train/images/TOPAZ_H13_0084_1.jpg: corrupt JPEG restored and saved
train: /workspace/SawitMVC-Depth-YOLO-RGB/train/images/TOPAZ_H13_0084_2.jpg: corrupt JPEG restored and saved
train: /workspace/SawitMVC-Depth-YOLO-RGB/train/images/TOPAZ_H13_0084_3.jpg: corrupt JPEG restored and saved
train: /workspace/SawitMVC-Depth-YOLO-RGB/train/images/TOPAZ_H13_0084_4.jpg: corrupt JPEG restored and saved
train: /workspace/SawitMVC-Depth-YOLO-RGB/train/images/TOPAZ_H13_0085_1.jpg: corrupt JPEG restored and saved
train: /workspace/SawitMVC-Depth-YOLO-RGB/train/images/TOPAZ_H13_0085_2.jpg: corrupt JPEG restored and saved
train: /workspace/SawitMVC-Depth-YOLO-RGB/train/images/TOPAZ_H13_0085_3.jpg: corrupt JPEG restored and saved
train: /workspace/SawitMVC-Depth-YOLO-RGB/train/images/TOPAZ_H13_0085_4.jpg: corrupt JPEG restored and saved
train: /workspace/SawitMVC-Depth-YOLO-RGB/train/images/TOPAZ_H13_0086_1.jpg: corrupt JPEG restored and saved
train: /workspace/SawitMVC-Depth-YOLO-RGB/train/images/TOPAZ_H13_0086_2.jpg: corrupt JPEG restored and saved
train: /workspace/SawitMVC-Depth-YOLO-RGB/train/images/TOPAZ_H13_0086_3.jpg: corrupt JPEG restored and saved
train: /workspace/SawitMVC-Depth-YOLO-RGB/train/images/TOPAZ_H13_0086_4.jpg: corrupt JPEG restored and saved
train: /workspace/SawitMVC-Depth-YOLO-RGB/train/images/TOPAZ_H13_0088_1.jpg: corrupt JPEG restored and saved
train: /workspace/SawitMVC-Depth-YOLO-RGB/train/images/TOPAZ_H13_0088_2.jpg: corrupt JPEG restored and saved
train: /workspace/SawitMVC-Depth-YOLO-RGB/train/images/TOPAZ_H13_0088_3.jpg: corrupt JPEG restored and saved
train: /workspace/SawitMVC-Depth-YOLO-RGB/train/images/TOPAZ_H13_0088_4.jpg: corrupt JPEG restored and saved
train: /workspace/SawitMVC-Depth-YOLO-RGB/train/images/TOPAZ_H13_0090_1.jpg: corrupt JPEG restored and saved
train: /workspace/SawitMVC-Depth-YOLO-RGB/train/images/TOPAZ_H13_0090_2.jpg: corrupt JPEG restored and saved
train: /workspace/SawitMVC-Depth-YOLO-RGB/train/images/TOPAZ_H13_0090_3.jpg: corrupt JPEG restored and saved
train: /workspace/SawitMVC-Depth-YOLO-RGB/train/images/TOPAZ_H13_0090_4.jpg: corrupt JPEG restored and saved
train: /workspace/SawitMVC-Depth-YOLO-RGB/train/images/TOPAZ_H13_0091_1.jpg: corrupt JPEG restored and saved
train: /workspace/SawitMVC-Depth-YOLO-RGB/train/images/TOPAZ_H13_0091_2.jpg: corrupt JPEG restored and saved
train: /workspace/SawitMVC-Depth-YOLO-RGB/train/images/TOPAZ_H13_0091_3.jpg: corrupt JPEG restored and saved
train: /workspace/SawitMVC-Depth-YOLO-RGB/train/images/TOPAZ_H13_0091_4.jpg: corrupt JPEG restored and saved
train: /workspace/SawitMVC-Depth-YOLO-RGB/train/images/TOPAZ_H13_0092_1.jpg: corrupt JPEG restored and saved
train: /workspace/SawitMVC-Depth-YOLO-RGB/train/images/TOPAZ_H13_0092_2.jpg: corrupt JPEG restored and saved
train: /workspace/SawitMVC-Depth-YOLO-RGB/train/images/TOPAZ_H13_0092_3.jpg: corrupt JPEG restored and saved
train: /workspace/SawitMVC-Depth-YOLO-RGB/train/images/TOPAZ_H13_0092_4.jpg: corrupt JPEG restored and saved
train: /workspace/SawitMVC-Depth-YOLO-RGB/train/images/TOPAZ_H13_0093_1.jpg: corrupt JPEG restored and saved
train: /workspace/SawitMVC-Depth-YOLO-RGB/train/images/TOPAZ_H13_0093_2.jpg: corrupt JPEG restored and saved
train: /workspace/SawitMVC-Depth-YOLO-RGB/train/images/TOPAZ_H13_0093_3.jpg: corrupt JPEG restored and saved
train: /workspace/SawitMVC-Depth-YOLO-RGB/train/images/TOPAZ_H13_0093_4.jpg: corrupt JPEG restored and saved
train: /workspace/SawitMVC-Depth-YOLO-RGB/train/images/TOPAZ_H13_0095_1.jpg: corrupt JPEG restored and saved
train: /workspace/SawitMVC-Depth-YOLO-RGB/train/images/TOPAZ_H13_0095_2.jpg: corrupt JPEG restored and saved
train: /workspace/SawitMVC-Depth-YOLO-RGB/train/images/TOPAZ_H13_0095_3.jpg: corrupt JPEG restored and saved
train: /workspace/SawitMVC-Depth-YOLO-RGB/train/images/TOPAZ_H13_0095_4.jpg: corrupt JPEG restored and saved
train: /workspace/SawitMVC-Depth-YOLO-RGB/train/images/TOPAZ_H13_0096_1.jpg: corrupt JPEG restored and saved
train: /workspace/SawitMVC-Depth-YOLO-RGB/train/images/TOPAZ_H13_0096_2.jpg: corrupt JPEG restored and saved
train: /workspace/SawitMVC-Depth-YOLO-RGB/train/images/TOPAZ_H13_0096_3.jpg: corrupt JPEG restored and saved
train: /workspace/SawitMVC-Depth-YOLO-RGB/train/images/TOPAZ_H13_0096_4.jpg: corrupt JPEG restored and saved
train: /workspace/SawitMVC-Depth-YOLO-RGB/train/images/TOPAZ_H13_0097_1.jpg: corrupt JPEG restored and saved
train: /workspace/SawitMVC-Depth-YOLO-RGB/train/images/TOPAZ_H13_0097_2.jpg: corrupt JPEG restored and saved
train: /workspace/SawitMVC-Depth-YOLO-RGB/train/images/TOPAZ_H13_0097_3.jpg: corrupt JPEG restored and saved
train: /workspace/SawitMVC-Depth-YOLO-RGB/train/images/TOPAZ_H13_0097_4.jpg: corrupt JPEG restored and saved
train: /workspace/SawitMVC-Depth-YOLO-RGB/train/images/TOPAZ_H13_0100_1.jpg: corrupt JPEG restored and saved
train: /workspace/SawitMVC-Depth-YOLO-RGB/train/images/TOPAZ_H13_0100_2.jpg: corrupt JPEG restored and saved
train: /workspace/SawitMVC-Depth-YOLO-RGB/train/images/TOPAZ_H13_0100_3.jpg: corrupt JPEG restored and saved
train: /workspace/SawitMVC-Depth-YOLO-RGB/train/images/TOPAZ_H13_0100_4.jpg: corrupt JPEG restored and saved
train: /workspace/SawitMVC-Depth-YOLO-RGB/train/images/TOPAZ_I141_0001_1.jpg: corrupt JPEG restored and saved
train: /workspace/SawitMVC-Depth-YOLO-RGB/train/images/TOPAZ_I141_0001_2.jpg: corrupt JPEG restored and saved
train: /workspace/SawitMVC-Depth-YOLO-RGB/train/images/TOPAZ_I141_0001_3.jpg: corrupt JPEG restored and saved
train: /workspace/SawitMVC-Depth-YOLO-RGB/train/images/TOPAZ_I141_0001_4.jpg: corrupt JPEG restored and saved
train: /workspace/SawitMVC-Depth-YOLO-RGB/train/images/TOPAZ_I141_0002_1.jpg: corrupt JPEG restored and saved
train: /workspace/SawitMVC-Depth-YOLO-RGB/train/images/TOPAZ_I141_0002_2.jpg: corrupt JPEG restored and saved
train: /workspace/SawitMVC-Depth-YOLO-RGB/train/images/TOPAZ_I141_0002_3.jpg: corrupt JPEG restored and saved
train: /workspace/SawitMVC-Depth-YOLO-RGB/train/images/TOPAZ_I141_0002_4.jpg: corrupt JPEG restored and saved
train: /workspace/SawitMVC-Depth-YOLO-RGB/train/images/TOPAZ_I141_0003_1.jpg: corrupt JPEG restored and saved
train: /workspace/SawitMVC-Depth-YOLO-RGB/train/images/TOPAZ_I141_0003_2.jpg: corrupt JPEG restored and saved
train: /workspace/SawitMVC-Depth-YOLO-RGB/train/images/TOPAZ_I141_0003_3.jpg: corrupt JPEG restored and saved
train: /workspace/SawitMVC-Depth-YOLO-RGB/train/images/TOPAZ_I141_0003_4.jpg: corrupt JPEG restored and saved
train: /workspace/SawitMVC-Depth-YOLO-RGB/train/images/TOPAZ_I141_0005_1.jpg: corrupt JPEG restored and saved
train: /workspace/SawitMVC-Depth-YOLO-RGB/train/images/TOPAZ_I141_0005_2.jpg: corrupt JPEG restored and saved
train: /workspace/SawitMVC-Depth-YOLO-RGB/train/images/TOPAZ_I141_0005_3.jpg: corrupt JPEG restored and saved
train: /workspace/SawitMVC-Depth-YOLO-RGB/train/images/TOPAZ_I141_0005_4.jpg: corrupt JPEG restored and saved
train: /workspace/SawitMVC-Depth-YOLO-RGB/train/images/TOPAZ_I141_0006_1.jpg: corrupt JPEG restored and saved
train: /workspace/SawitMVC-Depth-YOLO-RGB/train/images/TOPAZ_I141_0006_2.jpg: corrupt JPEG restored and saved
train: /workspace/SawitMVC-Depth-YOLO-RGB/train/images/TOPAZ_I141_0006_3.jpg: corrupt JPEG restored and saved
train: /workspace/SawitMVC-Depth-YOLO-RGB/train/images/TOPAZ_I141_0006_4.jpg: corrupt JPEG restored and saved
train: /workspace/SawitMVC-Depth-YOLO-RGB/train/images/TOPAZ_I141_0007_1.jpg: corrupt JPEG restored and saved
train: /workspace/SawitMVC-Depth-YOLO-RGB/train/images/TOPAZ_I141_0007_2.jpg: corrupt JPEG restored and saved
train: /workspace/SawitMVC-Depth-YOLO-RGB/train/images/TOPAZ_I141_0007_3.jpg: corrupt JPEG restored and saved
train: /workspace/SawitMVC-Depth-YOLO-RGB/train/images/TOPAZ_I141_0007_4.jpg: corrupt JPEG restored and saved
train: /workspace/SawitMVC-Depth-YOLO-RGB/train/images/TOPAZ_I141_0008_1.jpg: corrupt JPEG restored and saved
train: /workspace/SawitMVC-Depth-YOLO-RGB/train/images/TOPAZ_I141_0008_2.jpg: corrupt JPEG restored and saved
train: /workspace/SawitMVC-Depth-YOLO-RGB/train/images/TOPAZ_I141_0008_3.jpg: corrupt JPEG restored and saved
train: /workspace/SawitMVC-Depth-YOLO-RGB/train/images/TOPAZ_I141_0008_4.jpg: corrupt JPEG restored and saved
train: /workspace/SawitMVC-Depth-YOLO-RGB/train/images/TOPAZ_I141_0009_1.jpg: corrupt JPEG restored and saved
train: /workspace/SawitMVC-Depth-YOLO-RGB/train/images/TOPAZ_I141_0009_2.jpg: corrupt JPEG restored and saved
train: /workspace/SawitMVC-Depth-YOLO-RGB/train/images/TOPAZ_I141_0009_3.jpg: corrupt JPEG restored and saved
train: /workspace/SawitMVC-Depth-YOLO-RGB/train/images/TOPAZ_I141_0009_4.jpg: corrupt JPEG restored and saved
train: /workspace/SawitMVC-Depth-YOLO-RGB/train/images/TOPAZ_I141_0010_1.jpg: corrupt JPEG restored and saved
train: /workspace/SawitMVC-Depth-YOLO-RGB/train/images/TOPAZ_I141_0010_2.jpg: corrupt JPEG restored and saved
train: /workspace/SawitMVC-Depth-YOLO-RGB/train/images/TOPAZ_I141_0010_3.jpg: corrupt JPEG restored and saved
train: /workspace/SawitMVC-Depth-YOLO-RGB/train/images/TOPAZ_I141_0010_4.jpg: corrupt JPEG restored and saved
train: /workspace/SawitMVC-Depth-YOLO-RGB/train/images/TOPAZ_I141_0012_1.jpg: corrupt JPEG restored and saved
train: /workspace/SawitMVC-Depth-YOLO-RGB/train/images/TOPAZ_I141_0012_2.jpg: corrupt JPEG restored and saved
train: /workspace/SawitMVC-Depth-YOLO-RGB/train/images/TOPAZ_I141_0012_3.jpg: corrupt JPEG restored and saved
train: /workspace/SawitMVC-Depth-YOLO-RGB/train/images/TOPAZ_I141_0012_4.jpg: corrupt JPEG restored and saved
train: /workspace/SawitMVC-Depth-YOLO-RGB/train/images/TOPAZ_I141_0017_1.jpg: corrupt JPEG restored and saved
train: /workspace/SawitMVC-Depth-YOLO-RGB/train/images/TOPAZ_I141_0017_2.jpg: corrupt JPEG restored and saved
train: /workspace/SawitMVC-Depth-YOLO-RGB/train/images/TOPAZ_I141_0017_3.jpg: corrupt JPEG restored and saved
train: /workspace/SawitMVC-Depth-YOLO-RGB/train/images/TOPAZ_I141_0017_4.jpg: corrupt JPEG restored and saved
train: /workspace/SawitMVC-Depth-YOLO-RGB/train/images/TOPAZ_I141_0018_1.jpg: corrupt JPEG restored and saved
train: /workspace/SawitMVC-Depth-YOLO-RGB/train/images/TOPAZ_I141_0018_2.jpg: corrupt JPEG restored and saved
train: /workspace/SawitMVC-Depth-YOLO-RGB/train/images/TOPAZ_I141_0018_3.jpg: corrupt JPEG restored and saved
train: /workspace/SawitMVC-Depth-YOLO-RGB/train/images/TOPAZ_I141_0018_4.jpg: corrupt JPEG restored and saved
train: /workspace/SawitMVC-Depth-YOLO-RGB/train/images/TOPAZ_I141_0021_1.jpg: corrupt JPEG restored and saved
train: /workspace/SawitMVC-Depth-YOLO-RGB/train/images/TOPAZ_I141_0021_2.jpg: corrupt JPEG restored and saved
train: /workspace/SawitMVC-Depth-YOLO-RGB/train/images/TOPAZ_I141_0021_3.jpg: corrupt JPEG restored and saved
train: /workspace/SawitMVC-Depth-YOLO-RGB/train/images/TOPAZ_I141_0021_4.jpg: corrupt JPEG restored and saved
train: /workspace/SawitMVC-Depth-YOLO-RGB/train/images/TOPAZ_I141_0022_1.jpg: corrupt JPEG restored and saved
train: /workspace/SawitMVC-Depth-YOLO-RGB/train/images/TOPAZ_I141_0022_2.jpg: corrupt JPEG restored and saved
train: /workspace/SawitMVC-Depth-YOLO-RGB/train/images/TOPAZ_I141_0022_3.jpg: corrupt JPEG restored and saved
train: /workspace/SawitMVC-Depth-YOLO-RGB/train/images/TOPAZ_I141_0022_4.jpg: corrupt JPEG restored and saved
train: /workspace/SawitMVC-Depth-YOLO-RGB/train/images/TOPAZ_I141_0023_1.jpg: corrupt JPEG restored and saved
train: /workspace/SawitMVC-Depth-YOLO-RGB/train/images/TOPAZ_I141_0023_2.jpg: corrupt JPEG restored and saved
train: /workspace/SawitMVC-Depth-YOLO-RGB/train/images/TOPAZ_I141_0023_3.jpg: corrupt JPEG restored and saved
train: /workspace/SawitMVC-Depth-YOLO-RGB/train/images/TOPAZ_I141_0023_4.jpg: corrupt JPEG restored and saved
train: /workspace/SawitMVC-Depth-YOLO-RGB/train/images/TOPAZ_I141_0025_1.jpg: corrupt JPEG restored and saved
train: /workspace/SawitMVC-Depth-YOLO-RGB/train/images/TOPAZ_I141_0025_2.jpg: corrupt JPEG restored and saved
train: /workspace/SawitMVC-Depth-YOLO-RGB/train/images/TOPAZ_I141_0025_3.jpg: corrupt JPEG restored and saved
train: /workspace/SawitMVC-Depth-YOLO-RGB/train/images/TOPAZ_I141_0025_4.jpg: corrupt JPEG restored and saved
train: /workspace/SawitMVC-Depth-YOLO-RGB/train/images/TOPAZ_I141_0027_1.jpg: corrupt JPEG restored and saved
train: /workspace/SawitMVC-Depth-YOLO-RGB/train/images/TOPAZ_I141_0027_2.jpg: corrupt JPEG restored and saved
train: /workspace/SawitMVC-Depth-YOLO-RGB/train/images/TOPAZ_I141_0027_3.jpg: corrupt JPEG restored and saved
train: /workspace/SawitMVC-Depth-YOLO-RGB/train/images/TOPAZ_I141_0027_4.jpg: corrupt JPEG restored and saved
train: /workspace/SawitMVC-Depth-YOLO-RGB/train/images/TOPAZ_I141_0028_1.jpg: corrupt JPEG restored and saved
train: /workspace/SawitMVC-Depth-YOLO-RGB/train/images/TOPAZ_I141_0028_2.jpg: corrupt JPEG restored and saved
train: /workspace/SawitMVC-Depth-YOLO-RGB/train/images/TOPAZ_I141_0028_3.jpg: corrupt JPEG restored and saved
train: /workspace/SawitMVC-Depth-YOLO-RGB/train/images/TOPAZ_I141_0028_4.jpg: corrupt JPEG restored and saved
train: /workspace/SawitMVC-Depth-YOLO-RGB/train/images/TOPAZ_I141_0029_1.jpg: corrupt JPEG restored and saved
train: /workspace/SawitMVC-Depth-YOLO-RGB/train/images/TOPAZ_I141_0029_2.jpg: corrupt JPEG restored and saved
train: /workspace/SawitMVC-Depth-YOLO-RGB/train/images/TOPAZ_I141_0029_3.jpg: corrupt JPEG restored and saved
train: /workspace/SawitMVC-Depth-YOLO-RGB/train/images/TOPAZ_I141_0029_4.jpg: corrupt JPEG restored and saved
train: /workspace/SawitMVC-Depth-YOLO-RGB/train/images/TOPAZ_I141_0031_1.jpg: corrupt JPEG restored and saved
train: /workspace/SawitMVC-Depth-YOLO-RGB/train/images/TOPAZ_I141_0031_2.jpg: corrupt JPEG restored and saved
train: /workspace/SawitMVC-Depth-YOLO-RGB/train/images/TOPAZ_I141_0031_3.jpg: corrupt JPEG restored and saved
train: /workspace/SawitMVC-Depth-YOLO-RGB/train/images/TOPAZ_I141_0031_4.jpg: corrupt JPEG restored and saved
train: /workspace/SawitMVC-Depth-YOLO-RGB/train/images/TOPAZ_I141_0033_1.jpg: corrupt JPEG restored and saved
train: /workspace/SawitMVC-Depth-YOLO-RGB/train/images/TOPAZ_I141_0033_2.jpg: corrupt JPEG restored and saved
train: /workspace/SawitMVC-Depth-YOLO-RGB/train/images/TOPAZ_I141_0033_3.jpg: corrupt JPEG restored and saved
train: /workspace/SawitMVC-Depth-YOLO-RGB/train/images/TOPAZ_I141_0033_4.jpg: corrupt JPEG restored and saved
train: /workspace/SawitMVC-Depth-YOLO-RGB/train/images/TOPAZ_I141_0034_1.jpg: corrupt JPEG restored and saved
train: /workspace/SawitMVC-Depth-YOLO-RGB/train/images/TOPAZ_I141_0034_2.jpg: corrupt JPEG restored and saved
train: /workspace/SawitMVC-Depth-YOLO-RGB/train/images/TOPAZ_I141_0034_3.jpg: corrupt JPEG restored and saved
train: /workspace/SawitMVC-Depth-YOLO-RGB/train/images/TOPAZ_I141_0034_4.jpg: corrupt JPEG restored and saved
train: /workspace/SawitMVC-Depth-YOLO-RGB/train/images/TOPAZ_I141_0035_1.jpg: corrupt JPEG restored and saved
train: /workspace/SawitMVC-Depth-YOLO-RGB/train/images/TOPAZ_I141_0035_2.jpg: corrupt JPEG restored and saved
train: /workspace/SawitMVC-Depth-YOLO-RGB/train/images/TOPAZ_I141_0035_3.jpg: corrupt JPEG restored and saved
train: /workspace/SawitMVC-Depth-YOLO-RGB/train/images/TOPAZ_I141_0035_4.jpg: corrupt JPEG restored and saved
train: /workspace/SawitMVC-Depth-YOLO-RGB/train/images/TOPAZ_I141_0036_1.jpg: corrupt JPEG restored and saved
train: /workspace/SawitMVC-Depth-YOLO-RGB/train/images/TOPAZ_I141_0036_2.jpg: corrupt JPEG restored and saved
train: /workspace/SawitMVC-Depth-YOLO-RGB/train/images/TOPAZ_I141_0036_3.jpg: corrupt JPEG restored and saved
train: /workspace/SawitMVC-Depth-YOLO-RGB/train/images/TOPAZ_I141_0036_4.jpg: corrupt JPEG restored and saved
train: /workspace/SawitMVC-Depth-YOLO-RGB/train/images/TOPAZ_I141_0037_1.jpg: corrupt JPEG restored and saved
train: /workspace/SawitMVC-Depth-YOLO-RGB/train/images/TOPAZ_I141_0037_2.jpg: corrupt JPEG restored and saved
train: /workspace/SawitMVC-Depth-YOLO-RGB/train/images/TOPAZ_I141_0037_3.jpg: corrupt JPEG restored and saved
train: /workspace/SawitMVC-Depth-YOLO-RGB/train/images/TOPAZ_I141_0037_4.jpg: corrupt JPEG restored and saved
train: /workspace/SawitMVC-Depth-YOLO-RGB/train/images/TOPAZ_I141_0038_1.jpg: corrupt JPEG restored and saved
train: /workspace/SawitMVC-Depth-YOLO-RGB/train/images/TOPAZ_I141_0038_2.jpg: corrupt JPEG restored and saved
train: /workspace/SawitMVC-Depth-YOLO-RGB/train/images/TOPAZ_I141_0038_3.jpg: corrupt JPEG restored and saved
train: /workspace/SawitMVC-Depth-YOLO-RGB/train/images/TOPAZ_I141_0038_4.jpg: corrupt JPEG restored and saved
train: /workspace/SawitMVC-Depth-YOLO-RGB/train/images/TOPAZ_I141_0040_1.jpg: corrupt JPEG restored and saved
train: /workspace/SawitMVC-Depth-YOLO-RGB/train/images/TOPAZ_I141_0040_2.jpg: corrupt JPEG restored and saved
train: /workspace/SawitMVC-Depth-YOLO-RGB/train/images/TOPAZ_I141_0040_3.jpg: corrupt JPEG restored and saved
train: /workspace/SawitMVC-Depth-YOLO-RGB/train/images/TOPAZ_I141_0040_4.jpg: corrupt JPEG restored and saved
train: /workspace/SawitMVC-Depth-YOLO-RGB/train/images/TOPAZ_I141_0041_1.jpg: corrupt JPEG restored and saved
train: /workspace/SawitMVC-Depth-YOLO-RGB/train/images/TOPAZ_I141_0041_2.jpg: corrupt JPEG restored and saved
train: /workspace/SawitMVC-Depth-YOLO-RGB/train/images/TOPAZ_I141_0041_3.jpg: corrupt JPEG restored and saved
train: /workspace/SawitMVC-Depth-YOLO-RGB/train/images/TOPAZ_I141_0041_4.jpg: corrupt JPEG restored and saved
train: /workspace/SawitMVC-Depth-YOLO-RGB/train/images/TOPAZ_I141_0042_1.jpg: corrupt JPEG restored and saved
train: /workspace/SawitMVC-Depth-YOLO-RGB/train/images/TOPAZ_I141_0042_2.jpg: corrupt JPEG restored and saved
train: /workspace/SawitMVC-Depth-YOLO-RGB/train/images/TOPAZ_I141_0042_3.jpg: corrupt JPEG restored and saved
train: /workspace/SawitMVC-Depth-YOLO-RGB/train/images/TOPAZ_I141_0042_4.jpg: corrupt JPEG restored and saved
train: /workspace/SawitMVC-Depth-YOLO-RGB/train/images/TOPAZ_I141_0043_1.jpg: corrupt JPEG restored and saved
train: /workspace/SawitMVC-Depth-YOLO-RGB/train/images/TOPAZ_I141_0043_2.jpg: corrupt JPEG restored and saved
train: /workspace/SawitMVC-Depth-YOLO-RGB/train/images/TOPAZ_I141_0043_3.jpg: corrupt JPEG restored and saved
train: /workspace/SawitMVC-Depth-YOLO-RGB/train/images/TOPAZ_I141_0043_4.jpg: corrupt JPEG restored and saved
train: /workspace/SawitMVC-Depth-YOLO-RGB/train/images/TOPAZ_I141_0044_1.jpg: corrupt JPEG restored and saved
train: /workspace/SawitMVC-Depth-YOLO-RGB/train/images/TOPAZ_I141_0044_2.jpg: corrupt JPEG restored and saved
train: /workspace/SawitMVC-Depth-YOLO-RGB/train/images/TOPAZ_I141_0044_3.jpg: corrupt JPEG restored and saved
train: /workspace/SawitMVC-Depth-YOLO-RGB/train/images/TOPAZ_I141_0044_4.jpg: corrupt JPEG restored and saved
train: /workspace/SawitMVC-Depth-YOLO-RGB/train/images/TOPAZ_I141_0045_1.jpg: corrupt JPEG restored and saved
train: /workspace/SawitMVC-Depth-YOLO-RGB/train/images/TOPAZ_I141_0045_2.jpg: corrupt JPEG restored and saved
train: /workspace/SawitMVC-Depth-YOLO-RGB/train/images/TOPAZ_I141_0045_3.jpg: corrupt JPEG restored and saved
train: /workspace/SawitMVC-Depth-YOLO-RGB/train/images/TOPAZ_I141_0045_4.jpg: corrupt JPEG restored and saved
train: /workspace/SawitMVC-Depth-YOLO-RGB/train/images/TOPAZ_I141_0049_1.jpg: corrupt JPEG restored and saved
train: /workspace/SawitMVC-Depth-YOLO-RGB/train/images/TOPAZ_I141_0049_2.jpg: corrupt JPEG restored and saved
train: /workspace/SawitMVC-Depth-YOLO-RGB/train/images/TOPAZ_I141_0049_3.jpg: corrupt JPEG restored and saved
train: /workspace/SawitMVC-Depth-YOLO-RGB/train/images/TOPAZ_I141_0049_4.jpg: corrupt JPEG restored and saved
train: /workspace/SawitMVC-Depth-YOLO-RGB/train/images/TOPAZ_I141_0050_1.jpg: corrupt JPEG restored and saved
train: /workspace/SawitMVC-Depth-YOLO-RGB/train/images/TOPAZ_I141_0050_2.jpg: corrupt JPEG restored and saved
train: /workspace/SawitMVC-Depth-YOLO-RGB/train/images/TOPAZ_I141_0050_3.jpg: corrupt JPEG restored and saved
train: /workspace/SawitMVC-Depth-YOLO-RGB/train/images/TOPAZ_I141_0050_4.jpg: corrupt JPEG restored and saved
train: /workspace/SawitMVC-Depth-YOLO-RGB/train/images/TOPAZ_I141_0051_1.jpg: corrupt JPEG restored and saved
train: /workspace/SawitMVC-Depth-YOLO-RGB/train/images/TOPAZ_I141_0051_2.jpg: corrupt JPEG restored and saved
train: /workspace/SawitMVC-Depth-YOLO-RGB/train/images/TOPAZ_I141_0051_3.jpg: corrupt JPEG restored and saved
train: /workspace/SawitMVC-Depth-YOLO-RGB/train/images/TOPAZ_I141_0051_4.jpg: corrupt JPEG restored and saved
train: /workspace/SawitMVC-Depth-YOLO-RGB/train/images/TOPAZ_I141_0052_1.jpg: corrupt JPEG restored and saved
train: /workspace/SawitMVC-Depth-YOLO-RGB/train/images/TOPAZ_I141_0052_2.jpg: corrupt JPEG restored and saved
train: /workspace/SawitMVC-Depth-YOLO-RGB/train/images/TOPAZ_I141_0052_3.jpg: corrupt JPEG restored and saved
train: /workspace/SawitMVC-Depth-YOLO-RGB/train/images/TOPAZ_I141_0052_4.jpg: corrupt JPEG restored and saved
train: /workspace/SawitMVC-Depth-YOLO-RGB/train/images/TOPAZ_I141_0053_1.jpg: corrupt JPEG restored and saved
train: /workspace/SawitMVC-Depth-YOLO-RGB/train/images/TOPAZ_I141_0053_2.jpg: corrupt JPEG restored and saved
train: /workspace/SawitMVC-Depth-YOLO-RGB/train/images/TOPAZ_I141_0053_3.jpg: corrupt JPEG restored and saved
train: /workspace/SawitMVC-Depth-YOLO-RGB/train/images/TOPAZ_I141_0053_4.jpg: corrupt JPEG restored and saved
train: /workspace/SawitMVC-Depth-YOLO-RGB/train/images/TOPAZ_I141_0054_1.jpg: corrupt JPEG restored and saved
train: /workspace/SawitMVC-Depth-YOLO-RGB/train/images/TOPAZ_I141_0054_2.jpg: corrupt JPEG restored and saved
train: /workspace/SawitMVC-Depth-YOLO-RGB/train/images/TOPAZ_I141_0054_3.jpg: corrupt JPEG restored and saved
train: /workspace/SawitMVC-Depth-YOLO-RGB/train/images/TOPAZ_I141_0054_4.jpg: corrupt JPEG restored and saved
train: /workspace/SawitMVC-Depth-YOLO-RGB/train/images/TOPAZ_I141_0055_1.jpg: corrupt JPEG restored and saved
train: /workspace/SawitMVC-Depth-YOLO-RGB/train/images/TOPAZ_I141_0055_2.jpg: corrupt JPEG restored and saved
train: /workspace/SawitMVC-Depth-YOLO-RGB/train/images/TOPAZ_I141_0055_3.jpg: corrupt JPEG restored and saved
train: /workspace/SawitMVC-Depth-YOLO-RGB/train/images/TOPAZ_I141_0055_4.jpg: corrupt JPEG restored and saved
train: /workspace/SawitMVC-Depth-YOLO-RGB/train/images/TOPAZ_I141_0056_1.jpg: corrupt JPEG restored and saved
train: /workspace/SawitMVC-Depth-YOLO-RGB/train/images/TOPAZ_I141_0056_2.jpg: corrupt JPEG restored and saved
train: /workspace/SawitMVC-Depth-YOLO-RGB/train/images/TOPAZ_I141_0056_3.jpg: corrupt JPEG restored and saved
train: /workspace/SawitMVC-Depth-YOLO-RGB/train/images/TOPAZ_I141_0056_4.jpg: corrupt JPEG restored and saved
train: /workspace/SawitMVC-Depth-YOLO-RGB/train/images/TOPAZ_I141_0057_1.jpg: corrupt JPEG restored and saved
train: /workspace/SawitMVC-Depth-YOLO-RGB/train/images/TOPAZ_I141_0057_2.jpg: corrupt JPEG restored and saved
train: /workspace/SawitMVC-Depth-YOLO-RGB/train/images/TOPAZ_I141_0057_3.jpg: corrupt JPEG restored and saved
train: /workspace/SawitMVC-Depth-YOLO-RGB/train/images/TOPAZ_I141_0057_4.jpg: corrupt JPEG restored and saved
train: /workspace/SawitMVC-Depth-YOLO-RGB/train/images/TOPAZ_I141_0059_1.jpg: corrupt JPEG restored and saved
train: /workspace/SawitMVC-Depth-YOLO-RGB/train/images/TOPAZ_I141_0059_2.jpg: corrupt JPEG restored and saved
train: /workspace/SawitMVC-Depth-YOLO-RGB/train/images/TOPAZ_I141_0059_3.jpg: corrupt JPEG restored and saved
train: /workspace/SawitMVC-Depth-YOLO-RGB/train/images/TOPAZ_I141_0059_4.jpg: corrupt JPEG restored and saved
train: /workspace/SawitMVC-Depth-YOLO-RGB/train/images/TOPAZ_I141_0061_1.jpg: corrupt JPEG restored and saved
train: /workspace/SawitMVC-Depth-YOLO-RGB/train/images/TOPAZ_I141_0061_2.jpg: corrupt JPEG restored and saved
train: /workspace/SawitMVC-Depth-YOLO-RGB/train/images/TOPAZ_I141_0061_3.jpg: corrupt JPEG restored and saved
train: /workspace/SawitMVC-Depth-YOLO-RGB/train/images/TOPAZ_I141_0061_4.jpg: corrupt JPEG restored and saved
train: /workspace/SawitMVC-Depth-YOLO-RGB/train/images/TOPAZ_I141_0062_1.jpg: corrupt JPEG restored and saved
train: /workspace/SawitMVC-Depth-YOLO-RGB/train/images/TOPAZ_I141_0062_2.jpg: corrupt JPEG restored and saved
train: /workspace/SawitMVC-Depth-YOLO-RGB/train/images/TOPAZ_I141_0062_3.jpg: corrupt JPEG restored and saved
train: /workspace/SawitMVC-Depth-YOLO-RGB/train/images/TOPAZ_I141_0062_4.jpg: corrupt JPEG restored and saved
train: /workspace/SawitMVC-Depth-YOLO-RGB/train/images/TOPAZ_I141_0064_1.jpg: corrupt JPEG restored and saved
train: /workspace/SawitMVC-Depth-YOLO-RGB/train/images/TOPAZ_I141_0064_2.jpg: corrupt JPEG restored and saved
train: /workspace/SawitMVC-Depth-YOLO-RGB/train/images/TOPAZ_I141_0064_3.jpg: corrupt JPEG restored and saved
train: /workspace/SawitMVC-Depth-YOLO-RGB/train/images/TOPAZ_I141_0064_4.jpg: corrupt JPEG restored and saved
train: /workspace/SawitMVC-Depth-YOLO-RGB/train/images/TOPAZ_I141_0065_1.jpg: corrupt JPEG restored and saved
train: /workspace/SawitMVC-Depth-YOLO-RGB/train/images/TOPAZ_I141_0065_2.jpg: corrupt JPEG restored and saved
train: /workspace/SawitMVC-Depth-YOLO-RGB/train/images/TOPAZ_I141_0065_3.jpg: corrupt JPEG restored and saved
train: /workspace/SawitMVC-Depth-YOLO-RGB/train/images/TOPAZ_I141_0065_4.jpg: corrupt JPEG restored and saved
train: /workspace/SawitMVC-Depth-YOLO-RGB/train/images/TOPAZ_I141_0067_1.jpg: corrupt JPEG restored and saved
train: /workspace/SawitMVC-Depth-YOLO-RGB/train/images/TOPAZ_I141_0067_2.jpg: corrupt JPEG restored and saved
train: /workspace/SawitMVC-Depth-YOLO-RGB/train/images/TOPAZ_I141_0067_3.jpg: corrupt JPEG restored and saved
train: /workspace/SawitMVC-Depth-YOLO-RGB/train/images/TOPAZ_I141_0067_4.jpg: corrupt JPEG restored and saved
train: /workspace/SawitMVC-Depth-YOLO-RGB/train/images/TOPAZ_I141_0069_1.jpg: corrupt JPEG restored and saved
train: /workspace/SawitMVC-Depth-YOLO-RGB/train/images/TOPAZ_I141_0069_2.jpg: corrupt JPEG restored and saved
train: /workspace/SawitMVC-Depth-YOLO-RGB/train/images/TOPAZ_I141_0069_3.jpg: corrupt JPEG restored and saved
train: /workspace/SawitMVC-Depth-YOLO-RGB/train/images/TOPAZ_I141_0069_4.jpg: corrupt JPEG restored and saved
train: /workspace/SawitMVC-Depth-YOLO-RGB/train/images/TOPAZ_I141_0070_1.jpg: corrupt JPEG restored and saved
train: /workspace/SawitMVC-Depth-YOLO-RGB/train/images/TOPAZ_I141_0070_2.jpg: corrupt JPEG restored and saved
train: /workspace/SawitMVC-Depth-YOLO-RGB/train/images/TOPAZ_I141_0070_3.jpg: corrupt JPEG restored and saved
train: /workspace/SawitMVC-Depth-YOLO-RGB/train/images/TOPAZ_I141_0070_4.jpg: corrupt JPEG restored and saved
train: /workspace/SawitMVC-Depth-YOLO-RGB/train/images/TOPAZ_I141_0071_1.jpg: corrupt JPEG restored and saved
train: /workspace/SawitMVC-Depth-YOLO-RGB/train/images/TOPAZ_I141_0071_2.jpg: corrupt JPEG restored and saved
train: /workspace/SawitMVC-Depth-YOLO-RGB/train/images/TOPAZ_I141_0071_3.jpg: corrupt JPEG restored and saved
train: /workspace/SawitMVC-Depth-YOLO-RGB/train/images/TOPAZ_I141_0071_4.jpg: corrupt JPEG restored and saved
train: /workspace/SawitMVC-Depth-YOLO-RGB/train/images/TOPAZ_I141_0073_1.jpg: corrupt JPEG restored and saved
train: /workspace/SawitMVC-Depth-YOLO-RGB/train/images/TOPAZ_I141_0073_2.jpg: corrupt JPEG restored and saved
train: /workspace/SawitMVC-Depth-YOLO-RGB/train/images/TOPAZ_I141_0073_3.jpg: corrupt JPEG restored and saved
train: /workspace/SawitMVC-Depth-YOLO-RGB/train/images/TOPAZ_I141_0073_4.jpg: corrupt JPEG restored and saved
train: /workspace/SawitMVC-Depth-YOLO-RGB/train/images/TOPAZ_I141_0074_1.jpg: corrupt JPEG restored and saved
train: /workspace/SawitMVC-Depth-YOLO-RGB/train/images/TOPAZ_I141_0074_2.jpg: corrupt JPEG restored and saved
train: /workspace/SawitMVC-Depth-YOLO-RGB/train/images/TOPAZ_I141_0074_3.jpg: corrupt JPEG restored and saved
train: /workspace/SawitMVC-Depth-YOLO-RGB/train/images/TOPAZ_I141_0074_4.jpg: corrupt JPEG restored and saved
train: /workspace/SawitMVC-Depth-YOLO-RGB/train/images/TOPAZ_I141_0075_1.jpg: corrupt JPEG restored and saved
train: /workspace/SawitMVC-Depth-YOLO-RGB/train/images/TOPAZ_I141_0075_2.jpg: corrupt JPEG restored and saved
train: /workspace/SawitMVC-Depth-YOLO-RGB/train/images/TOPAZ_I141_0075_3.jpg: corrupt JPEG restored and saved
train: /workspace/SawitMVC-Depth-YOLO-RGB/train/images/TOPAZ_I141_0075_4.jpg: corrupt JPEG restored and saved
train: /workspace/SawitMVC-Depth-YOLO-RGB/train/images/TOPAZ_I141_0076_1.jpg: corrupt JPEG restored and saved
train: /workspace/SawitMVC-Depth-YOLO-RGB/train/images/TOPAZ_I141_0076_2.jpg: corrupt JPEG restored and saved
train: /workspace/SawitMVC-Depth-YOLO-RGB/train/images/TOPAZ_I141_0076_3.jpg: corrupt JPEG restored and saved
train: /workspace/SawitMVC-Depth-YOLO-RGB/train/images/TOPAZ_I141_0076_4.jpg: corrupt JPEG restored and saved
train: /workspace/SawitMVC-Depth-YOLO-RGB/train/images/TOPAZ_I141_0077_1.jpg: corrupt JPEG restored and saved
train: /workspace/SawitMVC-Depth-YOLO-RGB/train/images/TOPAZ_I141_0077_2.jpg: corrupt JPEG restored and saved
train: /workspace/SawitMVC-Depth-YOLO-RGB/train/images/TOPAZ_I141_0077_3.jpg: corrupt JPEG restored and saved
train: /workspace/SawitMVC-Depth-YOLO-RGB/train/images/TOPAZ_I141_0077_4.jpg: corrupt JPEG restored and saved
train: /workspace/SawitMVC-Depth-YOLO-RGB/train/images/TOPAZ_I141_0078_1.jpg: corrupt JPEG restored and saved
train: /workspace/SawitMVC-Depth-YOLO-RGB/train/images/TOPAZ_I141_0078_2.jpg: corrupt JPEG restored and saved
train: /workspace/SawitMVC-Depth-YOLO-RGB/train/images/TOPAZ_I141_0078_3.jpg: corrupt JPEG restored and saved
train: /workspace/SawitMVC-Depth-YOLO-RGB/train/images/TOPAZ_I141_0078_4.jpg: corrupt JPEG restored and saved
train: /workspace/SawitMVC-Depth-YOLO-RGB/train/images/TOPAZ_I141_0082_1.jpg: corrupt JPEG restored and saved
train: /workspace/SawitMVC-Depth-YOLO-RGB/train/images/TOPAZ_I141_0082_2.jpg: corrupt JPEG restored and saved
train: /workspace/SawitMVC-Depth-YOLO-RGB/train/images/TOPAZ_I141_0082_3.jpg: corrupt JPEG restored and saved
train: /workspace/SawitMVC-Depth-YOLO-RGB/train/images/TOPAZ_I141_0082_4.jpg: corrupt JPEG restored and saved
train: /workspace/SawitMVC-Depth-YOLO-RGB/train/images/TOPAZ_I141_0083_1.jpg: corrupt JPEG restored and saved
train: /workspace/SawitMVC-Depth-YOLO-RGB/train/images/TOPAZ_I141_0083_2.jpg: corrupt JPEG restored and saved
train: /workspace/SawitMVC-Depth-YOLO-RGB/train/images/TOPAZ_I141_0083_3.jpg: corrupt JPEG restored and saved
train: /workspace/SawitMVC-Depth-YOLO-RGB/train/images/TOPAZ_I141_0083_4.jpg: corrupt JPEG restored and saved
train: /workspace/SawitMVC-Depth-YOLO-RGB/train/images/TOPAZ_I141_0084_1.jpg: corrupt JPEG restored and saved
train: /workspace/SawitMVC-Depth-YOLO-RGB/train/images/TOPAZ_I141_0084_2.jpg: corrupt JPEG restored and saved
train: /workspace/SawitMVC-Depth-YOLO-RGB/train/images/TOPAZ_I141_0084_3.jpg: corrupt JPEG restored and saved
train: /workspace/SawitMVC-Depth-YOLO-RGB/train/images/TOPAZ_I141_0084_4.jpg: corrupt JPEG restored and saved
train: /workspace/SawitMVC-Depth-YOLO-RGB/train/images/TOPAZ_I141_0085_1.jpg: corrupt JPEG restored and saved
train: /workspace/SawitMVC-Depth-YOLO-RGB/train/images/TOPAZ_I141_0085_2.jpg: corrupt JPEG restored and saved
train: /workspace/SawitMVC-Depth-YOLO-RGB/train/images/TOPAZ_I141_0085_3.jpg: corrupt JPEG restored and saved
train: /workspace/SawitMVC-Depth-YOLO-RGB/train/images/TOPAZ_I141_0085_4.jpg: corrupt JPEG restored and saved
train: /workspace/SawitMVC-Depth-YOLO-RGB/train/images/TOPAZ_I141_0086_1.jpg: corrupt JPEG restored and saved
train: /workspace/SawitMVC-Depth-YOLO-RGB/train/images/TOPAZ_I141_0086_2.jpg: corrupt JPEG restored and saved
train: /workspace/SawitMVC-Depth-YOLO-RGB/train/images/TOPAZ_I141_0086_3.jpg: corrupt JPEG restored and saved
train: /workspace/SawitMVC-Depth-YOLO-RGB/train/images/TOPAZ_I141_0086_4.jpg: corrupt JPEG restored and saved
train: /workspace/SawitMVC-Depth-YOLO-RGB/train/images/TOPAZ_I141_0088_1.jpg: corrupt JPEG restored and saved
train: /workspace/SawitMVC-Depth-YOLO-RGB/train/images/TOPAZ_I141_0088_2.jpg: corrupt JPEG restored and saved
train: /workspace/SawitMVC-Depth-YOLO-RGB/train/images/TOPAZ_I141_0088_3.jpg: corrupt JPEG restored and saved
train: /workspace/SawitMVC-Depth-YOLO-RGB/train/images/TOPAZ_I141_0088_4.jpg: corrupt JPEG restored and saved
train: /workspace/SawitMVC-Depth-YOLO-RGB/train/images/TOPAZ_I141_0090_1.jpg: corrupt JPEG restored and saved
train: /workspace/SawitMVC-Depth-YOLO-RGB/train/images/TOPAZ_I141_0090_2.jpg: corrupt JPEG restored and saved
train: /workspace/SawitMVC-Depth-YOLO-RGB/train/images/TOPAZ_I141_0090_3.jpg: corrupt JPEG restored and saved
train: /workspace/SawitMVC-Depth-YOLO-RGB/train/images/TOPAZ_I141_0090_4.jpg: corrupt JPEG restored and saved
train: /workspace/SawitMVC-Depth-YOLO-RGB/train/images/TOPAZ_I141_0091_1.jpg: corrupt JPEG restored and saved
train: /workspace/SawitMVC-Depth-YOLO-RGB/train/images/TOPAZ_I141_0091_2.jpg: corrupt JPEG restored and saved
train: /workspace/SawitMVC-Depth-YOLO-RGB/train/images/TOPAZ_I141_0091_3.jpg: corrupt JPEG restored and saved
train: /workspace/SawitMVC-Depth-YOLO-RGB/train/images/TOPAZ_I141_0091_4.jpg: corrupt JPEG restored and saved
train: /workspace/SawitMVC-Depth-YOLO-RGB/train/images/TOPAZ_I141_0095_1.jpg: corrupt JPEG restored and saved
train: /workspace/SawitMVC-Depth-YOLO-RGB/train/images/TOPAZ_I141_0095_2.jpg: corrupt JPEG restored and saved
train: /workspace/SawitMVC-Depth-YOLO-RGB/train/images/TOPAZ_I141_0095_3.jpg: corrupt JPEG restored and saved
train: /workspace/SawitMVC-Depth-YOLO-RGB/train/images/TOPAZ_I141_0095_4.jpg: corrupt JPEG restored and saved
train: /workspace/SawitMVC-Depth-YOLO-RGB/train/images/TOPAZ_I141_0096_1.jpg: corrupt JPEG restored and saved
train: /workspace/SawitMVC-Depth-YOLO-RGB/train/images/TOPAZ_I141_0096_2.jpg: corrupt JPEG restored and saved
train: /workspace/SawitMVC-Depth-YOLO-RGB/train/images/TOPAZ_I141_0096_3.jpg: corrupt JPEG restored and saved
train: /workspace/SawitMVC-Depth-YOLO-RGB/train/images/TOPAZ_I141_0096_4.jpg: corrupt JPEG restored and saved
train: /workspace/SawitMVC-Depth-YOLO-RGB/train/images/TOPAZ_I141_0097_1.jpg: corrupt JPEG restored and saved
train: /workspace/SawitMVC-Depth-YOLO-RGB/train/images/TOPAZ_I141_0097_2.jpg: corrupt JPEG restored and saved
train: /workspace/SawitMVC-Depth-YOLO-RGB/train/images/TOPAZ_I141_0097_3.jpg: corrupt JPEG restored and saved
train: /workspace/SawitMVC-Depth-YOLO-RGB/train/images/TOPAZ_I141_0097_4.jpg: corrupt JPEG restored and saved
train: /workspace/SawitMVC-Depth-YOLO-RGB/train/images/TOPAZ_I141_0099_1.jpg: corrupt JPEG restored and saved
train: /workspace/SawitMVC-Depth-YOLO-RGB/train/images/TOPAZ_I141_0099_2.jpg: corrupt JPEG restored and saved
train: /workspace/SawitMVC-Depth-YOLO-RGB/train/images/TOPAZ_I141_0099_3.jpg: corrupt JPEG restored and saved
train: /workspace/SawitMVC-Depth-YOLO-RGB/train/images/TOPAZ_I141_0099_4.jpg: corrupt JPEG restored and saved
train: /workspace/SawitMVC-Depth-YOLO-RGB/train/images/TOPAZ_I141_0100_1.jpg: corrupt JPEG restored and saved
train: /workspace/SawitMVC-Depth-YOLO-RGB/train/images/TOPAZ_I141_0100_2.jpg: corrupt JPEG restored and saved
train: /workspace/SawitMVC-Depth-YOLO-RGB/train/images/TOPAZ_I141_0100_3.jpg: corrupt JPEG restored and saved
train: /workspace/SawitMVC-Depth-YOLO-RGB/train/images/TOPAZ_I141_0100_4.jpg: corrupt JPEG restored and saved
train: /workspace/SawitMVC-Depth-YOLO-RGB/train/images/TOPAZ_I141_0101_1.jpg: corrupt JPEG restored and saved
train: /workspace/SawitMVC-Depth-YOLO-RGB/train/images/TOPAZ_I141_0101_2.jpg: corrupt JPEG restored and saved
train: /workspace/SawitMVC-Depth-YOLO-RGB/train/images/TOPAZ_I141_0101_3.jpg: corrupt JPEG restored and saved
train: /workspace/SawitMVC-Depth-YOLO-RGB/train/images/TOPAZ_I141_0101_4.jpg: corrupt JPEG restored and saved
train: /workspace/SawitMVC-Depth-YOLO-RGB/train/images/TOPAZ_I141_0102_1.jpg: corrupt JPEG restored and saved
train: /workspace/SawitMVC-Depth-YOLO-RGB/train/images/TOPAZ_I141_0102_2.jpg: corrupt JPEG restored and saved
train: /workspace/SawitMVC-Depth-YOLO-RGB/train/images/TOPAZ_I141_0102_3.jpg: corrupt JPEG restored and saved
train: /workspace/SawitMVC-Depth-YOLO-RGB/train/images/TOPAZ_I141_0102_4.jpg: corrupt JPEG restored and saved
train: /workspace/SawitMVC-Depth-YOLO-RGB/train/images/TOPAZ_I141_0103_1.jpg: corrupt JPEG restored and saved
train: /workspace/SawitMVC-Depth-YOLO-RGB/train/images/TOPAZ_I141_0103_2.jpg: corrupt JPEG restored and saved
train: /workspace/SawitMVC-Depth-YOLO-RGB/train/images/TOPAZ_I141_0103_3.jpg: corrupt JPEG restored and saved
train: /workspace/SawitMVC-Depth-YOLO-RGB/train/images/TOPAZ_I141_0103_4.jpg: corrupt JPEG restored and saved
train: /workspace/SawitMVC-Depth-YOLO-RGB/train/images/TOPAZ_I141_0105_1.jpg: corrupt JPEG restored and saved
train: /workspace/SawitMVC-Depth-YOLO-RGB/train/images/TOPAZ_I141_0105_2.jpg: corrupt JPEG restored and saved
train: /workspace/SawitMVC-Depth-YOLO-RGB/train/images/TOPAZ_I141_0105_3.jpg: corrupt JPEG restored and saved
train: /workspace/SawitMVC-Depth-YOLO-RGB/train/images/TOPAZ_I141_0105_4.jpg: corrupt JPEG restored and saved
train: /workspace/SawitMVC-Depth-YOLO-RGB/train/images/TOPAZ_I19_0001_1.jpg: corrupt JPEG restored and saved
train: /workspace/SawitMVC-Depth-YOLO-RGB/train/images/TOPAZ_I19_0001_2.jpg: corrupt JPEG restored and saved
train: /workspace/SawitMVC-Depth-YOLO-RGB/train/images/TOPAZ_I19_0001_3.jpg: corrupt JPEG restored and saved
train: /workspace/SawitMVC-Depth-YOLO-RGB/train/images/TOPAZ_I19_0001_4.jpg: corrupt JPEG restored and saved
train: /workspace/SawitMVC-Depth-YOLO-RGB/train/images/TOPAZ_I19_0002_1.jpg: corrupt JPEG restored and saved
train: /workspace/SawitMVC-Depth-YOLO-RGB/train/images/TOPAZ_I19_0002_2.jpg: corrupt JPEG restored and saved
train: /workspace/SawitMVC-Depth-YOLO-RGB/train/images/TOPAZ_I19_0002_3.jpg: corrupt JPEG restored and saved
train: /workspace/SawitMVC-Depth-YOLO-RGB/train/images/TOPAZ_I19_0002_4.jpg: corrupt JPEG restored and saved
train: /workspace/SawitMVC-Depth-YOLO-RGB/train/images/TOPAZ_I19_0003_1.jpg: corrupt JPEG restored and saved
train: /workspace/SawitMVC-Depth-YOLO-RGB/train/images/TOPAZ_I19_0003_2.jpg: corrupt JPEG restored and saved
train: /workspace/SawitMVC-Depth-YOLO-RGB/train/images/TOPAZ_I19_0003_3.jpg: corrupt JPEG restored and saved
train: /workspace/SawitMVC-Depth-YOLO-RGB/train/images/TOPAZ_I19_0003_4.jpg: corrupt JPEG restored and saved
train: /workspace/SawitMVC-Depth-YOLO-RGB/train/images/TOPAZ_I19_0007_1.jpg: corrupt JPEG restored and saved
train: /workspace/SawitMVC-Depth-YOLO-RGB/train/images/TOPAZ_I19_0007_2.jpg: corrupt JPEG restored and saved
train: /workspace/SawitMVC-Depth-YOLO-RGB/train/images/TOPAZ_I19_0007_3.jpg: corrupt JPEG restored and saved
train: /workspace/SawitMVC-Depth-YOLO-RGB/train/images/TOPAZ_I19_0007_4.jpg: corrupt JPEG restored and saved
train: /workspace/SawitMVC-Depth-YOLO-RGB/train/images/TOPAZ_I19_0008_1.jpg: corrupt JPEG restored and saved
train: /workspace/SawitMVC-Depth-YOLO-RGB/train/images/TOPAZ_I19_0008_2.jpg: corrupt JPEG restored and saved
train: /workspace/SawitMVC-Depth-YOLO-RGB/train/images/TOPAZ_I19_0008_3.jpg: corrupt JPEG restored and saved
train: /workspace/SawitMVC-Depth-YOLO-RGB/train/images/TOPAZ_I19_0008_4.jpg: corrupt JPEG restored and saved
train: /workspace/SawitMVC-Depth-YOLO-RGB/train/images/TOPAZ_I19_0010_1.jpg: corrupt JPEG restored and saved
train: /workspace/SawitMVC-Depth-YOLO-RGB/train/images/TOPAZ_I19_0010_2.jpg: corrupt JPEG restored and saved
train: /workspace/SawitMVC-Depth-YOLO-RGB/train/images/TOPAZ_I19_0010_3.jpg: corrupt JPEG restored and saved
train: /workspace/SawitMVC-Depth-YOLO-RGB/train/images/TOPAZ_I19_0010_4.jpg: corrupt JPEG restored and saved
train: /workspace/SawitMVC-Depth-YOLO-RGB/train/images/TOPAZ_I19_0012_1.jpg: corrupt JPEG restored and saved
train: /workspace/SawitMVC-Depth-YOLO-RGB/train/images/TOPAZ_I19_0012_2.jpg: corrupt JPEG restored and saved
train: /workspace/SawitMVC-Depth-YOLO-RGB/train/images/TOPAZ_I19_0012_3.jpg: corrupt JPEG restored and saved
train: /workspace/SawitMVC-Depth-YOLO-RGB/train/images/TOPAZ_I19_0012_4.jpg: corrupt JPEG restored and saved
train: /workspace/SawitMVC-Depth-YOLO-RGB/train/images/TOPAZ_I19_0013_1.jpg: corrupt JPEG restored and saved
train: /workspace/SawitMVC-Depth-YOLO-RGB/train/images/TOPAZ_I19_0013_2.jpg: corrupt JPEG restored and saved
train: /workspace/SawitMVC-Depth-YOLO-RGB/train/images/TOPAZ_I19_0013_3.jpg: corrupt JPEG restored and saved
train: /workspace/SawitMVC-Depth-YOLO-RGB/train/images/TOPAZ_I19_0013_4.jpg: corrupt JPEG restored and saved
train: /workspace/SawitMVC-Depth-YOLO-RGB/train/images/TOPAZ_I19_0014_1.jpg: corrupt JPEG restored and saved
train: /workspace/SawitMVC-Depth-YOLO-RGB/train/images/TOPAZ_I19_0014_2.jpg: corrupt JPEG restored and saved
train: /workspace/SawitMVC-Depth-YOLO-RGB/train/images/TOPAZ_I19_0014_3.jpg: corrupt JPEG restored and saved
train: /workspace/SawitMVC-Depth-YOLO-RGB/train/images/TOPAZ_I19_0014_4.jpg: corrupt JPEG restored and saved
train: /workspace/SawitMVC-Depth-YOLO-RGB/train/images/TOPAZ_I19_0015_1.jpg: corrupt JPEG restored and saved
train: /workspace/SawitMVC-Depth-YOLO-RGB/train/images/TOPAZ_I19_0015_2.jpg: corrupt JPEG restored and saved
train: /workspace/SawitMVC-Depth-YOLO-RGB/train/images/TOPAZ_I19_0015_3.jpg: corrupt JPEG restored and saved
train: /workspace/SawitMVC-Depth-YOLO-RGB/train/images/TOPAZ_I19_0015_4.jpg: corrupt JPEG restored and saved
train: /workspace/SawitMVC-Depth-YOLO-RGB/train/images/TOPAZ_I19_0016_1.jpg: corrupt JPEG restored and saved
train: /workspace/SawitMVC-Depth-YOLO-RGB/train/images/TOPAZ_I19_0016_2.jpg: corrupt JPEG restored and saved
train: /workspace/SawitMVC-Depth-YOLO-RGB/train/images/TOPAZ_I19_0016_3.jpg: corrupt JPEG restored and saved
train: /workspace/SawitMVC-Depth-YOLO-RGB/train/images/TOPAZ_I19_0016_4.jpg: corrupt JPEG restored and saved
train: /workspace/SawitMVC-Depth-YOLO-RGB/train/images/TOPAZ_I19_0017_1.jpg: corrupt JPEG restored and saved
train: /workspace/SawitMVC-Depth-YOLO-RGB/train/images/TOPAZ_I19_0017_2.jpg: corrupt JPEG restored and saved
train: /workspace/SawitMVC-Depth-YOLO-RGB/train/images/TOPAZ_I19_0017_3.jpg: corrupt JPEG restored and saved
train: /workspace/SawitMVC-Depth-YOLO-RGB/train/images/TOPAZ_I19_0017_4.jpg: corrupt JPEG restored and saved
train: /workspace/SawitMVC-Depth-YOLO-RGB/train/images/TOPAZ_I19_0018_1.jpg: corrupt JPEG restored and saved
train: /workspace/SawitMVC-Depth-YOLO-RGB/train/images/TOPAZ_I19_0018_2.jpg: corrupt JPEG restored and saved
train: /workspace/SawitMVC-Depth-YOLO-RGB/train/images/TOPAZ_I19_0018_3.jpg: corrupt JPEG restored and saved
train: /workspace/SawitMVC-Depth-YOLO-RGB/train/images/TOPAZ_I19_0018_4.jpg: corrupt JPEG restored and saved
train: /workspace/SawitMVC-Depth-YOLO-RGB/train/images/TOPAZ_I19_0019_1.jpg: corrupt JPEG restored and saved
train: /workspace/SawitMVC-Depth-YOLO-RGB/train/images/TOPAZ_I19_0019_2.jpg: corrupt JPEG restored and saved
train: /workspace/SawitMVC-Depth-YOLO-RGB/train/images/TOPAZ_I19_0019_3.jpg: corrupt JPEG restored and saved
train: /workspace/SawitMVC-Depth-YOLO-RGB/train/images/TOPAZ_I19_0019_4.jpg: corrupt JPEG restored and saved
train: /workspace/SawitMVC-Depth-YOLO-RGB/train/images/TOPAZ_I19_0020_1.jpg: corrupt JPEG restored and saved
train: /workspace/SawitMVC-Depth-YOLO-RGB/train/images/TOPAZ_I19_0020_2.jpg: corrupt JPEG restored and saved
train: /workspace/SawitMVC-Depth-YOLO-RGB/train/images/TOPAZ_I19_0020_3.jpg: corrupt JPEG restored and saved
train: /workspace/SawitMVC-Depth-YOLO-RGB/train/images/TOPAZ_I19_0020_4.jpg: corrupt JPEG restored and saved
train: /workspace/SawitMVC-Depth-YOLO-RGB/train/images/TOPAZ_I19_0021_1.jpg: corrupt JPEG restored and saved
train: /workspace/SawitMVC-Depth-YOLO-RGB/train/images/TOPAZ_I19_0021_2.jpg: corrupt JPEG restored and saved
train: /workspace/SawitMVC-Depth-YOLO-RGB/train/images/TOPAZ_I19_0021_3.jpg: corrupt JPEG restored and saved
train: /workspace/SawitMVC-Depth-YOLO-RGB/train/images/TOPAZ_I19_0021_4.jpg: corrupt JPEG restored and saved
train: /workspace/SawitMVC-Depth-YOLO-RGB/train/images/TOPAZ_I19_0022_1.jpg: corrupt JPEG restored and saved
train: /workspace/SawitMVC-Depth-YOLO-RGB/train/images/TOPAZ_I19_0022_2.jpg: corrupt JPEG restored and saved
train: /workspace/SawitMVC-Depth-YOLO-RGB/train/images/TOPAZ_I19_0022_3.jpg: corrupt JPEG restored and saved
train: /workspace/SawitMVC-Depth-YOLO-RGB/train/images/TOPAZ_I19_0022_4.jpg: corrupt JPEG restored and saved
train: /workspace/SawitMVC-Depth-YOLO-RGB/train/images/TOPAZ_I19_0024_1.jpg: corrupt JPEG restored and saved
train: /workspace/SawitMVC-Depth-YOLO-RGB/train/images/TOPAZ_I19_0024_2.jpg: corrupt JPEG restored and saved
train: /workspace/SawitMVC-Depth-YOLO-RGB/train/images/TOPAZ_I19_0024_3.jpg: corrupt JPEG restored and saved
train: /workspace/SawitMVC-Depth-YOLO-RGB/train/images/TOPAZ_I19_0024_4.jpg: corrupt JPEG restored and saved
train: New cache created: /workspace/SawitMVC-Depth-YOLO-RGB/train/labels.cache
albumentations: Blur(p=0.01, blur_limit=(3, 7)), MedianBlur(p=0.01, blur_limit=(3, 7)), ToGray(p=0.01, method='weighted_average', num_output_channels=3), CLAHE(p=0.01, clip_limit=(1.0, 4.0), tile_grid_size=(8, 8))
val: Fast image access ✅ (ping: 0.0±0.0 ms, read: 541.7±130.3 MB/s, size: 326.5 KB)
val: Scanning /workspace/SawitMVC-Depth-YOLO-RGB/valid/labels... 468 images, 43 backgrounds, 0 corrupt: 100% ━━━━━━━━━━━━ 468/468 182.4it/s 2.6s
val: /workspace/SawitMVC-Depth-YOLO-RGB/valid/images/MARIHAT_I142_0023_1.jpg: corrupt JPEG restored and saved
val: /workspace/SawitMVC-Depth-YOLO-RGB/valid/images/MARIHAT_I142_0023_2.jpg: corrupt JPEG restored and saved
val: /workspace/SawitMVC-Depth-YOLO-RGB/valid/images/MARIHAT_I142_0023_3.jpg: corrupt JPEG restored and saved
val: /workspace/SawitMVC-Depth-YOLO-RGB/valid/images/MARIHAT_I142_0023_4.jpg: corrupt JPEG restored and saved
val: /workspace/SawitMVC-Depth-YOLO-RGB/valid/images/MARIHAT_I142_0029_1.jpg: corrupt JPEG restored and saved
val: /workspace/SawitMVC-Depth-YOLO-RGB/valid/images/MARIHAT_I142_0029_2.jpg: corrupt JPEG restored and saved
val: /workspace/SawitMVC-Depth-YOLO-RGB/valid/images/MARIHAT_I142_0029_3.jpg: corrupt JPEG restored and saved
val: /workspace/SawitMVC-Depth-YOLO-RGB/valid/images/MARIHAT_I142_0029_4.jpg: corrupt JPEG restored and saved
val: /workspace/SawitMVC-Depth-YOLO-RGB/valid/images/MARIHAT_I142_0031_1.jpg: corrupt JPEG restored and saved
val: /workspace/SawitMVC-Depth-YOLO-RGB/valid/images/MARIHAT_I142_0031_2.jpg: corrupt JPEG restored and saved
val: /workspace/SawitMVC-Depth-YOLO-RGB/valid/images/MARIHAT_I142_0031_3.jpg: corrupt JPEG restored and saved
val: /workspace/SawitMVC-Depth-YOLO-RGB/valid/images/MARIHAT_I142_0031_4.jpg: corrupt JPEG restored and saved
val: /workspace/SawitMVC-Depth-YOLO-RGB/valid/images/MARIHAT_I142_0033_1.jpg: corrupt JPEG restored and saved
val: /workspace/SawitMVC-Depth-YOLO-RGB/valid/images/MARIHAT_I142_0033_2.jpg: corrupt JPEG restored and saved
val: /workspace/SawitMVC-Depth-YOLO-RGB/valid/images/MARIHAT_I142_0033_3.jpg: corrupt JPEG restored and saved
val: /workspace/SawitMVC-Depth-YOLO-RGB/valid/images/MARIHAT_I142_0033_4.jpg: corrupt JPEG restored and saved
val: /workspace/SawitMVC-Depth-YOLO-RGB/valid/images/MARIHAT_I142_0040_1.jpg: corrupt JPEG restored and saved
val: /workspace/SawitMVC-Depth-YOLO-RGB/valid/images/MARIHAT_I142_0040_2.jpg: corrupt JPEG restored and saved
val: /workspace/SawitMVC-Depth-YOLO-RGB/valid/images/MARIHAT_I142_0040_3.jpg: corrupt JPEG restored and saved
val: /workspace/SawitMVC-Depth-YOLO-RGB/valid/images/MARIHAT_I142_0040_4.jpg: corrupt JPEG restored and saved
val: /workspace/SawitMVC-Depth-YOLO-RGB/valid/images/MARIHAT_I142_0043_1.jpg: corrupt JPEG restored and saved
val: /workspace/SawitMVC-Depth-YOLO-RGB/valid/images/MARIHAT_I142_0043_2.jpg: corrupt JPEG restored and saved
val: /workspace/SawitMVC-Depth-YOLO-RGB/valid/images/MARIHAT_I142_0043_3.jpg: corrupt JPEG restored and saved
val: /workspace/SawitMVC-Depth-YOLO-RGB/valid/images/MARIHAT_I142_0043_4.jpg: corrupt JPEG restored and saved
val: /workspace/SawitMVC-Depth-YOLO-RGB/valid/images/MARIHAT_I142_0046_1.jpg: corrupt JPEG restored and saved
val: /workspace/SawitMVC-Depth-YOLO-RGB/valid/images/MARIHAT_I142_0046_2.jpg: corrupt JPEG restored and saved
val: /workspace/SawitMVC-Depth-YOLO-RGB/valid/images/MARIHAT_I142_0046_3.jpg: corrupt JPEG restored and saved
val: /workspace/SawitMVC-Depth-YOLO-RGB/valid/images/MARIHAT_I142_0046_4.jpg: corrupt JPEG restored and saved
val: /workspace/SawitMVC-Depth-YOLO-RGB/valid/images/MARIHAT_I142_0063_1.jpg: corrupt JPEG restored and saved
val: /workspace/SawitMVC-Depth-YOLO-RGB/valid/images/MARIHAT_I142_0063_2.jpg: corrupt JPEG restored and saved
val: /workspace/SawitMVC-Depth-YOLO-RGB/valid/images/MARIHAT_I142_0063_3.jpg: corrupt JPEG restored and saved
val: /workspace/SawitMVC-Depth-YOLO-RGB/valid/images/MARIHAT_I142_0063_4.jpg: corrupt JPEG restored and saved
val: /workspace/SawitMVC-Depth-YOLO-RGB/valid/images/MARIHAT_I142_0065_1.jpg: corrupt JPEG restored and saved
val: /workspace/SawitMVC-Depth-YOLO-RGB/valid/images/MARIHAT_I142_0065_2.jpg: corrupt JPEG restored and saved
val: /workspace/SawitMVC-Depth-YOLO-RGB/valid/images/MARIHAT_I142_0065_3.jpg: corrupt JPEG restored and saved
val: /workspace/SawitMVC-Depth-YOLO-RGB/valid/images/MARIHAT_I142_0065_4.jpg: corrupt JPEG restored and saved
val: /workspace/SawitMVC-Depth-YOLO-RGB/valid/images/MARIHAT_I142_0067_1.jpg: corrupt JPEG restored and saved
val: /workspace/SawitMVC-Depth-YOLO-RGB/valid/images/MARIHAT_I142_0067_2.jpg: corrupt JPEG restored and saved
val: /workspace/SawitMVC-Depth-YOLO-RGB/valid/images/MARIHAT_I142_0067_3.jpg: corrupt JPEG restored and saved
val: /workspace/SawitMVC-Depth-YOLO-RGB/valid/images/MARIHAT_I142_0067_4.jpg: corrupt JPEG restored and saved
val: /workspace/SawitMVC-Depth-YOLO-RGB/valid/images/MARIHAT_I142_0074_1.jpg: corrupt JPEG restored and saved
val: /workspace/SawitMVC-Depth-YOLO-RGB/valid/images/MARIHAT_I142_0074_2.jpg: corrupt JPEG restored and saved
val: /workspace/SawitMVC-Depth-YOLO-RGB/valid/images/MARIHAT_I142_0074_3.jpg: corrupt JPEG restored and saved
val: /workspace/SawitMVC-Depth-YOLO-RGB/valid/images/MARIHAT_I142_0074_4.jpg: corrupt JPEG restored and saved
val: /workspace/SawitMVC-Depth-YOLO-RGB/valid/images/TOPAZ_H11_0005_1.jpg: corrupt JPEG restored and saved
val: /workspace/SawitMVC-Depth-YOLO-RGB/valid/images/TOPAZ_H11_0005_2.jpg: corrupt JPEG restored and saved
val: /workspace/SawitMVC-Depth-YOLO-RGB/valid/images/TOPAZ_H11_0005_3.jpg: corrupt JPEG restored and saved
val: /workspace/SawitMVC-Depth-YOLO-RGB/valid/images/TOPAZ_H11_0005_4.jpg: corrupt JPEG restored and saved
val: /workspace/SawitMVC-Depth-YOLO-RGB/valid/images/TOPAZ_H11_0014_1.jpg: corrupt JPEG restored and saved
val: /workspace/SawitMVC-Depth-YOLO-RGB/valid/images/TOPAZ_H11_0014_2.jpg: corrupt JPEG restored and saved
val: /workspace/SawitMVC-Depth-YOLO-RGB/valid/images/TOPAZ_H11_0014_3.jpg: corrupt JPEG restored and saved
val: /workspace/SawitMVC-Depth-YOLO-RGB/valid/images/TOPAZ_H11_0014_4.jpg: corrupt JPEG restored and saved
val: /workspace/SawitMVC-Depth-YOLO-RGB/valid/images/TOPAZ_H11_0015_1.jpg: corrupt JPEG restored and saved
val: /workspace/SawitMVC-Depth-YOLO-RGB/valid/images/TOPAZ_H11_0015_2.jpg: corrupt JPEG restored and saved
val: /workspace/SawitMVC-Depth-YOLO-RGB/valid/images/TOPAZ_H11_0015_3.jpg: corrupt JPEG restored and saved
val: /workspace/SawitMVC-Depth-YOLO-RGB/valid/images/TOPAZ_H11_0015_4.jpg: corrupt JPEG restored and saved
val: /workspace/SawitMVC-Depth-YOLO-RGB/valid/images/TOPAZ_H11_0022_1.jpg: corrupt JPEG restored and saved
val: /workspace/SawitMVC-Depth-YOLO-RGB/valid/images/TOPAZ_H11_0022_2.jpg: corrupt JPEG restored and saved
val: /workspace/SawitMVC-Depth-YOLO-RGB/valid/images/TOPAZ_H11_0022_3.jpg: corrupt JPEG restored and saved
val: /workspace/SawitMVC-Depth-YOLO-RGB/valid/images/TOPAZ_H11_0022_4.jpg: corrupt JPEG restored and saved
val: /workspace/SawitMVC-Depth-YOLO-RGB/valid/images/TOPAZ_H11_0028_1.jpg: corrupt JPEG restored and saved
val: /workspace/SawitMVC-Depth-YOLO-RGB/valid/images/TOPAZ_H11_0028_2.jpg: corrupt JPEG restored and saved
val: /workspace/SawitMVC-Depth-YOLO-RGB/valid/images/TOPAZ_H11_0028_3.jpg: corrupt JPEG restored and saved
val: /workspace/SawitMVC-Depth-YOLO-RGB/valid/images/TOPAZ_H11_0028_4.jpg: corrupt JPEG restored and saved
val: /workspace/SawitMVC-Depth-YOLO-RGB/valid/images/TOPAZ_H11_0033_1.jpg: corrupt JPEG restored and saved
val: /workspace/SawitMVC-Depth-YOLO-RGB/valid/images/TOPAZ_H11_0033_2.jpg: corrupt JPEG restored and saved
val: /workspace/SawitMVC-Depth-YOLO-RGB/valid/images/TOPAZ_H11_0033_3.jpg: corrupt JPEG restored and saved
val: /workspace/SawitMVC-Depth-YOLO-RGB/valid/images/TOPAZ_H11_0033_4.jpg: corrupt JPEG restored and saved
val: /workspace/SawitMVC-Depth-YOLO-RGB/valid/images/TOPAZ_H11_0035_1.jpg: corrupt JPEG restored and saved
val: /workspace/SawitMVC-Depth-YOLO-RGB/valid/images/TOPAZ_H11_0035_2.jpg: corrupt JPEG restored and saved
val: /workspace/SawitMVC-Depth-YOLO-RGB/valid/images/TOPAZ_H11_0035_3.jpg: corrupt JPEG restored and saved
val: /workspace/SawitMVC-Depth-YOLO-RGB/valid/images/TOPAZ_H11_0035_4.jpg: corrupt JPEG restored and saved
val: /workspace/SawitMVC-Depth-YOLO-RGB/valid/images/TOPAZ_H11_0041_1.jpg: corrupt JPEG restored and saved
val: /workspace/SawitMVC-Depth-YOLO-RGB/valid/images/TOPAZ_H11_0041_2.jpg: corrupt JPEG restored and saved
val: /workspace/SawitMVC-Depth-YOLO-RGB/valid/images/TOPAZ_H11_0041_3.jpg: corrupt JPEG restored and saved
val: /workspace/SawitMVC-Depth-YOLO-RGB/valid/images/TOPAZ_H11_0041_4.jpg: corrupt JPEG restored and saved
val: /workspace/SawitMVC-Depth-YOLO-RGB/valid/images/TOPAZ_H11_0043_1.jpg: corrupt JPEG restored and saved
val: /workspace/SawitMVC-Depth-YOLO-RGB/valid/images/TOPAZ_H11_0043_2.jpg: corrupt JPEG restored and saved
val: /workspace/SawitMVC-Depth-YOLO-RGB/valid/images/TOPAZ_H11_0043_3.jpg: corrupt JPEG restored and saved
val: /workspace/SawitMVC-Depth-YOLO-RGB/valid/images/TOPAZ_H11_0043_4.jpg: corrupt JPEG restored and saved
val: /workspace/SawitMVC-Depth-YOLO-RGB/valid/images/TOPAZ_H11_0046_1.jpg: corrupt JPEG restored and saved
val: /workspace/SawitMVC-Depth-YOLO-RGB/valid/images/TOPAZ_H11_0046_2.jpg: corrupt JPEG restored and saved
val: /workspace/SawitMVC-Depth-YOLO-RGB/valid/images/TOPAZ_H11_0046_3.jpg: corrupt JPEG restored and saved
val: /workspace/SawitMVC-Depth-YOLO-RGB/valid/images/TOPAZ_H11_0046_4.jpg: corrupt JPEG restored and saved
val: /workspace/SawitMVC-Depth-YOLO-RGB/valid/images/TOPAZ_H11_0054_1.jpg: corrupt JPEG restored and saved
val: /workspace/SawitMVC-Depth-YOLO-RGB/valid/images/TOPAZ_H11_0054_2.jpg: corrupt JPEG restored and saved
val: /workspace/SawitMVC-Depth-YOLO-RGB/valid/images/TOPAZ_H11_0054_3.jpg: corrupt JPEG restored and saved
val: /workspace/SawitMVC-Depth-YOLO-RGB/valid/images/TOPAZ_H11_0054_4.jpg: corrupt JPEG restored and saved
val: /workspace/SawitMVC-Depth-YOLO-RGB/valid/images/TOPAZ_H11_0057_1.jpg: corrupt JPEG restored and saved
val: /workspace/SawitMVC-Depth-YOLO-RGB/valid/images/TOPAZ_H11_0057_2.jpg: corrupt JPEG restored and saved
val: /workspace/SawitMVC-Depth-YOLO-RGB/valid/images/TOPAZ_H11_0057_3.jpg: corrupt JPEG restored and saved
val: /workspace/SawitMVC-Depth-YOLO-RGB/valid/images/TOPAZ_H11_0057_4.jpg: corrupt JPEG restored and saved
val: /workspace/SawitMVC-Depth-YOLO-RGB/valid/images/TOPAZ_H11_0064_1.jpg: corrupt JPEG restored and saved
val: /workspace/SawitMVC-Depth-YOLO-RGB/valid/images/TOPAZ_H11_0064_2.jpg: corrupt JPEG restored and saved
val: /workspace/SawitMVC-Depth-YOLO-RGB/valid/images/TOPAZ_H11_0064_3.jpg: corrupt JPEG restored and saved
val: /workspace/SawitMVC-Depth-YOLO-RGB/valid/images/TOPAZ_H11_0064_4.jpg: corrupt JPEG restored and saved
val: /workspace/SawitMVC-Depth-YOLO-RGB/valid/images/TOPAZ_H11_0077_1.jpg: corrupt JPEG restored and saved
val: /workspace/SawitMVC-Depth-YOLO-RGB/valid/images/TOPAZ_H11_0077_2.jpg: corrupt JPEG restored and saved
val: /workspace/SawitMVC-Depth-YOLO-RGB/valid/images/TOPAZ_H11_0077_3.jpg: corrupt JPEG restored and saved
val: /workspace/SawitMVC-Depth-YOLO-RGB/valid/images/TOPAZ_H11_0077_4.jpg: corrupt JPEG restored and saved
val: /workspace/SawitMVC-Depth-YOLO-RGB/valid/images/TOPAZ_H11_0086_1.jpg: corrupt JPEG restored and saved
val: /workspace/SawitMVC-Depth-YOLO-RGB/valid/images/TOPAZ_H11_0086_2.jpg: corrupt JPEG restored and saved
val: /workspace/SawitMVC-Depth-YOLO-RGB/valid/images/TOPAZ_H11_0086_3.jpg: corrupt JPEG restored and saved
val: /workspace/SawitMVC-Depth-YOLO-RGB/valid/images/TOPAZ_H11_0086_4.jpg: corrupt JPEG restored and saved
val: /workspace/SawitMVC-Depth-YOLO-RGB/valid/images/TOPAZ_H11_0091_1.jpg: corrupt JPEG restored and saved
val: /workspace/SawitMVC-Depth-YOLO-RGB/valid/images/TOPAZ_H11_0091_2.jpg: corrupt JPEG restored and saved
val: /workspace/SawitMVC-Depth-YOLO-RGB/valid/images/TOPAZ_H11_0091_3.jpg: corrupt JPEG restored and saved
val: /workspace/SawitMVC-Depth-YOLO-RGB/valid/images/TOPAZ_H11_0091_4.jpg: corrupt JPEG restored and saved
val: /workspace/SawitMVC-Depth-YOLO-RGB/valid/images/TOPAZ_H11_0102_1.jpg: corrupt JPEG restored and saved
val: /workspace/SawitMVC-Depth-YOLO-RGB/valid/images/TOPAZ_H11_0102_2.jpg: corrupt JPEG restored and saved
val: /workspace/SawitMVC-Depth-YOLO-RGB/valid/images/TOPAZ_H11_0102_3.jpg: corrupt JPEG restored and saved
val: /workspace/SawitMVC-Depth-YOLO-RGB/valid/images/TOPAZ_H11_0102_4.jpg: corrupt JPEG restored and saved
val: /workspace/SawitMVC-Depth-YOLO-RGB/valid/images/TOPAZ_H13_0001_1.jpg: corrupt JPEG restored and saved
val: /workspace/SawitMVC-Depth-YOLO-RGB/valid/images/TOPAZ_H13_0001_2.jpg: corrupt JPEG restored and saved
val: /workspace/SawitMVC-Depth-YOLO-RGB/valid/images/TOPAZ_H13_0001_3.jpg: corrupt JPEG restored and saved
val: /workspace/SawitMVC-Depth-YOLO-RGB/valid/images/TOPAZ_H13_0001_4.jpg: corrupt JPEG restored and saved
val: /workspace/SawitMVC-Depth-YOLO-RGB/valid/images/TOPAZ_H13_0006_1.jpg: corrupt JPEG restored and saved
val: /workspace/SawitMVC-Depth-YOLO-RGB/valid/images/TOPAZ_H13_0006_2.jpg: corrupt JPEG restored and saved
val: /workspace/SawitMVC-Depth-YOLO-RGB/valid/images/TOPAZ_H13_0006_3.jpg: corrupt JPEG restored and saved
val: /workspace/SawitMVC-Depth-YOLO-RGB/valid/images/TOPAZ_H13_0006_4.jpg: corrupt JPEG restored and saved
val: /workspace/SawitMVC-Depth-YOLO-RGB/valid/images/TOPAZ_H13_0011_1.jpg: corrupt JPEG restored and saved
val: /workspace/SawitMVC-Depth-YOLO-RGB/valid/images/TOPAZ_H13_0011_2.jpg: corrupt JPEG restored and saved
val: /workspace/SawitMVC-Depth-YOLO-RGB/valid/images/TOPAZ_H13_0011_3.jpg: corrupt JPEG restored and saved
val: /workspace/SawitMVC-Depth-YOLO-RGB/valid/images/TOPAZ_H13_0011_4.jpg: corrupt JPEG restored and saved
val: /workspace/SawitMVC-Depth-YOLO-RGB/valid/images/TOPAZ_H13_0023_1.jpg: corrupt JPEG restored and saved
val: /workspace/SawitMVC-Depth-YOLO-RGB/valid/images/TOPAZ_H13_0023_2.jpg: corrupt JPEG restored and saved
val: /workspace/SawitMVC-Depth-YOLO-RGB/valid/images/TOPAZ_H13_0023_3.jpg: corrupt JPEG restored and saved
val: /workspace/SawitMVC-Depth-YOLO-RGB/valid/images/TOPAZ_H13_0023_4.jpg: corrupt JPEG restored and saved
val: /workspace/SawitMVC-Depth-YOLO-RGB/valid/images/TOPAZ_H13_0028_1.jpg: corrupt JPEG restored and saved
val: /workspace/SawitMVC-Depth-YOLO-RGB/valid/images/TOPAZ_H13_0028_2.jpg: corrupt JPEG restored and saved
val: /workspace/SawitMVC-Depth-YOLO-RGB/valid/images/TOPAZ_H13_0028_3.jpg: corrupt JPEG restored and saved
val: /workspace/SawitMVC-Depth-YOLO-RGB/valid/images/TOPAZ_H13_0028_4.jpg: corrupt JPEG restored and saved
val: /workspace/SawitMVC-Depth-YOLO-RGB/valid/images/TOPAZ_H13_0037_1.jpg: corrupt JPEG restored and saved
val: /workspace/SawitMVC-Depth-YOLO-RGB/valid/images/TOPAZ_H13_0037_2.jpg: corrupt JPEG restored and saved
val: /workspace/SawitMVC-Depth-YOLO-RGB/valid/images/TOPAZ_H13_0037_3.jpg: corrupt JPEG restored and saved
val: /workspace/SawitMVC-Depth-YOLO-RGB/valid/images/TOPAZ_H13_0037_4.jpg: corrupt JPEG restored and saved
val: /workspace/SawitMVC-Depth-YOLO-RGB/valid/images/TOPAZ_H13_0048_1.jpg: corrupt JPEG restored and saved
val: /workspace/SawitMVC-Depth-YOLO-RGB/valid/images/TOPAZ_H13_0048_2.jpg: corrupt JPEG restored and saved
val: /workspace/SawitMVC-Depth-YOLO-RGB/valid/images/TOPAZ_H13_0048_3.jpg: corrupt JPEG restored and saved
val: /workspace/SawitMVC-Depth-YOLO-RGB/valid/images/TOPAZ_H13_0048_4.jpg: corrupt JPEG restored and saved
val: /workspace/SawitMVC-Depth-YOLO-RGB/valid/images/TOPAZ_H13_0052_1.jpg: corrupt JPEG restored and saved
val: /workspace/SawitMVC-Depth-YOLO-RGB/valid/images/TOPAZ_H13_0052_2.jpg: corrupt JPEG restored and saved
val: /workspace/SawitMVC-Depth-YOLO-RGB/valid/images/TOPAZ_H13_0052_3.jpg: corrupt JPEG restored and saved
val: /workspace/SawitMVC-Depth-YOLO-RGB/valid/images/TOPAZ_H13_0052_4.jpg: corrupt JPEG restored and saved
val: /workspace/SawitMVC-Depth-YOLO-RGB/valid/images/TOPAZ_H13_0059_1.jpg: corrupt JPEG restored and saved
val: /workspace/SawitMVC-Depth-YOLO-RGB/valid/images/TOPAZ_H13_0059_2.jpg: corrupt JPEG restored and saved
val: /workspace/SawitMVC-Depth-YOLO-RGB/valid/images/TOPAZ_H13_0059_3.jpg: corrupt JPEG restored and saved
val: /workspace/SawitMVC-Depth-YOLO-RGB/valid/images/TOPAZ_H13_0059_4.jpg: corrupt JPEG restored and saved
val: /workspace/SawitMVC-Depth-YOLO-RGB/valid/images/TOPAZ_H13_0062_1.jpg: corrupt JPEG restored and saved
val: /workspace/SawitMVC-Depth-YOLO-RGB/valid/images/TOPAZ_H13_0062_2.jpg: corrupt JPEG restored and saved
val: /workspace/SawitMVC-Depth-YOLO-RGB/valid/images/TOPAZ_H13_0062_3.jpg: corrupt JPEG restored and saved
val: /workspace/SawitMVC-Depth-YOLO-RGB/valid/images/TOPAZ_H13_0062_4.jpg: corrupt JPEG restored and saved
val: /workspace/SawitMVC-Depth-YOLO-RGB/valid/images/TOPAZ_H13_0065_1.jpg: corrupt JPEG restored and saved
val: /workspace/SawitMVC-Depth-YOLO-RGB/valid/images/TOPAZ_H13_0065_2.jpg: corrupt JPEG restored and saved
val: /workspace/SawitMVC-Depth-YOLO-RGB/valid/images/TOPAZ_H13_0065_3.jpg: corrupt JPEG restored and saved
val: /workspace/SawitMVC-Depth-YOLO-RGB/valid/images/TOPAZ_H13_0065_4.jpg: corrupt JPEG restored and saved
val: /workspace/SawitMVC-Depth-YOLO-RGB/valid/images/TOPAZ_H13_0081_1.jpg: corrupt JPEG restored and saved
val: /workspace/SawitMVC-Depth-YOLO-RGB/valid/images/TOPAZ_H13_0081_2.jpg: corrupt JPEG restored and saved
val: /workspace/SawitMVC-Depth-YOLO-RGB/valid/images/TOPAZ_H13_0081_3.jpg: corrupt JPEG restored and saved
val: /workspace/SawitMVC-Depth-YOLO-RGB/valid/images/TOPAZ_H13_0081_4.jpg: corrupt JPEG restored and saved
val: /workspace/SawitMVC-Depth-YOLO-RGB/valid/images/TOPAZ_H13_0082_1.jpg: corrupt JPEG restored and saved
val: /workspace/SawitMVC-Depth-YOLO-RGB/valid/images/TOPAZ_H13_0082_2.jpg: corrupt JPEG restored and saved
val: /workspace/SawitMVC-Depth-YOLO-RGB/valid/images/TOPAZ_H13_0082_3.jpg: corrupt JPEG restored and saved
val: /workspace/SawitMVC-Depth-YOLO-RGB/valid/images/TOPAZ_H13_0082_4.jpg: corrupt JPEG restored and saved
val: /workspace/SawitMVC-Depth-YOLO-RGB/valid/images/TOPAZ_H13_0087_1.jpg: corrupt JPEG restored and saved
val: /workspace/SawitMVC-Depth-YOLO-RGB/valid/images/TOPAZ_H13_0087_2.jpg: corrupt JPEG restored and saved
val: /workspace/SawitMVC-Depth-YOLO-RGB/valid/images/TOPAZ_H13_0087_3.jpg: corrupt JPEG restored and saved
val: /workspace/SawitMVC-Depth-YOLO-RGB/valid/images/TOPAZ_H13_0087_4.jpg: corrupt JPEG restored and saved
val: /workspace/SawitMVC-Depth-YOLO-RGB/valid/images/TOPAZ_H13_0094_1.jpg: corrupt JPEG restored and saved
val: /workspace/SawitMVC-Depth-YOLO-RGB/valid/images/TOPAZ_H13_0094_2.jpg: corrupt JPEG restored and saved
val: /workspace/SawitMVC-Depth-YOLO-RGB/valid/images/TOPAZ_H13_0094_3.jpg: corrupt JPEG restored and saved
val: /workspace/SawitMVC-Depth-YOLO-RGB/valid/images/TOPAZ_H13_0094_4.jpg: corrupt JPEG restored and saved
val: /workspace/SawitMVC-Depth-YOLO-RGB/valid/images/TOPAZ_H13_0099_1.jpg: corrupt JPEG restored and saved
val: /workspace/SawitMVC-Depth-YOLO-RGB/valid/images/TOPAZ_H13_0099_2.jpg: corrupt JPEG restored and saved
val: /workspace/SawitMVC-Depth-YOLO-RGB/valid/images/TOPAZ_H13_0099_3.jpg: corrupt JPEG restored and saved
val: /workspace/SawitMVC-Depth-YOLO-RGB/valid/images/TOPAZ_H13_0099_4.jpg: corrupt JPEG restored and saved
val: /workspace/SawitMVC-Depth-YOLO-RGB/valid/images/TOPAZ_I141_0014_1.jpg: corrupt JPEG restored and saved
val: /workspace/SawitMVC-Depth-YOLO-RGB/valid/images/TOPAZ_I141_0014_2.jpg: corrupt JPEG restored and saved
val: /workspace/SawitMVC-Depth-YOLO-RGB/valid/images/TOPAZ_I141_0014_3.jpg: corrupt JPEG restored and saved
val: /workspace/SawitMVC-Depth-YOLO-RGB/valid/images/TOPAZ_I141_0014_4.jpg: corrupt JPEG restored and saved
val: /workspace/SawitMVC-Depth-YOLO-RGB/valid/images/TOPAZ_I141_0019_1.jpg: corrupt JPEG restored and saved
val: /workspace/SawitMVC-Depth-YOLO-RGB/valid/images/TOPAZ_I141_0019_2.jpg: corrupt JPEG restored and saved
val: /workspace/SawitMVC-Depth-YOLO-RGB/valid/images/TOPAZ_I141_0019_3.jpg: corrupt JPEG restored and saved
val: /workspace/SawitMVC-Depth-YOLO-RGB/valid/images/TOPAZ_I141_0019_4.jpg: corrupt JPEG restored and saved
val: /workspace/SawitMVC-Depth-YOLO-RGB/valid/images/TOPAZ_I141_0020_1.jpg: corrupt JPEG restored and saved
val: /workspace/SawitMVC-Depth-YOLO-RGB/valid/images/TOPAZ_I141_0020_2.jpg: corrupt JPEG restored and saved
val: /workspace/SawitMVC-Depth-YOLO-RGB/valid/images/TOPAZ_I141_0020_3.jpg: corrupt JPEG restored and saved
val: /workspace/SawitMVC-Depth-YOLO-RGB/valid/images/TOPAZ_I141_0020_4.jpg: corrupt JPEG restored and saved
val: /workspace/SawitMVC-Depth-YOLO-RGB/valid/images/TOPAZ_I141_0030_1.jpg: corrupt JPEG restored and saved
val: /workspace/SawitMVC-Depth-YOLO-RGB/valid/images/TOPAZ_I141_0030_2.jpg: corrupt JPEG restored and saved
val: /workspace/SawitMVC-Depth-YOLO-RGB/valid/images/TOPAZ_I141_0030_3.jpg: corrupt JPEG restored and saved
val: /workspace/SawitMVC-Depth-YOLO-RGB/valid/images/TOPAZ_I141_0030_4.jpg: corrupt JPEG restored and saved
val: /workspace/SawitMVC-Depth-YOLO-RGB/valid/images/TOPAZ_I141_0032_1.jpg: corrupt JPEG restored and saved
val: /workspace/SawitMVC-Depth-YOLO-RGB/valid/images/TOPAZ_I141_0032_2.jpg: corrupt JPEG restored and saved
val: /workspace/SawitMVC-Depth-YOLO-RGB/valid/images/TOPAZ_I141_0032_3.jpg: corrupt JPEG restored and saved
val: /workspace/SawitMVC-Depth-YOLO-RGB/valid/images/TOPAZ_I141_0032_4.jpg: corrupt JPEG restored and saved
val: /workspace/SawitMVC-Depth-YOLO-RGB/valid/images/TOPAZ_I141_0046_1.jpg: corrupt JPEG restored and saved
val: /workspace/SawitMVC-Depth-YOLO-RGB/valid/images/TOPAZ_I141_0046_2.jpg: corrupt JPEG restored and saved
val: /workspace/SawitMVC-Depth-YOLO-RGB/valid/images/TOPAZ_I141_0046_3.jpg: corrupt JPEG restored and saved
val: /workspace/SawitMVC-Depth-YOLO-RGB/valid/images/TOPAZ_I141_0046_4.jpg: corrupt JPEG restored and saved
val: /workspace/SawitMVC-Depth-YOLO-RGB/valid/images/TOPAZ_I141_0048_1.jpg: corrupt JPEG restored and saved
val: /workspace/SawitMVC-Depth-YOLO-RGB/valid/images/TOPAZ_I141_0048_2.jpg: corrupt JPEG restored and saved
val: /workspace/SawitMVC-Depth-YOLO-RGB/valid/images/TOPAZ_I141_0048_3.jpg: corrupt JPEG restored and saved
val: /workspace/SawitMVC-Depth-YOLO-RGB/valid/images/TOPAZ_I141_0048_4.jpg: corrupt JPEG restored and saved
val: /workspace/SawitMVC-Depth-YOLO-RGB/valid/images/TOPAZ_I141_0060_1.jpg: corrupt JPEG restored and saved
val: /workspace/SawitMVC-Depth-YOLO-RGB/valid/images/TOPAZ_I141_0060_2.jpg: corrupt JPEG restored and saved
val: /workspace/SawitMVC-Depth-YOLO-RGB/valid/images/TOPAZ_I141_0060_3.jpg: corrupt JPEG restored and saved
val: /workspace/SawitMVC-Depth-YOLO-RGB/valid/images/TOPAZ_I141_0060_4.jpg: corrupt JPEG restored and saved
val: /workspace/SawitMVC-Depth-YOLO-RGB/valid/images/TOPAZ_I141_0063_1.jpg: corrupt JPEG restored and saved
val: /workspace/SawitMVC-Depth-YOLO-RGB/valid/images/TOPAZ_I141_0063_2.jpg: corrupt JPEG restored and saved
val: /workspace/SawitMVC-Depth-YOLO-RGB/valid/images/TOPAZ_I141_0063_3.jpg: corrupt JPEG restored and saved
val: /workspace/SawitMVC-Depth-YOLO-RGB/valid/images/TOPAZ_I141_0063_4.jpg: corrupt JPEG restored and saved
val: /workspace/SawitMVC-Depth-YOLO-RGB/valid/images/TOPAZ_I141_0066_1.jpg: corrupt JPEG restored and saved
val: /workspace/SawitMVC-Depth-YOLO-RGB/valid/images/TOPAZ_I141_0066_2.jpg: corrupt JPEG restored and saved
val: /workspace/SawitMVC-Depth-YOLO-RGB/valid/images/TOPAZ_I141_0066_3.jpg: corrupt JPEG restored and saved
val: /workspace/SawitMVC-Depth-YOLO-RGB/valid/images/TOPAZ_I141_0066_4.jpg: corrupt JPEG restored and saved
val: /workspace/SawitMVC-Depth-YOLO-RGB/valid/images/TOPAZ_I141_0068_1.jpg: corrupt JPEG restored and saved
val: /workspace/SawitMVC-Depth-YOLO-RGB/valid/images/TOPAZ_I141_0068_2.jpg: corrupt JPEG restored and saved
val: /workspace/SawitMVC-Depth-YOLO-RGB/valid/images/TOPAZ_I141_0068_3.jpg: corrupt JPEG restored and saved
val: /workspace/SawitMVC-Depth-YOLO-RGB/valid/images/TOPAZ_I141_0068_4.jpg: corrupt JPEG restored and saved
val: /workspace/SawitMVC-Depth-YOLO-RGB/valid/images/TOPAZ_I141_0072_1.jpg: corrupt JPEG restored and saved
val: /workspace/SawitMVC-Depth-YOLO-RGB/valid/images/TOPAZ_I141_0072_2.jpg: corrupt JPEG restored and saved
val: /workspace/SawitMVC-Depth-YOLO-RGB/valid/images/TOPAZ_I141_0072_3.jpg: corrupt JPEG restored and saved
val: /workspace/SawitMVC-Depth-YOLO-RGB/valid/images/TOPAZ_I141_0072_4.jpg: corrupt JPEG restored and saved
val: /workspace/SawitMVC-Depth-YOLO-RGB/valid/images/TOPAZ_I141_0080_1.jpg: corrupt JPEG restored and saved
val: /workspace/SawitMVC-Depth-YOLO-RGB/valid/images/TOPAZ_I141_0080_2.jpg: corrupt JPEG restored and saved
val: /workspace/SawitMVC-Depth-YOLO-RGB/valid/images/TOPAZ_I141_0080_3.jpg: corrupt JPEG restored and saved
val: /workspace/SawitMVC-Depth-YOLO-RGB/valid/images/TOPAZ_I141_0080_4.jpg: corrupt JPEG restored and saved
val: /workspace/SawitMVC-Depth-YOLO-RGB/valid/images/TOPAZ_I141_0081_1.jpg: corrupt JPEG restored and saved
val: /workspace/SawitMVC-Depth-YOLO-RGB/valid/images/TOPAZ_I141_0081_2.jpg: corrupt JPEG restored and saved
val: /workspace/SawitMVC-Depth-YOLO-RGB/valid/images/TOPAZ_I141_0081_3.jpg: corrupt JPEG restored and saved
val: /workspace/SawitMVC-Depth-YOLO-RGB/valid/images/TOPAZ_I141_0081_4.jpg: corrupt JPEG restored and saved
val: /workspace/SawitMVC-Depth-YOLO-RGB/valid/images/TOPAZ_I141_0089_1.jpg: corrupt JPEG restored and saved
val: /workspace/SawitMVC-Depth-YOLO-RGB/valid/images/TOPAZ_I141_0089_2.jpg: corrupt JPEG restored and saved
val: /workspace/SawitMVC-Depth-YOLO-RGB/valid/images/TOPAZ_I141_0089_3.jpg: corrupt JPEG restored and saved
val: /workspace/SawitMVC-Depth-YOLO-RGB/valid/images/TOPAZ_I141_0089_4.jpg: corrupt JPEG restored and saved
val: /workspace/SawitMVC-Depth-YOLO-RGB/valid/images/TOPAZ_I141_0104_1.jpg: corrupt JPEG restored and saved
val: /workspace/SawitMVC-Depth-YOLO-RGB/valid/images/TOPAZ_I141_0104_2.jpg: corrupt JPEG restored and saved
val: /workspace/SawitMVC-Depth-YOLO-RGB/valid/images/TOPAZ_I141_0104_3.jpg: corrupt JPEG restored and saved
val: /workspace/SawitMVC-Depth-YOLO-RGB/valid/images/TOPAZ_I141_0104_4.jpg: corrupt JPEG restored and saved
val: /workspace/SawitMVC-Depth-YOLO-RGB/valid/images/TOPAZ_I19_0004_1.jpg: corrupt JPEG restored and saved
val: /workspace/SawitMVC-Depth-YOLO-RGB/valid/images/TOPAZ_I19_0004_2.jpg: corrupt JPEG restored and saved
val: /workspace/SawitMVC-Depth-YOLO-RGB/valid/images/TOPAZ_I19_0004_3.jpg: corrupt JPEG restored and saved
val: /workspace/SawitMVC-Depth-YOLO-RGB/valid/images/TOPAZ_I19_0004_4.jpg: corrupt JPEG restored and saved
val: /workspace/SawitMVC-Depth-YOLO-RGB/valid/images/TOPAZ_I19_0006_1.jpg: corrupt JPEG restored and saved
val: /workspace/SawitMVC-Depth-YOLO-RGB/valid/images/TOPAZ_I19_0006_2.jpg: corrupt JPEG restored and saved
val: /workspace/SawitMVC-Depth-YOLO-RGB/valid/images/TOPAZ_I19_0006_3.jpg: corrupt JPEG restored and saved
val: /workspace/SawitMVC-Depth-YOLO-RGB/valid/images/TOPAZ_I19_0006_4.jpg: corrupt JPEG restored and saved
val: /workspace/SawitMVC-Depth-YOLO-RGB/valid/images/TOPAZ_I19_0009_1.jpg: corrupt JPEG restored and saved
val: /workspace/SawitMVC-Depth-YOLO-RGB/valid/images/TOPAZ_I19_0009_2.jpg: corrupt JPEG restored and saved
val: /workspace/SawitMVC-Depth-YOLO-RGB/valid/images/TOPAZ_I19_0009_3.jpg: corrupt JPEG restored and saved
val: /workspace/SawitMVC-Depth-YOLO-RGB/valid/images/TOPAZ_I19_0009_4.jpg: corrupt JPEG restored and saved
val: /workspace/SawitMVC-Depth-YOLO-RGB/valid/images/TOPAZ_I19_0011_1.jpg: corrupt JPEG restored and saved
val: /workspace/SawitMVC-Depth-YOLO-RGB/valid/images/TOPAZ_I19_0011_2.jpg: corrupt JPEG restored and saved
val: /workspace/SawitMVC-Depth-YOLO-RGB/valid/images/TOPAZ_I19_0011_3.jpg: corrupt JPEG restored and saved
val: /workspace/SawitMVC-Depth-YOLO-RGB/valid/images/TOPAZ_I19_0011_4.jpg: corrupt JPEG restored and saved
val: New cache created: /workspace/SawitMVC-Depth-YOLO-RGB/valid/labels.cache
optimizer: 'optimizer=auto' found, ignoring 'lr0=0.01' and 'momentum=0.937' and determining best 'optimizer', 'lr0' and 'momentum' automatically... 
optimizer: AdamW(lr=0.00125, momentum=0.9) with parameter groups 178 weight(decay=0.0), 190 weight(decay=0.0005), 190 bias(decay=0.0)
Image sizes 1280 train, 1280 val
Using 8 dataloader workers
Logging results to /workspace/project-expertise/runs_new763/yolo26l_rgb_s42_i1280-2
Starting training for 60 epochs...

      Epoch    GPU_mem   box_loss   cls_loss   dfl_loss  Instances       Size

$ /workspace/project-expertise/.venv/bin/python /workspace/project-expertise/scripts/train_baseline_new763.py --arch yolo26l --data /workspace/SawitMVC-Depth-YOLO-RGB --project /workspace/project-expertise/runs_new763 --name yolo26l_rgb_s42_i1280 --epochs 60 --patience 15 --imgsz 1280 --batch 4 --grad-accum 4 --seed 42
New https://pypi.org/project/ultralytics/8.4.126 available 😃 Update with 'pip install -U ultralytics'
Ultralytics 8.4.103 🚀 Python-3.12.3 torch-2.8.0+cu128 CUDA:0 (NVIDIA GeForce RTX 4090, 24092MiB)
engine/trainer: agnostic_nms=False, amp=True, angle=1.0, augment=False, auto_augment=randaugment, batch=4, bgr=0.0, box=7.5, cache=False, cfg=None, classes=None, close_mosaic=7, cls=0.5, cls_pw=0.0, cls_remap=True, compile=False, conf=None, copy_paste=0.0, copy_paste_mode=flip, cos_lr=True, cutmix=0.0, data=/workspace/project-expertise/configs/new763_rgb_abs.yaml, degrees=0.0, deterministic=True, device=, dfl=1.5, dis=6.0, distill_model=None, dnn=False, dropout=0.0, dynamic=False, embed=None, end2end=None, epochs=60, erasing=0.4, exist_ok=True, fliplr=0.5, flipud=0.0, format=torchscript, fraction=1.0, freeze=None, hsv_h=0.015, hsv_s=0.7, hsv_v=0.4, imgsz=1280, iou=0.7, keras=False, kobj=1.0, line_width=None, lr0=0.01, lrf=0.01, mask_ratio=4, max_det=300, mixup=0.0, mode=train, model=yolo26l.pt, momentum=0.937, mosaic=1.0, multi_scale=0.0, name=yolo26l_rgb_s42_i1280, nbs=64, nms=False, opset=None, optimize=False, optimizer=auto, overlap_mask=True, patience=15, perspective=0.0, plots=False, pose=12.0, pretrained=True, profile=False, project=/workspace/project-expertise/runs_new763, quantize=None, rect=False, resume=False, retina_masks=False, rle=1.0, save=True, save_conf=False, save_crop=False, save_dir=/workspace/project-expertise/runs_new763/yolo26l_rgb_s42_i1280, save_frames=False, save_json=False, save_period=5, save_txt=False, scale=0.5, seed=42, shear=0.0, show=False, show_boxes=True, show_conf=True, show_labels=True, simplify=True, single_cls=False, source=None, split=val, stream_buffer=False, task=detect, time=None, tracker=tracktrack.yaml, translate=0.1, val=True, verbose=True, vid_stride=1, visualize=False, warmup_bias_lr=0.1, warmup_epochs=3.0, warmup_momentum=0.8, weight_decay=0.0005, workers=8, workspace=None
Overriding model.yaml nc=80 with nc=4

                   from  n    params  module                                       arguments                     
  0                  -1  1      1856  ultralytics.nn.modules.conv.Conv             [3, 64, 3, 2]                 
  1                  -1  1     73984  ultralytics.nn.modules.conv.Conv             [64, 128, 3, 2]               
  2                  -1  2    173824  ultralytics.nn.modules.block.C3k2            [128, 256, 2, True, 0.25]     
  3                  -1  1    590336  ultralytics.nn.modules.conv.Conv             [256, 256, 3, 2]              
  4                  -1  2    691712  ultralytics.nn.modules.block.C3k2            [256, 512, 2, True, 0.25]     
  5                  -1  1   2360320  ultralytics.nn.modules.conv.Conv             [512, 512, 3, 2]              
  6                  -1  2   2234368  ultralytics.nn.modules.block.C3k2            [512, 512, 2, True]           
  7                  -1  1   2360320  ultralytics.nn.modules.conv.Conv             [512, 512, 3, 2]              
  8                  -1  2   2234368  ultralytics.nn.modules.block.C3k2            [512, 512, 2, True]           
  9                  -1  1    656896  ultralytics.nn.modules.block.SPPF            [512, 512, 5, 3, True]        
 10                  -1  2   1455616  ultralytics.nn.modules.block.C2PSA           [512, 512, 2]                 
 11                  -1  1         0  torch.nn.modules.upsampling.Upsample         [None, 2, 'nearest']          
 12             [-1, 6]  1         0  ultralytics.nn.modules.conv.Concat           [1]                           
 13                  -1  2   2496512  ultralytics.nn.modules.block.C3k2            [1024, 512, 2, True]          
 14                  -1  1         0  torch.nn.modules.upsampling.Upsample         [None, 2, 'nearest']          
 15             [-1, 4]  1         0  ultralytics.nn.modules.conv.Concat           [1]                           
 16                  -1  2    756736  ultralytics.nn.modules.block.C3k2            [1024, 256, 2, True]          
 17                  -1  1    590336  ultralytics.nn.modules.conv.Conv             [256, 256, 3, 2]              
 18            [-1, 13]  1         0  ultralytics.nn.modules.conv.Concat           [1]                           
 19                  -1  2   2365440  ultralytics.nn.modules.block.C3k2            [768, 512, 2, True]           
 20                  -1  1   2360320  ultralytics.nn.modules.conv.Conv             [512, 512, 3, 2]              
 21            [-1, 10]  1         0  ultralytics.nn.modules.conv.Concat           [1]                           
 22                  -1  1   1974784  ultralytics.nn.modules.block.C3k2            [1024, 512, 1, True, 0.5, True]
 23        [16, 19, 22]  1   2804784  ultralytics.nn.modules.head.Detect           [4, 1, True, [256, 512, 512]] 
YOLO26l summary: 392 layers, 26,182,512 parameters, 26,182,512 gradients, 93.1 GFLOPs

Transferred 1080/1092 items from pretrained weights
AMP: running Automatic Mixed Precision (AMP) checks...
AMP: checks passed ✅
train: Fast image access ✅ (ping: 0.0±0.0 ms, read: 2577.9±391.2 MB/s, size: 599.6 KB)

train: /workspace/SawitMVC-Depth-YOLO-RGB/train/images/MARIHAT_I142_0001_1.jpg: corrupt JPEG restored and saved
train: /workspace/SawitMVC-Depth-YOLO-RGB/train/images/MARIHAT_I142_0001_2.jpg: corrupt JPEG restored and saved
train: /workspace/SawitMVC-Depth-YOLO-RGB/train/images/MARIHAT_I142_0001_3.jpg: corrupt JPEG restored and saved
train: /workspace/SawitMVC-Depth-YOLO-RGB/train/images/MARIHAT_I142_0001_4.jpg: corrupt JPEG restored and saved
train: /workspace/SawitMVC-Depth-YOLO-RGB/train/images/MARIHAT_I142_0002_1.jpg: corrupt JPEG restored and saved
train: /workspace/SawitMVC-Depth-YOLO-RGB/train/images/MARIHAT_I142_0002_2.jpg: corrupt JPEG restored and saved
train: /workspace/SawitMVC-Depth-YOLO-RGB/train/images/MARIHAT_I142_0002_3.jpg: corrupt JPEG restored and saved
train: /workspace/SawitMVC-Depth-YOLO-RGB/train/images/MARIHAT_I142_0002_4.jpg: corrupt JPEG restored and saved
train: /workspace/SawitMVC-Depth-YOLO-RGB/train/images/MARIHAT_I142_0003_1.jpg: corrupt JPEG restored and saved
train: /workspace/SawitMVC-Depth-YOLO-RGB/train/images/MARIHAT_I142_0003_2.jpg: corrupt JPEG restored and saved
train: /workspace/SawitMVC-Depth-YOLO-RGB/train/images/MARIHAT_I142_0003_3.jpg: corrupt JPEG restored and saved
train: /workspace/SawitMVC-Depth-YOLO-RGB/train/images/MARIHAT_I142_0003_4.jpg: corrupt JPEG restored and saved
train: /workspace/SawitMVC-Depth-YOLO-RGB/train/images/MARIHAT_I142_0005_1.jpg: corrupt JPEG restored and saved
train: /workspace/SawitMVC-Depth-YOLO-RGB/train/images/MARIHAT_I142_0005_2.jpg: corrupt JPEG restored and saved
train: /workspace/SawitMVC-Depth-YOLO-RGB/train/images/MARIHAT_I142_0005_3.jpg: corrupt JPEG restored and saved
train: /workspace/SawitMVC-Depth-YOLO-RGB/train/images/MARIHAT_I142_0005_4.jpg: corrupt JPEG restored and saved
train: /workspace/SawitMVC-Depth-YOLO-RGB/train/images/MARIHAT_I142_0006_1.jpg: corrupt JPEG restored and saved
train: /workspace/SawitMVC-Depth-YOLO-RGB/train/images/MARIHAT_I142_0006_2.jpg: corrupt JPEG restored and saved
train: /workspace/SawitMVC-Depth-YOLO-RGB/train/images/MARIHAT_I142_0006_3.jpg: corrupt JPEG restored and saved
train: /workspace/SawitMVC-Depth-YOLO-RGB/train/images/MARIHAT_I142_0006_4.jpg: corrupt JPEG restored and saved
train: /workspace/SawitMVC-Depth-YOLO-RGB/train/images/MARIHAT_I142_0007_1.jpg: corrupt JPEG restored and saved
train: /workspace/SawitMVC-Depth-YOLO-RGB/train/images/MARIHAT_I142_0007_2.jpg: corrupt JPEG restored and saved
train: /workspace/SawitMVC-Depth-YOLO-RGB/train/images/MARIHAT_I142_0007_3.jpg: corrupt JPEG restored and saved
train: /workspace/SawitMVC-Depth-YOLO-RGB/train/images/MARIHAT_I142_0007_4.jpg: corrupt JPEG restored and saved
train: /workspace/SawitMVC-Depth-YOLO-RGB/train/images/MARIHAT_I142_0008_1.jpg: corrupt JPEG restored and saved
train: /workspace/SawitMVC-Depth-YOLO-RGB/train/images/MARIHAT_I142_0008_2.jpg: corrupt JPEG restored and saved
train: /workspace/SawitMVC-Depth-YOLO-RGB/train/images/MARIHAT_I142_0008_3.jpg: corrupt JPEG restored and saved
train: /workspace/SawitMVC-Depth-YOLO-RGB/train/images/MARIHAT_I142_0008_4.jpg: corrupt JPEG restored and saved
train: /workspace/SawitMVC-Depth-YOLO-RGB/train/images/MARIHAT_I142_0009_1.jpg: corrupt JPEG restored and saved
train: /workspace/SawitMVC-Depth-YOLO-RGB/train/images/MARIHAT_I142_0009_2.jpg: corrupt JPEG restored and saved
train: /workspace/SawitMVC-Depth-YOLO-RGB/train/images/MARIHAT_I142_0009_3.jpg: corrupt JPEG restored and saved
train: /workspace/SawitMVC-Depth-YOLO-RGB/train/images/MARIHAT_I142_0009_4.jpg: corrupt JPEG restored and saved
train: /workspace/SawitMVC-Depth-YOLO-RGB/train/images/MARIHAT_I142_0011_1.jpg: corrupt JPEG restored and saved
train: /workspace/SawitMVC-Depth-YOLO-RGB/train/images/MARIHAT_I142_0011_2.jpg: corrupt JPEG restored and saved
train: /workspace/SawitMVC-Depth-YOLO-RGB/train/images/MARIHAT_I142_0011_3.jpg: corrupt JPEG restored and saved
train: /workspace/SawitMVC-Depth-YOLO-RGB/train/images/MARIHAT_I142_0011_4.jpg: corrupt JPEG restored and saved
train: /workspace/SawitMVC-Depth-YOLO-RGB/train/images/MARIHAT_I142_0012_1.jpg: corrupt JPEG restored and saved
train: /workspace/SawitMVC-Depth-YOLO-RGB/train/images/MARIHAT_I142_0012_2.jpg: corrupt JPEG restored and saved
train: /workspace/SawitMVC-Depth-YOLO-RGB/train/images/MARIHAT_I142_0012_3.jpg: corrupt JPEG restored and saved
train: /workspace/SawitMVC-Depth-YOLO-RGB/train/images/MARIHAT_I142_0012_4.jpg: corrupt JPEG restored and saved
train: /workspace/SawitMVC-Depth-YOLO-RGB/train/images/MARIHAT_I142_0015_1.jpg: corrupt JPEG restored and saved
train: /workspace/SawitMVC-Depth-YOLO-RGB/train/images/MARIHAT_I142_0015_2.jpg: corrupt JPEG restored and saved
train: /workspace/SawitMVC-Depth-YOLO-RGB/train/images/MARIHAT_I142_0015_3.jpg: corrupt JPEG restored and saved
train: /workspace/SawitMVC-Depth-YOLO-RGB/train/images/MARIHAT_I142_0015_4.jpg: corrupt JPEG restored and saved
train: /workspace/SawitMVC-Depth-YOLO-RGB/train/images/MARIHAT_I142_0016_1.jpg: corrupt JPEG restored and saved
train: /workspace/SawitMVC-Depth-YOLO-RGB/train/images/MARIHAT_I142_0016_2.jpg: corrupt JPEG restored and saved
train: /workspace/SawitMVC-Depth-YOLO-RGB/train/images/MARIHAT_I142_0016_3.jpg: corrupt JPEG restored and saved
train: /workspace/SawitMVC-Depth-YOLO-RGB/train/images/MARIHAT_I142_0016_4.jpg: corrupt JPEG restored and saved
train: /workspace/SawitMVC-Depth-YOLO-RGB/train/images/MARIHAT_I142_0018_1.jpg: corrupt JPEG restored and saved
train: /workspace/SawitMVC-Depth-YOLO-RGB/train/images/MARIHAT_I142_0018_2.jpg: corrupt JPEG restored and saved
train: /workspace/SawitMVC-Depth-YOLO-RGB/train/images/MARIHAT_I142_0018_3.jpg: corrupt JPEG restored and saved
train: /workspace/SawitMVC-Depth-YOLO-RGB/train/images/MARIHAT_I142_0018_4.jpg: corrupt JPEG restored and saved
train: /workspace/SawitMVC-Depth-YOLO-RGB/train/images/MARIHAT_I142_0019_1.jpg: corrupt JPEG restored and saved
train: /workspace/SawitMVC-Depth-YOLO-RGB/train/images/MARIHAT_I142_0019_2.jpg: corrupt JPEG restored and saved
train: /workspace/SawitMVC-Depth-YOLO-RGB/train/images/MARIHAT_I142_0019_3.jpg: corrupt JPEG restored and saved
train: /workspace/SawitMVC-Depth-YOLO-RGB/train/images/MARIHAT_I142_0019_4.jpg: corrupt JPEG restored and saved
train: /workspace/SawitMVC-Depth-YOLO-RGB/train/images/MARIHAT_I142_0020_1.jpg: corrupt JPEG restored and saved
train: /workspace/SawitMVC-Depth-YOLO-RGB/train/images/MARIHAT_I142_0020_2.jpg: corrupt JPEG restored and saved
train: /workspace/SawitMVC-Depth-YOLO-RGB/train/images/MARIHAT_I142_0020_3.jpg: corrupt JPEG restored and saved
train: /workspace/SawitMVC-Depth-YOLO-RGB/train/images/MARIHAT_I142_0020_4.jpg: corrupt JPEG restored and saved
train: /workspace/SawitMVC-Depth-YOLO-RGB/train/images/MARIHAT_I142_0022_1.jpg: corrupt JPEG restored and saved
train: /workspace/SawitMVC-Depth-YOLO-RGB/train/images/MARIHAT_I142_0022_2.jpg: corrupt JPEG restored and saved
train: /workspace/SawitMVC-Depth-YOLO-RGB/train/images/MARIHAT_I142_0022_3.jpg: corrupt JPEG restored and saved
train: /workspace/SawitMVC-Depth-YOLO-RGB/train/images/MARIHAT_I142_0022_4.jpg: corrupt JPEG restored and saved
train: /workspace/SawitMVC-Depth-YOLO-RGB/train/images/MARIHAT_I142_0025_1.jpg: corrupt JPEG restored and saved
train: /workspace/SawitMVC-Depth-YOLO-RGB/train/images/MARIHAT_I142_0025_2.jpg: corrupt JPEG restored and saved
train: /workspace/SawitMVC-Depth-YOLO-RGB/train/images/MARIHAT_I142_0025_3.jpg: corrupt JPEG restored and saved
train: /workspace/SawitMVC-Depth-YOLO-RGB/train/images/MARIHAT_I142_0025_4.jpg: corrupt JPEG restored and saved
train: /workspace/SawitMVC-Depth-YOLO-RGB/train/images/MARIHAT_I142_0026_1.jpg: corrupt JPEG restored and saved
train: /workspace/SawitMVC-Depth-YOLO-RGB/train/images/MARIHAT_I142_0026_2.jpg: corrupt JPEG restored and saved
train: /workspace/SawitMVC-Depth-YOLO-RGB/train/images/MARIHAT_I142_0026_3.jpg: corrupt JPEG restored and saved
train: /workspace/SawitMVC-Depth-YOLO-RGB/train/images/MARIHAT_I142_0026_4.jpg: corrupt JPEG restored and saved
train: /workspace/SawitMVC-Depth-YOLO-RGB/train/images/MARIHAT_I142_0027_1.jpg: corrupt JPEG restored and saved
train: /workspace/SawitMVC-Depth-YOLO-RGB/train/images/MARIHAT_I142_0027_2.jpg: corrupt JPEG restored and saved
train: /workspace/SawitMVC-Depth-YOLO-RGB/train/images/MARIHAT_I142_0027_3.jpg: corrupt JPEG restored and saved
train: /workspace/SawitMVC-Depth-YOLO-RGB/train/images/MARIHAT_I142_0027_4.jpg: corrupt JPEG restored and saved
train: /workspace/SawitMVC-Depth-YOLO-RGB/train/images/MARIHAT_I142_0028_1.jpg: corrupt JPEG restored and saved
train: /workspace/SawitMVC-Depth-YOLO-RGB/train/images/MARIHAT_I142_0028_2.jpg: corrupt JPEG restored and saved
train: /workspace/SawitMVC-Depth-YOLO-RGB/train/images/MARIHAT_I142_0028_3.jpg: corrupt JPEG restored and saved
train: /workspace/SawitMVC-Depth-YOLO-RGB/train/images/MARIHAT_I142_0028_4.jpg: corrupt JPEG restored and saved
train: /workspace/SawitMVC-Depth-YOLO-RGB/train/images/MARIHAT_I142_0030_1.jpg: corrupt JPEG restored and saved
train: /workspace/SawitMVC-Depth-YOLO-RGB/train/images/MARIHAT_I142_0030_2.jpg: corrupt JPEG restored and saved
train: /workspace/SawitMVC-Depth-YOLO-RGB/train/images/MARIHAT_I142_0030_3.jpg: corrupt JPEG restored and saved
train: /workspace/SawitMVC-Depth-YOLO-RGB/train/images/MARIHAT_I142_0030_4.jpg: corrupt JPEG restored and saved
train: /workspace/SawitMVC-Depth-YOLO-RGB/train/images/MARIHAT_I142_0032_1.jpg: corrupt JPEG restored and saved
train: /workspace/SawitMVC-Depth-YOLO-RGB/train/images/MARIHAT_I142_0032_2.jpg: corrupt JPEG restored and saved
train: /workspace/SawitMVC-Depth-YOLO-RGB/train/images/MARIHAT_I142_0032_3.jpg: corrupt JPEG restored and saved
train: /workspace/SawitMVC-Depth-YOLO-RGB/train/images/MARIHAT_I142_0032_4.jpg: corrupt JPEG restored and saved
train: /workspace/SawitMVC-Depth-YOLO-RGB/train/images/MARIHAT_I142_0034_1.jpg: corrupt JPEG restored and saved
train: /workspace/SawitMVC-Depth-YOLO-RGB/train/images/MARIHAT_I142_0034_2.jpg: corrupt JPEG restored and saved
train: /workspace/SawitMVC-Depth-YOLO-RGB/train/images/MARIHAT_I142_0034_3.jpg: corrupt JPEG restored and saved
train: /workspace/SawitMVC-Depth-YOLO-RGB/train/images/MARIHAT_I142_0034_4.jpg: corrupt JPEG restored and saved
train: /workspace/SawitMVC-Depth-YOLO-RGB/train/images/MARIHAT_I142_0035_1.jpg: corrupt JPEG restored and saved
train: /workspace/SawitMVC-Depth-YOLO-RGB/train/images/MARIHAT_I142_0035_2.jpg: corrupt JPEG restored and saved
train: /workspace/SawitMVC-Depth-YOLO-RGB/train/images/MARIHAT_I142_0035_3.jpg: corrupt JPEG restored and saved
train: /workspace/SawitMVC-Depth-YOLO-RGB/train/images/MARIHAT_I142_0035_4.jpg: corrupt JPEG restored and saved
train: /workspace/SawitMVC-Depth-YOLO-RGB/train/images/MARIHAT_I142_0037_1.jpg: corrupt JPEG restored and saved
train: /workspace/SawitMVC-Depth-YOLO-RGB/train/images/MARIHAT_I142_0037_2.jpg: corrupt JPEG restored and saved
train: /workspace/SawitMVC-Depth-YOLO-RGB/train/images/MARIHAT_I142_0037_3.jpg: corrupt JPEG restored and saved
train: /workspace/SawitMVC-Depth-YOLO-RGB/train/images/MARIHAT_I142_0037_4.jpg: corrupt JPEG restored and saved
train: /workspace/SawitMVC-Depth-YOLO-RGB/train/images/MARIHAT_I142_0038_1.jpg: corrupt JPEG restored and saved
train: /workspace/SawitMVC-Depth-YOLO-RGB/train/images/MARIHAT_I142_0038_2.jpg: corrupt JPEG restored and saved
train: /workspace/SawitMVC-Depth-YOLO-RGB/train/images/MARIHAT_I142_0038_3.jpg: corrupt JPEG restored and saved
train: /workspace/SawitMVC-Depth-YOLO-RGB/train/images/MARIHAT_I142_0038_4.jpg: corrupt JPEG restored and saved
train: /workspace/SawitMVC-Depth-YOLO-RGB/train/images/MARIHAT_I142_0039_1.jpg: corrupt JPEG restored and saved
train: /workspace/SawitMVC-Depth-YOLO-RGB/train/images/MARIHAT_I142_0039_2.jpg: corrupt JPEG restored and saved
train: /workspace/SawitMVC-Depth-YOLO-RGB/train/images/MARIHAT_I142_0039_3.jpg: corrupt JPEG restored and saved
train: /workspace/SawitMVC-Depth-YOLO-RGB/train/images/MARIHAT_I142_0039_4.jpg: corrupt JPEG restored and saved
train: /workspace/SawitMVC-Depth-YOLO-RGB/train/images/MARIHAT_I142_0041_1.jpg: corrupt JPEG restored and saved
train: /workspace/SawitMVC-Depth-YOLO-RGB/train/images/MARIHAT_I142_0041_2.jpg: corrupt JPEG restored and saved
train: /workspace/SawitMVC-Depth-YOLO-RGB/train/images/MARIHAT_I142_0041_3.jpg: corrupt JPEG restored and saved
train: /workspace/SawitMVC-Depth-YOLO-RGB/train/images/MARIHAT_I142_0041_4.jpg: corrupt JPEG restored and saved
train: /workspace/SawitMVC-Depth-YOLO-RGB/train/images/MARIHAT_I142_0042_1.jpg: corrupt JPEG restored and saved
train: /workspace/SawitMVC-Depth-YOLO-RGB/train/images/MARIHAT_I142_0042_2.jpg: corrupt JPEG restored and saved
train: /workspace/SawitMVC-Depth-YOLO-RGB/train/images/MARIHAT_I142_0042_3.jpg: corrupt JPEG restored and saved
train: /workspace/SawitMVC-Depth-YOLO-RGB/train/images/MARIHAT_I142_0042_4.jpg: corrupt JPEG restored and saved
train: /workspace/SawitMVC-Depth-YOLO-RGB/train/images/MARIHAT_I142_0045_1.jpg: corrupt JPEG restored and saved
train: /workspace/SawitMVC-Depth-YOLO-RGB/train/images/MARIHAT_I142_0045_2.jpg: corrupt JPEG restored and saved
train: /workspace/SawitMVC-Depth-YOLO-RGB/train/images/MARIHAT_I142_0045_3.jpg: corrupt JPEG restored and saved
train: /workspace/SawitMVC-Depth-YOLO-RGB/train/images/MARIHAT_I142_0045_4.jpg: corrupt JPEG restored and saved
train: /workspace/SawitMVC-Depth-YOLO-RGB/train/images/MARIHAT_I142_0047_1.jpg: corrupt JPEG restored and saved
train: /workspace/SawitMVC-Depth-YOLO-RGB/train/images/MARIHAT_I142_0047_2.jpg: corrupt JPEG restored and saved
train: /workspace/SawitMVC-Depth-YOLO-RGB/train/images/MARIHAT_I142_0047_3.jpg: corrupt JPEG restored and saved
train: /workspace/SawitMVC-Depth-YOLO-RGB/train/images/MARIHAT_I142_0047_4.jpg: corrupt JPEG restored and saved
train: /workspace/SawitMVC-Depth-YOLO-RGB/train/images/MARIHAT_I142_0048_1.jpg: corrupt JPEG restored and saved
train: /workspace/SawitMVC-Depth-YOLO-RGB/train/images/MARIHAT_I142_0048_2.jpg: corrupt JPEG restored and saved
train: /workspace/SawitMVC-Depth-YOLO-RGB/train/images/MARIHAT_I142_0048_3.jpg: corrupt JPEG restored and saved
train: /workspace/SawitMVC-Depth-YOLO-RGB/train/images/MARIHAT_I142_0048_4.jpg: corrupt JPEG restored and saved
train: /workspace/SawitMVC-Depth-YOLO-RGB/train/images/MARIHAT_I142_0049_1.jpg: corrupt JPEG restored and saved
train: /workspace/SawitMVC-Depth-YOLO-RGB/train/images/MARIHAT_I142_0049_2.jpg: corrupt JPEG restored and saved
train: /workspace/SawitMVC-Depth-YOLO-RGB/train/images/MARIHAT_I142_0049_3.jpg: corrupt JPEG restored and saved
train: /workspace/SawitMVC-Depth-YOLO-RGB/train/images/MARIHAT_I142_0049_4.jpg: corrupt JPEG restored and saved
train: /workspace/SawitMVC-Depth-YOLO-RGB/train/images/MARIHAT_I142_0050_1.jpg: corrupt JPEG restored and saved
train: /workspace/SawitMVC-Depth-YOLO-RGB/train/images/MARIHAT_I142_0050_2.jpg: corrupt JPEG restored and saved
train: /workspace/SawitMVC-Depth-YOLO-RGB/train/images/MARIHAT_I142_0050_3.jpg: corrupt JPEG restored and saved
train: /workspace/SawitMVC-Depth-YOLO-RGB/train/images/MARIHAT_I142_0050_4.jpg: corrupt JPEG restored and saved
train: /workspace/SawitMVC-Depth-YOLO-RGB/train/images/MARIHAT_I142_0051_1.jpg: corrupt JPEG restored and saved
train: /workspace/SawitMVC-Depth-YOLO-RGB/train/images/MARIHAT_I142_0051_2.jpg: corrupt JPEG restored and saved
train: /workspace/SawitMVC-Depth-YOLO-RGB/train/images/MARIHAT_I142_0051_3.jpg: corrupt JPEG restored and saved
train: /workspace/SawitMVC-Depth-YOLO-RGB/train/images/MARIHAT_I142_0051_4.jpg: corrupt JPEG restored and saved
train: /workspace/SawitMVC-Depth-YOLO-RGB/train/images/MARIHAT_I142_0052_1.jpg: corrupt JPEG restored and saved
train: /workspace/SawitMVC-Depth-YOLO-RGB/train/images/MARIHAT_I142_0052_2.jpg: corrupt JPEG restored and saved
train: /workspace/SawitMVC-Depth-YOLO-RGB/train/images/MARIHAT_I142_0052_3.jpg: corrupt JPEG restored and saved
train: /workspace/SawitMVC-Depth-YOLO-RGB/train/images/MARIHAT_I142_0052_4.jpg: corrupt JPEG restored and saved
train: /workspace/SawitMVC-Depth-YOLO-RGB/train/images/MARIHAT_I142_0053_1.jpg: corrupt JPEG restored and saved
train: /workspace/SawitMVC-Depth-YOLO-RGB/train/images/MARIHAT_I142_0053_2.jpg: corrupt JPEG restored and saved
train: /workspace/SawitMVC-Depth-YOLO-RGB/train/images/MARIHAT_I142_0053_3.jpg: corrupt JPEG restored and saved
train: /workspace/SawitMVC-Depth-YOLO-RGB/train/images/MARIHAT_I142_0053_4.jpg: corrupt JPEG restored and saved
train: /workspace/SawitMVC-Depth-YOLO-RGB/train/images/MARIHAT_I142_0054_1.jpg: corrupt JPEG restored and saved
train: /workspace/SawitMVC-Depth-YOLO-RGB/train/images/MARIHAT_I142_0054_2.jpg: corrupt JPEG restored and saved
train: /workspace/SawitMVC-Depth-YOLO-RGB/train/images/MARIHAT_I142_0054_3.jpg: corrupt JPEG restored and saved
train: /workspace/SawitMVC-Depth-YOLO-RGB/train/images/MARIHAT_I142_0054_4.jpg: corrupt JPEG restored and saved
train: /workspace/SawitMVC-Depth-YOLO-RGB/train/images/MARIHAT_I142_0056_1.jpg: corrupt JPEG restored and saved
train: /workspace/SawitMVC-Depth-YOLO-RGB/train/images/MARIHAT_I142_0056_2.jpg: corrupt JPEG restored and saved
train: /workspace/SawitMVC-Depth-YOLO-RGB/train/images/MARIHAT_I142_0056_3.jpg: corrupt JPEG restored and saved
train: /workspace/SawitMVC-Depth-YOLO-RGB/train/images/MARIHAT_I142_0056_4.jpg: corrupt JPEG restored and saved
train: /workspace/SawitMVC-Depth-YOLO-RGB/train/images/MARIHAT_I142_0057_1.jpg: corrupt JPEG restored and saved
train: /workspace/SawitMVC-Depth-YOLO-RGB/train/images/MARIHAT_I142_0057_2.jpg: corrupt JPEG restored and saved
train: /workspace/SawitMVC-Depth-YOLO-RGB/train/images/MARIHAT_I142_0057_3.jpg: corrupt JPEG restored and saved
train: /workspace/SawitMVC-Depth-YOLO-RGB/train/images/MARIHAT_I142_0057_4.jpg: corrupt JPEG restored and saved
train: /workspace/SawitMVC-Depth-YOLO-RGB/train/images/MARIHAT_I142_0058_1.jpg: corrupt JPEG restored and saved
train: /workspace/SawitMVC-Depth-YOLO-RGB/train/images/MARIHAT_I142_0058_2.jpg: corrupt JPEG restored and saved
train: /workspace/SawitMVC-Depth-YOLO-RGB/train/images/MARIHAT_I142_0058_3.jpg: corrupt JPEG restored and saved
train: /workspace/SawitMVC-Depth-YOLO-RGB/train/images/MARIHAT_I142_0058_4.jpg: corrupt JPEG restored and saved
train: /workspace/SawitMVC-Depth-YOLO-RGB/train/images/MARIHAT_I142_0059_1.jpg: corrupt JPEG restored and saved
train: /workspace/SawitMVC-Depth-YOLO-RGB/train/images/MARIHAT_I142_0059_2.jpg: corrupt JPEG restored and saved
train: /workspace/SawitMVC-Depth-YOLO-RGB/train/images/MARIHAT_I142_0059_3.jpg: corrupt JPEG restored and saved
train: /workspace/SawitMVC-Depth-YOLO-RGB/train/images/MARIHAT_I142_0059_4.jpg: corrupt JPEG restored and saved
train: /workspace/SawitMVC-Depth-YOLO-RGB/train/images/MARIHAT_I142_0060_1.jpg: corrupt JPEG restored and saved
train: /workspace/SawitMVC-Depth-YOLO-RGB/train/images/MARIHAT_I142_0060_2.jpg: corrupt JPEG restored and saved
train: /workspace/SawitMVC-Depth-YOLO-RGB/train/images/MARIHAT_I142_0060_3.jpg: corrupt JPEG restored and saved
train: /workspace/SawitMVC-Depth-YOLO-RGB/train/images/MARIHAT_I142_0060_4.jpg: corrupt JPEG restored and saved
train: /workspace/SawitMVC-Depth-YOLO-RGB/train/images/MARIHAT_I142_0061_1.jpg: corrupt JPEG restored and saved
train: /workspace/SawitMVC-Depth-YOLO-RGB/train/images/MARIHAT_I142_0061_2.jpg: corrupt JPEG restored and saved
train: /workspace/SawitMVC-Depth-YOLO-RGB/train/images/MARIHAT_I142_0061_3.jpg: corrupt JPEG restored and saved
train: /workspace/SawitMVC-Depth-YOLO-RGB/train/images/MARIHAT_I142_0061_4.jpg: corrupt JPEG restored and saved
train: /workspace/SawitMVC-Depth-YOLO-RGB/train/images/MARIHAT_I142_0062_1.jpg: corrupt JPEG restored and saved
train: /workspace/SawitMVC-Depth-YOLO-RGB/train/images/MARIHAT_I142_0062_2.jpg: corrupt JPEG restored and saved
train: /workspace/SawitMVC-Depth-YOLO-RGB/train/images/MARIHAT_I142_0062_3.jpg: corrupt JPEG restored and saved
train: /workspace/SawitMVC-Depth-YOLO-RGB/train/images/MARIHAT_I142_0062_4.jpg: corrupt JPEG restored and saved
train: /workspace/SawitMVC-Depth-YOLO-RGB/train/images/MARIHAT_I142_0064_1.jpg: corrupt JPEG restored and saved
train: /workspace/SawitMVC-Depth-YOLO-RGB/train/images/MARIHAT_I142_0064_2.jpg: corrupt JPEG restored and saved
train: /workspace/SawitMVC-Depth-YOLO-RGB/train/images/MARIHAT_I142_0064_3.jpg: corrupt JPEG restored and saved
train: /workspace/SawitMVC-Depth-YOLO-RGB/train/images/MARIHAT_I142_0064_4.jpg: corrupt JPEG restored and saved
train: /workspace/SawitMVC-Depth-YOLO-RGB/train/images/MARIHAT_I142_0066_1.jpg: corrupt JPEG restored and saved
train: /workspace/SawitMVC-Depth-YOLO-RGB/train/images/MARIHAT_I142_0066_2.jpg: corrupt JPEG restored and saved
train: /workspace/SawitMVC-Depth-YOLO-RGB/train/images/MARIHAT_I142_0066_3.jpg: corrupt JPEG restored and saved
train: /workspace/SawitMVC-Depth-YOLO-RGB/train/images/MARIHAT_I142_0066_4.jpg: corrupt JPEG restored and saved
train: /workspace/SawitMVC-Depth-YOLO-RGB/train/images/MARIHAT_I142_0068_1.jpg: corrupt JPEG restored and saved
train: /workspace/SawitMVC-Depth-YOLO-RGB/train/images/MARIHAT_I142_0068_2.jpg: corrupt JPEG restored and saved
train: /workspace/SawitMVC-Depth-YOLO-RGB/train/images/MARIHAT_I142_0068_3.jpg: corrupt JPEG restored and saved
train: /workspace/SawitMVC-Depth-YOLO-RGB/train/images/MARIHAT_I142_0068_4.jpg: corrupt JPEG restored and saved
train: /workspace/SawitMVC-Depth-YOLO-RGB/train/images/MARIHAT_I142_0069_1.jpg: corrupt JPEG restored and saved
train: /workspace/SawitMVC-Depth-YOLO-RGB/train/images/MARIHAT_I142_0069_2.jpg: corrupt JPEG restored and saved
train: /workspace/SawitMVC-Depth-YOLO-RGB/train/images/MARIHAT_I142_0069_3.jpg: corrupt JPEG restored and saved
train: /workspace/SawitMVC-Depth-YOLO-RGB/train/images/MARIHAT_I142_0069_4.jpg: corrupt JPEG restored and saved
train: /workspace/SawitMVC-Depth-YOLO-RGB/train/images/MARIHAT_I142_0071_1.jpg: corrupt JPEG restored and saved
train: /workspace/SawitMVC-Depth-YOLO-RGB/train/images/MARIHAT_I142_0071_2.jpg: corrupt JPEG restored and saved
train: /workspace/SawitMVC-Depth-YOLO-RGB/train/images/MARIHAT_I142_0071_3.jpg: corrupt JPEG restored and saved
train: /workspace/SawitMVC-Depth-YOLO-RGB/train/images/MARIHAT_I142_0071_4.jpg: corrupt JPEG restored and saved
train: /workspace/SawitMVC-Depth-YOLO-RGB/train/images/MARIHAT_I142_0072_1.jpg: corrupt JPEG restored and saved
train: /workspace/SawitMVC-Depth-YOLO-RGB/train/images/MARIHAT_I142_0072_2.jpg: corrupt JPEG restored and saved
train: /workspace/SawitMVC-Depth-YOLO-RGB/train/images/MARIHAT_I142_0072_3.jpg: corrupt JPEG restored and saved
train: /workspace/SawitMVC-Depth-YOLO-RGB/train/images/MARIHAT_I142_0072_4.jpg: corrupt JPEG restored and saved
train: /workspace/SawitMVC-Depth-YOLO-RGB/train/images/MARIHAT_I142_0073_1.jpg: corrupt JPEG restored and saved
train: /workspace/SawitMVC-Depth-YOLO-RGB/train/images/MARIHAT_I142_0073_2.jpg: corrupt JPEG restored and saved
train: /workspace/SawitMVC-Depth-YOLO-RGB/train/images/MARIHAT_I142_0073_3.jpg: corrupt JPEG restored and saved
train: /workspace/SawitMVC-Depth-YOLO-RGB/train/images/MARIHAT_I142_0073_4.jpg: corrupt JPEG restored and saved
train: /workspace/SawitMVC-Depth-YOLO-RGB/train/images/MARIHAT_I142_0075_1.jpg: corrupt JPEG restored and saved
train: /workspace/SawitMVC-Depth-YOLO-RGB/train/images/MARIHAT_I142_0075_2.jpg: corrupt JPEG restored and saved
train: /workspace/SawitMVC-Depth-YOLO-RGB/train/images/MARIHAT_I142_0075_3.jpg: corrupt JPEG restored and saved
train: /workspace/SawitMVC-Depth-YOLO-RGB/train/images/MARIHAT_I142_0075_4.jpg: corrupt JPEG restored and saved
train: /workspace/SawitMVC-Depth-YOLO-RGB/train/images/MARIHAT_I142_0076_1.jpg: corrupt JPEG restored and saved
train: /workspace/SawitMVC-Depth-YOLO-RGB/train/images/MARIHAT_I142_0076_2.jpg: corrupt JPEG restored and saved
train: /workspace/SawitMVC-Depth-YOLO-RGB/train/images/MARIHAT_I142_0076_3.jpg: corrupt JPEG restored and saved
train: /workspace/SawitMVC-Depth-YOLO-RGB/train/images/MARIHAT_I142_0076_4.jpg: corrupt JPEG restored and saved
train: /workspace/SawitMVC-Depth-YOLO-RGB/train/images/TOPAZ_H11_0001_1.jpg: corrupt JPEG restored and saved
train: /workspace/SawitMVC-Depth-YOLO-RGB/train/images/TOPAZ_H11_0001_2.jpg: corrupt JPEG restored and saved
train: /workspace/SawitMVC-Depth-YOLO-RGB/train/images/TOPAZ_H11_0001_3.jpg: corrupt JPEG restored and saved
train: /workspace/SawitMVC-Depth-YOLO-RGB/train/images/TOPAZ_H11_0001_4.jpg: corrupt JPEG restored and saved
train: /workspace/SawitMVC-Depth-YOLO-RGB/train/images/TOPAZ_H11_0002_1.jpg: corrupt JPEG restored and saved
train: /workspace/SawitMVC-Depth-YOLO-RGB/train/images/TOPAZ_H11_0002_2.jpg: corrupt JPEG restored and saved
train: /workspace/SawitMVC-Depth-YOLO-RGB/train/images/TOPAZ_H11_0002_3.jpg: corrupt JPEG restored and saved
train: /workspace/SawitMVC-Depth-YOLO-RGB/train/images/TOPAZ_H11_0002_4.jpg: corrupt JPEG restored and saved
train: /workspace/SawitMVC-Depth-YOLO-RGB/train/images/TOPAZ_H11_0003_1.jpg: corrupt JPEG restored and saved
train: /workspace/SawitMVC-Depth-YOLO-RGB/train/images/TOPAZ_H11_0003_2.jpg: corrupt JPEG restored and saved
train: /workspace/SawitMVC-Depth-YOLO-RGB/train/images/TOPAZ_H11_0003_3.jpg: corrupt JPEG restored and saved
train: /workspace/SawitMVC-Depth-YOLO-RGB/train/images/TOPAZ_H11_0003_4.jpg: corrupt JPEG restored and saved
train: /workspace/SawitMVC-Depth-YOLO-RGB/train/images/TOPAZ_H11_0004_1.jpg: corrupt JPEG restored and saved
train: /workspace/SawitMVC-Depth-YOLO-RGB/train/images/TOPAZ_H11_0004_2.jpg: corrupt JPEG restored and saved
train: /workspace/SawitMVC-Depth-YOLO-RGB/train/images/TOPAZ_H11_0004_3.jpg: corrupt JPEG restored and saved
train: /workspace/SawitMVC-Depth-YOLO-RGB/train/images/TOPAZ_H11_0004_4.jpg: corrupt JPEG restored and saved
train: /workspace/SawitMVC-Depth-YOLO-RGB/train/images/TOPAZ_H11_0006_1.jpg: corrupt JPEG restored and saved
train: /workspace/SawitMVC-Depth-YOLO-RGB/train/images/TOPAZ_H11_0006_2.jpg: corrupt JPEG restored and saved
train: /workspace/SawitMVC-Depth-YOLO-RGB/train/images/TOPAZ_H11_0006_3.jpg: corrupt JPEG restored and saved
train: /workspace/SawitMVC-Depth-YOLO-RGB/train/images/TOPAZ_H11_0006_4.jpg: corrupt JPEG restored and saved
train: /workspace/SawitMVC-Depth-YOLO-RGB/train/images/TOPAZ_H11_0008_1.jpg: corrupt JPEG restored and saved
train: /workspace/SawitMVC-Depth-YOLO-RGB/train/images/TOPAZ_H11_0008_2.jpg: corrupt JPEG restored and saved
train: /workspace/SawitMVC-Depth-YOLO-RGB/train/images/TOPAZ_H11_0008_3.jpg: corrupt JPEG restored and saved
train: /workspace/SawitMVC-Depth-YOLO-RGB/train/images/TOPAZ_H11_0008_4.jpg: corrupt JPEG restored and saved
train: /workspace/SawitMVC-Depth-YOLO-RGB/train/images/TOPAZ_H11_0010_1.jpg: corrupt JPEG restored and saved
train: /workspace/SawitMVC-Depth-YOLO-RGB/train/images/TOPAZ_H11_0010_2.jpg: corrupt JPEG restored and saved
train: /workspace/SawitMVC-Depth-YOLO-RGB/train/images/TOPAZ_H11_0010_3.jpg: corrupt JPEG restored and saved
train: /workspace/SawitMVC-Depth-YOLO-RGB/train/images/TOPAZ_H11_0010_4.jpg: corrupt JPEG restored and saved
train: /workspace/SawitMVC-Depth-YOLO-RGB/train/images/TOPAZ_H11_0012_1.jpg: corrupt JPEG restored and saved
train: /workspace/SawitMVC-Depth-YOLO-RGB/train/images/TOPAZ_H11_0012_2.jpg: corrupt JPEG restored and saved
train: /workspace/SawitMVC-Depth-YOLO-RGB/train/images/TOPAZ_H11_0012_3.jpg: corrupt JPEG restored and saved
train: /workspace/SawitMVC-Depth-YOLO-RGB/train/images/TOPAZ_H11_0012_4.jpg: corrupt JPEG restored and saved
train: /workspace/SawitMVC-Depth-YOLO-RGB/train/images/TOPAZ_H11_0013_1.jpg: corrupt JPEG restored and saved
train: /workspace/SawitMVC-Depth-YOLO-RGB/train/images/TOPAZ_H11_0013_2.jpg: corrupt JPEG restored and saved
train: /workspace/SawitMVC-Depth-YOLO-RGB/train/images/TOPAZ_H11_0013_3.jpg: corrupt JPEG restored and saved
train: /workspace/SawitMVC-Depth-YOLO-RGB/train/images/TOPAZ_H11_0013_4.jpg: corrupt JPEG restored and saved
train: /workspace/SawitMVC-Depth-YOLO-RGB/train/images/TOPAZ_H11_0016_1.jpg: corrupt JPEG restored and saved
train: /workspace/SawitMVC-Depth-YOLO-RGB/train/images/TOPAZ_H11_0016_2.jpg: corrupt JPEG restored and saved
train: /workspace/SawitMVC-Depth-YOLO-RGB/train/images/TOPAZ_H11_0016_3.jpg: corrupt JPEG restored and saved
train: /workspace/SawitMVC-Depth-YOLO-RGB/train/images/TOPAZ_H11_0016_4.jpg: corrupt JPEG restored and saved
train: /workspace/SawitMVC-Depth-YOLO-RGB/train/images/TOPAZ_H11_0017_1.jpg: corrupt JPEG restored and saved
train: /workspace/SawitMVC-Depth-YOLO-RGB/train/images/TOPAZ_H11_0017_2.jpg: corrupt JPEG restored and saved
train: /workspace/SawitMVC-Depth-YOLO-RGB/train/images/TOPAZ_H11_0017_3.jpg: corrupt JPEG restored and saved
train: /workspace/SawitMVC-Depth-YOLO-RGB/train/images/TOPAZ_H11_0017_4.jpg: corrupt JPEG restored and saved
train: /workspace/SawitMVC-Depth-YOLO-RGB/train/images/TOPAZ_H11_0018_1.jpg: corrupt JPEG restored and saved
train: /workspace/SawitMVC-Depth-YOLO-RGB/train/images/TOPAZ_H11_0018_2.jpg: corrupt JPEG restored and saved
train: /workspace/SawitMVC-Depth-YOLO-RGB/train/images/TOPAZ_H11_0018_3.jpg: corrupt JPEG restored and saved
train: /workspace/SawitMVC-Depth-YOLO-RGB/train/images/TOPAZ_H11_0018_4.jpg: corrupt JPEG restored and saved
train: /workspace/SawitMVC-Depth-YOLO-RGB/train/images/TOPAZ_H11_0019_1.jpg: corrupt JPEG restored and saved
train: /workspace/SawitMVC-Depth-YOLO-RGB/train/images/TOPAZ_H11_0019_2.jpg: corrupt JPEG restored and saved
train: /workspace/SawitMVC-Depth-YOLO-RGB/train/images/TOPAZ_H11_0019_3.jpg: corrupt JPEG restored and saved
train: /workspace/SawitMVC-Depth-YOLO-RGB/train/images/TOPAZ_H11_0019_4.jpg: corrupt JPEG restored and saved
train: /workspace/SawitMVC-Depth-YOLO-RGB/train/images/TOPAZ_H11_0020_1.jpg: corrupt JPEG restored and saved
train: /workspace/SawitMVC-Depth-YOLO-RGB/train/images/TOPAZ_H11_0020_2.jpg: corrupt JPEG restored and saved
train: /workspace/SawitMVC-Depth-YOLO-RGB/train/images/TOPAZ_H11_0020_3.jpg: corrupt JPEG restored and saved
train: /workspace/SawitMVC-Depth-YOLO-RGB/train/images/TOPAZ_H11_0020_4.jpg: corrupt JPEG restored and saved
train: /workspace/SawitMVC-Depth-YOLO-RGB/train/images/TOPAZ_H11_0023_1.jpg: corrupt JPEG restored and saved
train: /workspace/SawitMVC-Depth-YOLO-RGB/train/images/TOPAZ_H11_0023_2.jpg: corrupt JPEG restored and saved
train: /workspace/SawitMVC-Depth-YOLO-RGB/train/images/TOPAZ_H11_0023_3.jpg: corrupt JPEG restored and saved
train: /workspace/SawitMVC-Depth-YOLO-RGB/train/images/TOPAZ_H11_0023_4.jpg: corrupt JPEG restored and saved
train: /workspace/SawitMVC-Depth-YOLO-RGB/train/images/TOPAZ_H11_0024_1.jpg: corrupt JPEG restored and saved
train: /workspace/SawitMVC-Depth-YOLO-RGB/train/images/TOPAZ_H11_0024_2.jpg: corrupt JPEG restored and saved
train: /workspace/SawitMVC-Depth-YOLO-RGB/train/images/TOPAZ_H11_0024_3.jpg: corrupt JPEG restored and saved
train: /workspace/SawitMVC-Depth-YOLO-RGB/train/images/TOPAZ_H11_0024_4.jpg: corrupt JPEG restored and saved
train: /workspace/SawitMVC-Depth-YOLO-RGB/train/images/TOPAZ_H11_0025_1.jpg: corrupt JPEG restored and saved
train: /workspace/SawitMVC-Depth-YOLO-RGB/train/images/TOPAZ_H11_0025_2.jpg: corrupt JPEG restored and saved
train: /workspace/SawitMVC-Depth-YOLO-RGB/train/images/TOPAZ_H11_0025_3.jpg: corrupt JPEG restored and saved
train: /workspace/SawitMVC-Depth-YOLO-RGB/train/images/TOPAZ_H11_0025_4.jpg: corrupt JPEG restored and saved
train: /workspace/SawitMVC-Depth-YOLO-RGB/train/images/TOPAZ_H11_0027_1.jpg: corrupt JPEG restored and saved
train: /workspace/SawitMVC-Depth-YOLO-RGB/train/images/TOPAZ_H11_0027_2.jpg: corrupt JPEG restored and saved
train: /workspace/SawitMVC-Depth-YOLO-RGB/train/images/TOPAZ_H11_0027_3.jpg: corrupt JPEG restored and saved
train: /workspace/SawitMVC-Depth-YOLO-RGB/train/images/TOPAZ_H11_0027_4.jpg: corrupt JPEG restored and saved
train: /workspace/SawitMVC-Depth-YOLO-RGB/train/images/TOPAZ_H11_0029_1.jpg: corrupt JPEG restored and saved
train: /workspace/SawitMVC-Depth-YOLO-RGB/train/images/TOPAZ_H11_0029_2.jpg: corrupt JPEG restored and saved
train: /workspace/SawitMVC-Depth-YOLO-RGB/train/images/TOPAZ_H11_0029_3.jpg: corrupt JPEG restored and saved
train: /workspace/SawitMVC-Depth-YOLO-RGB/train/images/TOPAZ_H11_0029_4.jpg: corrupt JPEG restored and saved
train: /workspace/SawitMVC-Depth-YOLO-RGB/train/images/TOPAZ_H11_0030_1.jpg: corrupt JPEG restored and saved
train: /workspace/SawitMVC-Depth-YOLO-RGB/train/images/TOPAZ_H11_0030_2.jpg: corrupt JPEG restored and saved
train: /workspace/SawitMVC-Depth-YOLO-RGB/train/images/TOPAZ_H11_0030_3.jpg: corrupt JPEG restored and saved
train: /workspace/SawitMVC-Depth-YOLO-RGB/train/images/TOPAZ_H11_0030_4.jpg: corrupt JPEG restored and saved
train: /workspace/SawitMVC-Depth-YOLO-RGB/train/images/TOPAZ_H11_0031_1.jpg: corrupt JPEG restored and saved
train: /workspace/SawitMVC-Depth-YOLO-RGB/train/images/TOPAZ_H11_0031_2.jpg: corrupt JPEG restored and saved
train: /workspace/SawitMVC-Depth-YOLO-RGB/train/images/TOPAZ_H11_0031_3.jpg: corrupt JPEG restored and saved
train: /workspace/SawitMVC-Depth-YOLO-RGB/train/images/TOPAZ_H11_0031_4.jpg: corrupt JPEG restored and saved
train: /workspace/SawitMVC-Depth-YOLO-RGB/train/images/TOPAZ_H11_0034_1.jpg: corrupt JPEG restored and saved
train: /workspace/SawitMVC-Depth-YOLO-RGB/train/images/TOPAZ_H11_0034_2.jpg: corrupt JPEG restored and saved
train: /workspace/SawitMVC-Depth-YOLO-RGB/train/images/TOPAZ_H11_0034_3.jpg: corrupt JPEG restored and saved
train: /workspace/SawitMVC-Depth-YOLO-RGB/train/images/TOPAZ_H11_0034_4.jpg: corrupt JPEG restored and saved
train: /workspace/SawitMVC-Depth-YOLO-RGB/train/images/TOPAZ_H11_0037_1.jpg: corrupt JPEG restored and saved
train: /workspace/SawitMVC-Depth-YOLO-RGB/train/images/TOPAZ_H11_0037_2.jpg: corrupt JPEG restored and saved
train: /workspace/SawitMVC-Depth-YOLO-RGB/train/images/TOPAZ_H11_0037_3.jpg: corrupt JPEG restored and saved
train: /workspace/SawitMVC-Depth-YOLO-RGB/train/images/TOPAZ_H11_0037_4.jpg: corrupt JPEG restored and saved
train: /workspace/SawitMVC-Depth-YOLO-RGB/train/images/TOPAZ_H11_0038_1.jpg: corrupt JPEG restored and saved
train: /workspace/SawitMVC-Depth-YOLO-RGB/train/images/TOPAZ_H11_0038_2.jpg: corrupt JPEG restored and saved
train: /workspace/SawitMVC-Depth-YOLO-RGB/train/images/TOPAZ_H11_0038_3.jpg: corrupt JPEG restored and saved
train: /workspace/SawitMVC-Depth-YOLO-RGB/train/images/TOPAZ_H11_0038_4.jpg: corrupt JPEG restored and saved
train: /workspace/SawitMVC-Depth-YOLO-RGB/train/images/TOPAZ_H11_0039_1.jpg: corrupt JPEG restored and saved
train: /workspace/SawitMVC-Depth-YOLO-RGB/train/images/TOPAZ_H11_0039_2.jpg: corrupt JPEG restored and saved
train: /workspace/SawitMVC-Depth-YOLO-RGB/train/images/TOPAZ_H11_0039_3.jpg: corrupt JPEG restored and saved
train: /workspace/SawitMVC-Depth-YOLO-RGB/train/images/TOPAZ_H11_0039_4.jpg: corrupt JPEG restored and saved
train: /workspace/SawitMVC-Depth-YOLO-RGB/train/images/TOPAZ_H11_0040_1.jpg: corrupt JPEG restored and saved
train: /workspace/SawitMVC-Depth-YOLO-RGB/train/images/TOPAZ_H11_0040_2.jpg: corrupt JPEG restored and saved
train: /workspace/SawitMVC-Depth-YOLO-RGB/train/images/TOPAZ_H11_0040_3.jpg: corrupt JPEG restored and saved
train: /workspace/SawitMVC-Depth-YOLO-RGB/train/images/TOPAZ_H11_0040_4.jpg: corrupt JPEG restored and saved
train: /workspace/SawitMVC-Depth-YOLO-RGB/train/images/TOPAZ_H11_0042_1.jpg: corrupt JPEG restored and saved
train: /workspace/SawitMVC-Depth-YOLO-RGB/train/images/TOPAZ_H11_0042_2.jpg: corrupt JPEG restored and saved
train: /workspace/SawitMVC-Depth-YOLO-RGB/train/images/TOPAZ_H11_0042_3.jpg: corrupt JPEG restored and saved
train: /workspace/SawitMVC-Depth-YOLO-RGB/train/images/TOPAZ_H11_0042_4.jpg: corrupt JPEG restored and saved
train: /workspace/SawitMVC-Depth-YOLO-RGB/train/images/TOPAZ_H11_0044_1.jpg: corrupt JPEG restored and saved
train: /workspace/SawitMVC-Depth-YOLO-RGB/train/images/TOPAZ_H11_0044_2.jpg: corrupt JPEG restored and saved
train: /workspace/SawitMVC-Depth-YOLO-RGB/train/images/TOPAZ_H11_0044_3.jpg: corrupt JPEG restored and saved
train: /workspace/SawitMVC-Depth-YOLO-RGB/train/images/TOPAZ_H11_0044_4.jpg: corrupt JPEG restored and saved
train: /workspace/SawitMVC-Depth-YOLO-RGB/train/images/TOPAZ_H11_0045_1.jpg: corrupt JPEG restored and saved
train: /workspace/SawitMVC-Depth-YOLO-RGB/train/images/TOPAZ_H11_0045_2.jpg: corrupt JPEG restored and saved
train: /workspace/SawitMVC-Depth-YOLO-RGB/train/images/TOPAZ_H11_0045_3.jpg: corrupt JPEG restored and saved
train: /workspace/SawitMVC-Depth-YOLO-RGB/train/images/TOPAZ_H11_0045_4.jpg: corrupt JPEG restored and saved
train: /workspace/SawitMVC-Depth-YOLO-RGB/train/images/TOPAZ_H11_0047_1.jpg: corrupt JPEG restored and saved
train: /workspace/SawitMVC-Depth-YOLO-RGB/train/images/TOPAZ_H11_0047_2.jpg: corrupt JPEG restored and saved
train: /workspace/SawitMVC-Depth-YOLO-RGB/train/images/TOPAZ_H11_0047_3.jpg: corrupt JPEG restored and saved
train: /workspace/SawitMVC-Depth-YOLO-RGB/train/images/TOPAZ_H11_0047_4.jpg: corrupt JPEG restored and saved
train: /workspace/SawitMVC-Depth-YOLO-RGB/train/images/TOPAZ_H11_0048_1.jpg: corrupt JPEG restored and saved
train: /workspace/SawitMVC-Depth-YOLO-RGB/train/images/TOPAZ_H11_0048_2.jpg: corrupt JPEG restored and saved
train: /workspace/SawitMVC-Depth-YOLO-RGB/train/images/TOPAZ_H11_0048_3.jpg: corrupt JPEG restored and saved
train: /workspace/SawitMVC-Depth-YOLO-RGB/train/images/TOPAZ_H11_0048_4.jpg: corrupt JPEG restored and saved
train: /workspace/SawitMVC-Depth-YOLO-RGB/train/images/TOPAZ_H11_0049_1.jpg: corrupt JPEG restored and saved
train: /workspace/SawitMVC-Depth-YOLO-RGB/train/images/TOPAZ_H11_0049_2.jpg: corrupt JPEG restored and saved
train: /workspace/SawitMVC-Depth-YOLO-RGB/train/images/TOPAZ_H11_0049_3.jpg: corrupt JPEG restored and saved
train: /workspace/SawitMVC-Depth-YOLO-RGB/train/images/TOPAZ_H11_0049_4.jpg: corrupt JPEG restored and saved
train: /workspace/SawitMVC-Depth-YOLO-RGB/train/images/TOPAZ_H11_0051_1.jpg: corrupt JPEG restored and saved
train: /workspace/SawitMVC-Depth-YOLO-RGB/train/images/TOPAZ_H11_0051_2.jpg: corrupt JPEG restored and saved
train: /workspace/SawitMVC-Depth-YOLO-RGB/train/images/TOPAZ_H11_0051_3.jpg: corrupt JPEG restored and saved
train: /workspace/SawitMVC-Depth-YOLO-RGB/train/images/TOPAZ_H11_0051_4.jpg: corrupt JPEG restored and saved
train: /workspace/SawitMVC-Depth-YOLO-RGB/train/images/TOPAZ_H11_0052_1.jpg: corrupt JPEG restored and saved
train: /workspace/SawitMVC-Depth-YOLO-RGB/train/images/TOPAZ_H11_0052_2.jpg: corrupt JPEG restored and saved
train: /workspace/SawitMVC-Depth-YOLO-RGB/train/images/TOPAZ_H11_0052_3.jpg: corrupt JPEG restored and saved
train: /workspace/SawitMVC-Depth-YOLO-RGB/train/images/TOPAZ_H11_0052_4.jpg: corrupt JPEG restored and saved
train: /workspace/SawitMVC-Depth-YOLO-RGB/train/images/TOPAZ_H11_0053_1.jpg: corrupt JPEG restored and saved
train: /workspace/SawitMVC-Depth-YOLO-RGB/train/images/TOPAZ_H11_0053_2.jpg: corrupt JPEG restored and saved
train: /workspace/SawitMVC-Depth-YOLO-RGB/train/images/TOPAZ_H11_0053_3.jpg: corrupt JPEG restored and saved
train: /workspace/SawitMVC-Depth-YOLO-RGB/train/images/TOPAZ_H11_0053_4.jpg: corrupt JPEG restored and saved
train: /workspace/SawitMVC-Depth-YOLO-RGB/train/images/TOPAZ_H11_0055_1.jpg: corrupt JPEG restored and saved
train: /workspace/SawitMVC-Depth-YOLO-RGB/train/images/TOPAZ_H11_0055_2.jpg: corrupt JPEG restored and saved
train: /workspace/SawitMVC-Depth-YOLO-RGB/train/images/TOPAZ_H11_0055_3.jpg: corrupt JPEG restored and saved
train: /workspace/SawitMVC-Depth-YOLO-RGB/train/images/TOPAZ_H11_0055_4.jpg: corrupt JPEG restored and saved
train: /workspace/SawitMVC-Depth-YOLO-RGB/train/images/TOPAZ_H11_0056_1.jpg: corrupt JPEG restored and saved
train: /workspace/SawitMVC-Depth-YOLO-RGB/train/images/TOPAZ_H11_0056_2.jpg: corrupt JPEG restored and saved
train: /workspace/SawitMVC-Depth-YOLO-RGB/train/images/TOPAZ_H11_0056_3.jpg: corrupt JPEG restored and saved
train: /workspace/SawitMVC-Depth-YOLO-RGB/train/images/TOPAZ_H11_0056_4.jpg: corrupt JPEG restored and saved
train: /workspace/SawitMVC-Depth-YOLO-RGB/train/images/TOPAZ_H11_0059_1.jpg: corrupt JPEG restored and saved
train: /workspace/SawitMVC-Depth-YOLO-RGB/train/images/TOPAZ_H11_0059_2.jpg: corrupt JPEG restored and saved
train: /workspace/SawitMVC-Depth-YOLO-RGB/train/images/TOPAZ_H11_0059_3.jpg: corrupt JPEG restored and saved
train: /workspace/SawitMVC-Depth-YOLO-RGB/train/images/TOPAZ_H11_0059_4.jpg: corrupt JPEG restored and saved
train: /workspace/SawitMVC-Depth-YOLO-RGB/train/images/TOPAZ_H11_0060_1.jpg: corrupt JPEG restored and saved
train: /workspace/SawitMVC-Depth-YOLO-RGB/train/images/TOPAZ_H11_0060_2.jpg: corrupt JPEG restored and saved
train: /workspace/SawitMVC-Depth-YOLO-RGB/train/images/TOPAZ_H11_0060_3.jpg: corrupt JPEG restored and saved
train: /workspace/SawitMVC-Depth-YOLO-RGB/train/images/TOPAZ_H11_0060_4.jpg: corrupt JPEG restored and saved
train: /workspace/SawitMVC-Depth-YOLO-RGB/train/images/TOPAZ_H11_0061_1.jpg: corrupt JPEG restored and saved
train: /workspace/SawitMVC-Depth-YOLO-RGB/train/images/TOPAZ_H11_0061_2.jpg: corrupt JPEG restored and saved
train: /workspace/SawitMVC-Depth-YOLO-RGB/train/images/TOPAZ_H11_0061_3.jpg: corrupt JPEG restored and saved
train: /workspace/SawitMVC-Depth-YOLO-RGB/train/images/TOPAZ_H11_0061_4.jpg: corrupt JPEG restored and saved
train: /workspace/SawitMVC-Depth-YOLO-RGB/train/images/TOPAZ_H11_0062_1.jpg: corrupt JPEG restored and saved
train: /workspace/SawitMVC-Depth-YOLO-RGB/train/images/TOPAZ_H11_0062_2.jpg: corrupt JPEG restored and saved
train: /workspace/SawitMVC-Depth-YOLO-RGB/train/images/TOPAZ_H11_0062_3.jpg: corrupt JPEG restored and saved
train: /workspace/SawitMVC-Depth-YOLO-RGB/train/images/TOPAZ_H11_0062_4.jpg: corrupt JPEG restored and saved
train: /workspace/SawitMVC-Depth-YOLO-RGB/train/images/TOPAZ_H11_0063_1.jpg: corrupt JPEG restored and saved
train: /workspace/SawitMVC-Depth-YOLO-RGB/train/images/TOPAZ_H11_0063_2.jpg: corrupt JPEG restored and saved
train: /workspace/SawitMVC-Depth-YOLO-RGB/train/images/TOPAZ_H11_0063_3.jpg: corrupt JPEG restored and saved
train: /workspace/SawitMVC-Depth-YOLO-RGB/train/images/TOPAZ_H11_0063_4.jpg: corrupt JPEG restored and saved
train: /workspace/SawitMVC-Depth-YOLO-RGB/train/images/TOPAZ_H11_0065_1.jpg: corrupt JPEG restored and saved
train: /workspace/SawitMVC-Depth-YOLO-RGB/train/images/TOPAZ_H11_0065_2.jpg: corrupt JPEG restored and saved
train: /workspace/SawitMVC-Depth-YOLO-RGB/train/images/TOPAZ_H11_0065_3.jpg: corrupt JPEG restored and saved
train: /workspace/SawitMVC-Depth-YOLO-RGB/train/images/TOPAZ_H11_0065_4.jpg: corrupt JPEG restored and saved
train: /workspace/SawitMVC-Depth-YOLO-RGB/train/images/TOPAZ_H11_0066_1.jpg: corrupt JPEG restored and saved
train: /workspace/SawitMVC-Depth-YOLO-RGB/train/images/TOPAZ_H11_0066_2.jpg: corrupt JPEG restored and saved
train: /workspace/SawitMVC-Depth-YOLO-RGB/train/images/TOPAZ_H11_0066_3.jpg: corrupt JPEG restored and saved
train: /workspace/SawitMVC-Depth-YOLO-RGB/train/images/TOPAZ_H11_0066_4.jpg: corrupt JPEG restored and saved
train: /workspace/SawitMVC-Depth-YOLO-RGB/train/images/TOPAZ_H11_0067_1.jpg: corrupt JPEG restored and saved
train: /workspace/SawitMVC-Depth-YOLO-RGB/train/images/TOPAZ_H11_0067_2.jpg: corrupt JPEG restored and saved
train: /workspace/SawitMVC-Depth-YOLO-RGB/train/images/TOPAZ_H11_0067_3.jpg: corrupt JPEG restored and saved
train: /workspace/SawitMVC-Depth-YOLO-RGB/train/images/TOPAZ_H11_0067_4.jpg: corrupt JPEG restored and saved
train: /workspace/SawitMVC-Depth-YOLO-RGB/train/images/TOPAZ_H11_0068_1.jpg: corrupt JPEG restored and saved
train: /workspace/SawitMVC-Depth-YOLO-RGB/train/images/TOPAZ_H11_0068_2.jpg: corrupt JPEG restored and saved
train: /workspace/SawitMVC-Depth-YOLO-RGB/train/images/TOPAZ_H11_0068_3.jpg: corrupt JPEG restored and saved
train: /workspace/SawitMVC-Depth-YOLO-RGB/train/images/TOPAZ_H11_0068_4.jpg: corrupt JPEG restored and saved
train: /workspace/SawitMVC-Depth-YOLO-RGB/train/images/TOPAZ_H11_0069_1.jpg: corrupt JPEG restored and saved
train: /workspace/SawitMVC-Depth-YOLO-RGB/train/images/TOPAZ_H11_0069_2.jpg: corrupt JPEG restored and saved
train: /workspace/SawitMVC-Depth-YOLO-RGB/train/images/TOPAZ_H11_0069_3.jpg: corrupt JPEG restored and saved
train: /workspace/SawitMVC-Depth-YOLO-RGB/train/images/TOPAZ_H11_0069_4.jpg: corrupt JPEG restored and saved
train: /workspace/SawitMVC-Depth-YOLO-RGB/train/images/TOPAZ_H11_0070_1.jpg: corrupt JPEG restored and saved
train: /workspace/SawitMVC-Depth-YOLO-RGB/train/images/TOPAZ_H11_0070_2.jpg: corrupt JPEG restored and saved
train: /workspace/SawitMVC-Depth-YOLO-RGB/train/images/TOPAZ_H11_0070_3.jpg: corrupt JPEG restored and saved
train: /workspace/SawitMVC-Depth-YOLO-RGB/train/images/TOPAZ_H11_0070_4.jpg: corrupt JPEG restored and saved
train: /workspace/SawitMVC-Depth-YOLO-RGB/train/images/TOPAZ_H11_0071_1.jpg: corrupt JPEG restored and saved
train: /workspace/SawitMVC-Depth-YOLO-RGB/train/images/TOPAZ_H11_0071_2.jpg: corrupt JPEG restored and saved
train: /workspace/SawitMVC-Depth-YOLO-RGB/train/images/TOPAZ_H11_0071_3.jpg: corrupt JPEG restored and saved
train: /workspace/SawitMVC-Depth-YOLO-RGB/train/images/TOPAZ_H11_0071_4.jpg: corrupt JPEG restored and saved
train: /workspace/SawitMVC-Depth-YOLO-RGB/train/images/TOPAZ_H11_0072_1.jpg: corrupt JPEG restored and saved
train: /workspace/SawitMVC-Depth-YOLO-RGB/train/images/TOPAZ_H11_0072_2.jpg: corrupt JPEG restored and saved
train: /workspace/SawitMVC-Depth-YOLO-RGB/train/images/TOPAZ_H11_0072_3.jpg: corrupt JPEG restored and saved
train: /workspace/SawitMVC-Depth-YOLO-RGB/train/images/TOPAZ_H11_0072_4.jpg: corrupt JPEG restored and saved
train: /workspace/SawitMVC-Depth-YOLO-RGB/train/images/TOPAZ_H11_0074_1.jpg: corrupt JPEG restored and saved
train: /workspace/SawitMVC-Depth-YOLO-RGB/train/images/TOPAZ_H11_0074_2.jpg: corrupt JPEG restored and saved
train: /workspace/SawitMVC-Depth-YOLO-RGB/train/images/TOPAZ_H11_0074_3.jpg: corrupt JPEG restored and saved
train: /workspace/SawitMVC-Depth-YOLO-RGB/train/images/TOPAZ_H11_0074_4.jpg: corrupt JPEG restored and saved
train: /workspace/SawitMVC-Depth-YOLO-RGB/train/images/TOPAZ_H11_0076_1.jpg: corrupt JPEG restored and saved
train: /workspace/SawitMVC-Depth-YOLO-RGB/train/images/TOPAZ_H11_0076_2.jpg: corrupt JPEG restored and saved
train: /workspace/SawitMVC-Depth-YOLO-RGB/train/images/TOPAZ_H11_0076_3.jpg: corrupt JPEG restored and saved
train: /workspace/SawitMVC-Depth-YOLO-RGB/train/images/TOPAZ_H11_0076_4.jpg: corrupt JPEG restored and saved
train: /workspace/SawitMVC-Depth-YOLO-RGB/train/images/TOPAZ_H11_0078_1.jpg: corrupt JPEG restored and saved
train: /workspace/SawitMVC-Depth-YOLO-RGB/train/images/TOPAZ_H11_0078_2.jpg: corrupt JPEG restored and saved
train: /workspace/SawitMVC-Depth-YOLO-RGB/train/images/TOPAZ_H11_0078_3.jpg: corrupt JPEG restored and saved
train: /workspace/SawitMVC-Depth-YOLO-RGB/train/images/TOPAZ_H11_0078_4.jpg: corrupt JPEG restored and saved
train: /workspace/SawitMVC-Depth-YOLO-RGB/train/images/TOPAZ_H11_0079_1.jpg: corrupt JPEG restored and saved
train: /workspace/SawitMVC-Depth-YOLO-RGB/train/images/TOPAZ_H11_0079_2.jpg: corrupt JPEG restored and saved
train: /workspace/SawitMVC-Depth-YOLO-RGB/train/images/TOPAZ_H11_0079_3.jpg: corrupt JPEG restored and saved
train: /workspace/SawitMVC-Depth-YOLO-RGB/train/images/TOPAZ_H11_0079_4.jpg: corrupt JPEG restored and saved
train: /workspace/SawitMVC-Depth-YOLO-RGB/train/images/TOPAZ_H11_0081_1.jpg: corrupt JPEG restored and saved
train: /workspace/SawitMVC-Depth-YOLO-RGB/train/images/TOPAZ_H11_0081_2.jpg: corrupt JPEG restored and saved
train: /workspace/SawitMVC-Depth-YOLO-RGB/train/images/TOPAZ_H11_0081_3.jpg: corrupt JPEG restored and saved
train: /workspace/SawitMVC-Depth-YOLO-RGB/train/images/TOPAZ_H11_0081_4.jpg: corrupt JPEG restored and saved
train: /workspace/SawitMVC-Depth-YOLO-RGB/train/images/TOPAZ_H11_0082_1.jpg: corrupt JPEG restored and saved
train: /workspace/SawitMVC-Depth-YOLO-RGB/train/images/TOPAZ_H11_0082_2.jpg: corrupt JPEG restored and saved
train: /workspace/SawitMVC-Depth-YOLO-RGB/train/images/TOPAZ_H11_0082_3.jpg: corrupt JPEG restored and saved
train: /workspace/SawitMVC-Depth-YOLO-RGB/train/images/TOPAZ_H11_0082_4.jpg: corrupt JPEG restored and saved
train: /workspace/SawitMVC-Depth-YOLO-RGB/train/images/TOPAZ_H11_0083_1.jpg: corrupt JPEG restored and saved
train: /workspace/SawitMVC-Depth-YOLO-RGB/train/images/TOPAZ_H11_0083_2.jpg: corrupt JPEG restored and saved
train: /workspace/SawitMVC-Depth-YOLO-RGB/train/images/TOPAZ_H11_0083_3.jpg: corrupt JPEG restored and saved
train: /workspace/SawitMVC-Depth-YOLO-RGB/train/images/TOPAZ_H11_0083_4.jpg: corrupt JPEG restored and saved
train: /workspace/SawitMVC-Depth-YOLO-RGB/train/images/TOPAZ_H11_0084_1.jpg: corrupt JPEG restored and saved
train: /workspace/SawitMVC-Depth-YOLO-RGB/train/images/TOPAZ_H11_0084_2.jpg: corrupt JPEG restored and saved
train: /workspace/SawitMVC-Depth-YOLO-RGB/train/images/TOPAZ_H11_0084_3.jpg: corrupt JPEG restored and saved
train: /workspace/SawitMVC-Depth-YOLO-RGB/train/images/TOPAZ_H11_0084_4.jpg: corrupt JPEG restored and saved
train: /workspace/SawitMVC-Depth-YOLO-RGB/train/images/TOPAZ_H11_0085_1.jpg: corrupt JPEG restored and saved
train: /workspace/SawitMVC-Depth-YOLO-RGB/train/images/TOPAZ_H11_0085_2.jpg: corrupt JPEG restored and saved
train: /workspace/SawitMVC-Depth-YOLO-RGB/train/images/TOPAZ_H11_0085_3.jpg: corrupt JPEG restored and saved
train: /workspace/SawitMVC-Depth-YOLO-RGB/train/images/TOPAZ_H11_0085_4.jpg: corrupt JPEG restored and saved
train: /workspace/SawitMVC-Depth-YOLO-RGB/train/images/TOPAZ_H11_0087_1.jpg: corrupt JPEG restored and saved
train: /workspace/SawitMVC-Depth-YOLO-RGB/train/images/TOPAZ_H11_0087_2.jpg: corrupt JPEG restored and saved
train: /workspace/SawitMVC-Depth-YOLO-RGB/train/images/TOPAZ_H11_0087_3.jpg: corrupt JPEG restored and saved
train: /workspace/SawitMVC-Depth-YOLO-RGB/train/images/TOPAZ_H11_0087_4.jpg: corrupt JPEG restored and saved
train: /workspace/SawitMVC-Depth-YOLO-RGB/train/images/TOPAZ_H11_0088_1.jpg: corrupt JPEG restored and saved
train: /workspace/SawitMVC-Depth-YOLO-RGB/train/images/TOPAZ_H11_0088_2.jpg: corrupt JPEG restored and saved
train: /workspace/SawitMVC-Depth-YOLO-RGB/train/images/TOPAZ_H11_0088_3.jpg: corrupt JPEG restored and saved
train: /workspace/SawitMVC-Depth-YOLO-RGB/train/images/TOPAZ_H11_0088_4.jpg: corrupt JPEG restored and saved
train: /workspace/SawitMVC-Depth-YOLO-RGB/train/images/TOPAZ_H11_0089_1.jpg: corrupt JPEG restored and saved
train: /workspace/SawitMVC-Depth-YOLO-RGB/train/images/TOPAZ_H11_0089_2.jpg: corrupt JPEG restored and saved
train: /workspace/SawitMVC-Depth-YOLO-RGB/train/images/TOPAZ_H11_0089_3.jpg: corrupt JPEG restored and saved
train: /workspace/SawitMVC-Depth-YOLO-RGB/train/images/TOPAZ_H11_0089_4.jpg: corrupt JPEG restored and saved
train: /workspace/SawitMVC-Depth-YOLO-RGB/train/images/TOPAZ_H11_0090_1.jpg: corrupt JPEG restored and saved
train: /workspace/SawitMVC-Depth-YOLO-RGB/train/images/TOPAZ_H11_0090_2.jpg: corrupt JPEG restored and saved
train: /workspace/SawitMVC-Depth-YOLO-RGB/train/images/TOPAZ_H11_0090_3.jpg: corrupt JPEG restored and saved
train: /workspace/SawitMVC-Depth-YOLO-RGB/train/images/TOPAZ_H11_0090_4.jpg: corrupt JPEG restored and saved
train: /workspace/SawitMVC-Depth-YOLO-RGB/train/images/TOPAZ_H11_0092_1.jpg: corrupt JPEG restored and saved
train: /workspace/SawitMVC-Depth-YOLO-RGB/train/images/TOPAZ_H11_0092_2.jpg: corrupt JPEG restored and saved
train: /workspace/SawitMVC-Depth-YOLO-RGB/train/images/TOPAZ_H11_0092_3.jpg: corrupt JPEG restored and saved
train: /workspace/SawitMVC-Depth-YOLO-RGB/train/images/TOPAZ_H11_0092_4.jpg: corrupt JPEG restored and saved
train: /workspace/SawitMVC-Depth-YOLO-RGB/train/images/TOPAZ_H11_0093_1.jpg: corrupt JPEG restored and saved
train: /workspace/SawitMVC-Depth-YOLO-RGB/train/images/TOPAZ_H11_0093_2.jpg: corrupt JPEG restored and saved
train: /workspace/SawitMVC-Depth-YOLO-RGB/train/images/TOPAZ_H11_0093_3.jpg: corrupt JPEG restored and saved
train: /workspace/SawitMVC-Depth-YOLO-RGB/train/images/TOPAZ_H11_0093_4.jpg: corrupt JPEG restored and saved
train: /workspace/SawitMVC-Depth-YOLO-RGB/train/images/TOPAZ_H11_0094_1.jpg: corrupt JPEG restored and saved
train: /workspace/SawitMVC-Depth-YOLO-RGB/train/images/TOPAZ_H11_0094_2.jpg: corrupt JPEG restored and saved
train: /workspace/SawitMVC-Depth-YOLO-RGB/train/images/TOPAZ_H11_0094_3.jpg: corrupt JPEG restored and saved
train: /workspace/SawitMVC-Depth-YOLO-RGB/train/images/TOPAZ_H11_0094_4.jpg: corrupt JPEG restored and saved
train: /workspace/SawitMVC-Depth-YOLO-RGB/train/images/TOPAZ_H11_0095_1.jpg: corrupt JPEG restored and saved
train: /workspace/SawitMVC-Depth-YOLO-RGB/train/images/TOPAZ_H11_0095_2.jpg: corrupt JPEG restored and saved
train: /workspace/SawitMVC-Depth-YOLO-RGB/train/images/TOPAZ_H11_0095_3.jpg: corrupt JPEG restored and saved
train: /workspace/SawitMVC-Depth-YOLO-RGB/train/images/TOPAZ_H11_0095_4.jpg: corrupt JPEG restored and saved
train: /workspace/SawitMVC-Depth-YOLO-RGB/train/images/TOPAZ_H11_0096_1.jpg: corrupt JPEG restored and saved
train: /workspace/SawitMVC-Depth-YOLO-RGB/train/images/TOPAZ_H11_0096_2.jpg: corrupt JPEG restored and saved
train: /workspace/SawitMVC-Depth-YOLO-RGB/train/images/TOPAZ_H11_0096_3.jpg: corrupt JPEG restored and saved
train: /workspace/SawitMVC-Depth-YOLO-RGB/train/images/TOPAZ_H11_0096_4.jpg: corrupt JPEG restored and saved
train: /workspace/SawitMVC-Depth-YOLO-RGB/train/images/TOPAZ_H11_0098_1.jpg: corrupt JPEG restored and saved
train: /workspace/SawitMVC-Depth-YOLO-RGB/train/images/TOPAZ_H11_0098_2.jpg: corrupt JPEG restored and saved
train: /workspace/SawitMVC-Depth-YOLO-RGB/train/images/TOPAZ_H11_0098_3.jpg: corrupt JPEG restored and saved
train: /workspace/SawitMVC-Depth-YOLO-RGB/train/images/TOPAZ_H11_0098_4.jpg: corrupt JPEG restored and saved
train: /workspace/SawitMVC-Depth-YOLO-RGB/train/images/TOPAZ_H11_0099_1.jpg: corrupt JPEG restored and saved
train: /workspace/SawitMVC-Depth-YOLO-RGB/train/images/TOPAZ_H11_0099_2.jpg: corrupt JPEG restored and saved
train: /workspace/SawitMVC-Depth-YOLO-RGB/train/images/TOPAZ_H11_0099_3.jpg: corrupt JPEG restored and saved
train: /workspace/SawitMVC-Depth-YOLO-RGB/train/images/TOPAZ_H11_0099_4.jpg: corrupt JPEG restored and saved
train: /workspace/SawitMVC-Depth-YOLO-RGB/train/images/TOPAZ_H11_0100_1.jpg: corrupt JPEG restored and saved
train: /workspace/SawitMVC-Depth-YOLO-RGB/train/images/TOPAZ_H11_0100_2.jpg: corrupt JPEG restored and saved
train: /workspace/SawitMVC-Depth-YOLO-RGB/train/images/TOPAZ_H11_0100_3.jpg: corrupt JPEG restored and saved
train: /workspace/SawitMVC-Depth-YOLO-RGB/train/images/TOPAZ_H11_0100_4.jpg: corrupt JPEG restored and saved
train: /workspace/SawitMVC-Depth-YOLO-RGB/train/images/TOPAZ_H11_0101_1.jpg: corrupt JPEG restored and saved
train: /workspace/SawitMVC-Depth-YOLO-RGB/train/images/TOPAZ_H11_0101_2.jpg: corrupt JPEG restored and saved
train: /workspace/SawitMVC-Depth-YOLO-RGB/train/images/TOPAZ_H11_0101_3.jpg: corrupt JPEG restored and saved
train: /workspace/SawitMVC-Depth-YOLO-RGB/train/images/TOPAZ_H11_0101_4.jpg: corrupt JPEG restored and saved
train: /workspace/SawitMVC-Depth-YOLO-RGB/train/images/TOPAZ_H11_0103_1.jpg: corrupt JPEG restored and saved
train: /workspace/SawitMVC-Depth-YOLO-RGB/train/images/TOPAZ_H11_0103_2.jpg: corrupt JPEG restored and saved
train: /workspace/SawitMVC-Depth-YOLO-RGB/train/images/TOPAZ_H11_0103_3.jpg: corrupt JPEG restored and saved
train: /workspace/SawitMVC-Depth-YOLO-RGB/train/images/TOPAZ_H11_0103_4.jpg: corrupt JPEG restored and saved
train: /workspace/SawitMVC-Depth-YOLO-RGB/train/images/TOPAZ_H11_0104_1.jpg: corrupt JPEG restored and saved
train: /workspace/SawitMVC-Depth-YOLO-RGB/train/images/TOPAZ_H11_0104_2.jpg: corrupt JPEG restored and saved
train: /workspace/SawitMVC-Depth-YOLO-RGB/train/images/TOPAZ_H11_0104_3.jpg: corrupt JPEG restored and saved
train: /workspace/SawitMVC-Depth-YOLO-RGB/train/images/TOPAZ_H11_0104_4.jpg: corrupt JPEG restored and saved
train: /workspace/SawitMVC-Depth-YOLO-RGB/train/images/TOPAZ_H13_0002_1.jpg: corrupt JPEG restored and saved
train: /workspace/SawitMVC-Depth-YOLO-RGB/train/images/TOPAZ_H13_0002_2.jpg: corrupt JPEG restored and saved
train: /workspace/SawitMVC-Depth-YOLO-RGB/train/images/TOPAZ_H13_0002_3.jpg: corrupt JPEG restored and saved
train: /workspace/SawitMVC-Depth-YOLO-RGB/train/images/TOPAZ_H13_0002_4.jpg: corrupt JPEG restored and saved
train: /workspace/SawitMVC-Depth-YOLO-RGB/train/images/TOPAZ_H13_0003_1.jpg: corrupt JPEG restored and saved
train: /workspace/SawitMVC-Depth-YOLO-RGB/train/images/TOPAZ_H13_0003_2.jpg: corrupt JPEG restored and saved
train: /workspace/SawitMVC-Depth-YOLO-RGB/train/images/TOPAZ_H13_0003_3.jpg: corrupt JPEG restored and saved
train: /workspace/SawitMVC-Depth-YOLO-RGB/train/images/TOPAZ_H13_0003_4.jpg: corrupt JPEG restored and saved
train: /workspace/SawitMVC-Depth-YOLO-RGB/train/images/TOPAZ_H13_0007_1.jpg: corrupt JPEG restored and saved
train: /workspace/SawitMVC-Depth-YOLO-RGB/train/images/TOPAZ_H13_0007_2.jpg: corrupt JPEG restored and saved
train: /workspace/SawitMVC-Depth-YOLO-RGB/train/images/TOPAZ_H13_0007_3.jpg: corrupt JPEG restored and saved
train: /workspace/SawitMVC-Depth-YOLO-RGB/train/images/TOPAZ_H13_0007_4.jpg: corrupt JPEG restored and saved
train: /workspace/SawitMVC-Depth-YOLO-RGB/train/images/TOPAZ_H13_0008_1.jpg: corrupt JPEG restored and saved
train: /workspace/SawitMVC-Depth-YOLO-RGB/train/images/TOPAZ_H13_0008_2.jpg: corrupt JPEG restored and saved
train: /workspace/SawitMVC-Depth-YOLO-RGB/train/images/TOPAZ_H13_0008_3.jpg: corrupt JPEG restored and saved
train: /workspace/SawitMVC-Depth-YOLO-RGB/train/images/TOPAZ_H13_0008_4.jpg: corrupt JPEG restored and saved
train: /workspace/SawitMVC-Depth-YOLO-RGB/train/images/TOPAZ_H13_0010_1.jpg: corrupt JPEG restored and saved
train: /workspace/SawitMVC-Depth-YOLO-RGB/train/images/TOPAZ_H13_0010_2.jpg: corrupt JPEG restored and saved
train: /workspace/SawitMVC-Depth-YOLO-RGB/train/images/TOPAZ_H13_0010_3.jpg: corrupt JPEG restored and saved
train: /workspace/SawitMVC-Depth-YOLO-RGB/train/images/TOPAZ_H13_0010_4.jpg: corrupt JPEG restored and saved
train: /workspace/SawitMVC-Depth-YOLO-RGB/train/images/TOPAZ_H13_0012_1.jpg: corrupt JPEG restored and saved
train: /workspace/SawitMVC-Depth-YOLO-RGB/train/images/TOPAZ_H13_0012_2.jpg: corrupt JPEG restored and saved
train: /workspace/SawitMVC-Depth-YOLO-RGB/train/images/TOPAZ_H13_0012_3.jpg: corrupt JPEG restored and saved
train: /workspace/SawitMVC-Depth-YOLO-RGB/train/images/TOPAZ_H13_0012_4.jpg: corrupt JPEG restored and saved
train: /workspace/SawitMVC-Depth-YOLO-RGB/train/images/TOPAZ_H13_0013_1.jpg: corrupt JPEG restored and saved
train: /workspace/SawitMVC-Depth-YOLO-RGB/train/images/TOPAZ_H13_0013_2.jpg: corrupt JPEG restored and saved
train: /workspace/SawitMVC-Depth-YOLO-RGB/train/images/TOPAZ_H13_0013_3.jpg: corrupt JPEG restored and saved
train: /workspace/SawitMVC-Depth-YOLO-RGB/train/images/TOPAZ_H13_0013_4.jpg: corrupt JPEG restored and saved
train: /workspace/SawitMVC-Depth-YOLO-RGB/train/images/TOPAZ_H13_0014_1.jpg: corrupt JPEG restored and saved
train: /workspace/SawitMVC-Depth-YOLO-RGB/train/images/TOPAZ_H13_0014_2.jpg: corrupt JPEG restored and saved
train: /workspace/SawitMVC-Depth-YOLO-RGB/train/images/TOPAZ_H13_0014_3.jpg: corrupt JPEG restored and saved
train: /workspace/SawitMVC-Depth-YOLO-RGB/train/images/TOPAZ_H13_0014_4.jpg: corrupt JPEG restored and saved
train: /workspace/SawitMVC-Depth-YOLO-RGB/train/images/TOPAZ_H13_0015_1.jpg: corrupt JPEG restored and saved
train: /workspace/SawitMVC-Depth-YOLO-RGB/train/images/TOPAZ_H13_0015_2.jpg: corrupt JPEG restored and saved
train: /workspace/SawitMVC-Depth-YOLO-RGB/train/images/TOPAZ_H13_0015_3.jpg: corrupt JPEG restored and saved
train: /workspace/SawitMVC-Depth-YOLO-RGB/train/images/TOPAZ_H13_0015_4.jpg: corrupt JPEG restored and saved
train: /workspace/SawitMVC-Depth-YOLO-RGB/train/images/TOPAZ_H13_0016_1.jpg: corrupt JPEG restored and saved
train: /workspace/SawitMVC-Depth-YOLO-RGB/train/images/TOPAZ_H13_0016_2.jpg: corrupt JPEG restored and saved
train: /workspace/SawitMVC-Depth-YOLO-RGB/train/images/TOPAZ_H13_0016_3.jpg: corrupt JPEG restored and saved
train: /workspace/SawitMVC-Depth-YOLO-RGB/train/images/TOPAZ_H13_0016_4.jpg: corrupt JPEG restored and saved
train: /workspace/SawitMVC-Depth-YOLO-RGB/train/images/TOPAZ_H13_0017_1.jpg: corrupt JPEG restored and saved
train: /workspace/SawitMVC-Depth-YOLO-RGB/train/images/TOPAZ_H13_0017_2.jpg: corrupt JPEG restored and saved
train: /workspace/SawitMVC-Depth-YOLO-RGB/train/images/TOPAZ_H13_0017_3.jpg: corrupt JPEG restored and saved
train: /workspace/SawitMVC-Depth-YOLO-RGB/train/images/TOPAZ_H13_0017_4.jpg: corrupt JPEG restored and saved
train: /workspace/SawitMVC-Depth-YOLO-RGB/train/images/TOPAZ_H13_0020_1.jpg: corrupt JPEG restored and saved
train: /workspace/SawitMVC-Depth-YOLO-RGB/train/images/TOPAZ_H13_0020_2.jpg: corrupt JPEG restored and saved
train: /workspace/SawitMVC-Depth-YOLO-RGB/train/images/TOPAZ_H13_0020_3.jpg: corrupt JPEG restored and saved
train: /workspace/SawitMVC-Depth-YOLO-RGB/train/images/TOPAZ_H13_0020_4.jpg: corrupt JPEG restored and saved
train: /workspace/SawitMVC-Depth-YOLO-RGB/train/images/TOPAZ_H13_0022_1.jpg: corrupt JPEG restored and saved
train: /workspace/SawitMVC-Depth-YOLO-RGB/train/images/TOPAZ_H13_0022_2.jpg: corrupt JPEG restored and saved
train: /workspace/SawitMVC-Depth-YOLO-RGB/train/images/TOPAZ_H13_0022_3.jpg: corrupt JPEG restored and saved
train: /workspace/SawitMVC-Depth-YOLO-RGB/train/images/TOPAZ_H13_0022_4.jpg: corrupt JPEG restored and saved
train: /workspace/SawitMVC-Depth-YOLO-RGB/train/images/TOPAZ_H13_0024_1.jpg: corrupt JPEG restored and saved
train: /workspace/SawitMVC-Depth-YOLO-RGB/train/images/TOPAZ_H13_0024_2.jpg: corrupt JPEG restored and saved
train: /workspace/SawitMVC-Depth-YOLO-RGB/train/images/TOPAZ_H13_0024_3.jpg: corrupt JPEG restored and saved
train: /workspace/SawitMVC-Depth-YOLO-RGB/train/images/TOPAZ_H13_0024_4.jpg: corrupt JPEG restored and saved
train: /workspace/SawitMVC-Depth-YOLO-RGB/train/images/TOPAZ_H13_0025_1.jpg: corrupt JPEG restored and saved
train: /workspace/SawitMVC-Depth-YOLO-RGB/train/images/TOPAZ_H13_0025_2.jpg: corrupt JPEG restored and saved
train: /workspace/SawitMVC-Depth-YOLO-RGB/train/images/TOPAZ_H13_0025_3.jpg: corrupt JPEG restored and saved
train: /workspace/SawitMVC-Depth-YOLO-RGB/train/images/TOPAZ_H13_0025_4.jpg: corrupt JPEG restored and saved
train: /workspace/SawitMVC-Depth-YOLO-RGB/train/images/TOPAZ_H13_0026_1.jpg: corrupt JPEG restored and saved
train: /workspace/SawitMVC-Depth-YOLO-RGB/train/images/TOPAZ_H13_0026_2.jpg: corrupt JPEG restored and saved
train: /workspace/SawitMVC-Depth-YOLO-RGB/train/images/TOPAZ_H13_0026_3.jpg: corrupt JPEG restored and saved
train: /workspace/SawitMVC-Depth-YOLO-RGB/train/images/TOPAZ_H13_0026_4.jpg: corrupt JPEG restored and saved
train: /workspace/SawitMVC-Depth-YOLO-RGB/train/images/TOPAZ_H13_0029_1.jpg: corrupt JPEG restored and saved
train: /workspace/SawitMVC-Depth-YOLO-RGB/train/images/TOPAZ_H13_0029_2.jpg: corrupt JPEG restored and saved
train: /workspace/SawitMVC-Depth-YOLO-RGB/train/images/TOPAZ_H13_0029_3.jpg: corrupt JPEG restored and saved
train: /workspace/SawitMVC-Depth-YOLO-RGB/train/images/TOPAZ_H13_0029_4.jpg: corrupt JPEG restored and saved
train: /workspace/SawitMVC-Depth-YOLO-RGB/train/images/TOPAZ_H13_0030_1.jpg: corrupt JPEG restored and saved
train: /workspace/SawitMVC-Depth-YOLO-RGB/train/images/TOPAZ_H13_0030_2.jpg: corrupt JPEG restored and saved
train: /workspace/SawitMVC-Depth-YOLO-RGB/train/images/TOPAZ_H13_0030_3.jpg: corrupt JPEG restored and saved
train: /workspace/SawitMVC-Depth-YOLO-RGB/train/images/TOPAZ_H13_0030_4.jpg: corrupt JPEG restored and saved
train: /workspace/SawitMVC-Depth-YOLO-RGB/train/images/TOPAZ_H13_0031_1.jpg: corrupt JPEG restored and saved
train: /workspace/SawitMVC-Depth-YOLO-RGB/train/images/TOPAZ_H13_0031_2.jpg: corrupt JPEG restored and saved
train: /workspace/SawitMVC-Depth-YOLO-RGB/train/images/TOPAZ_H13_0031_3.jpg: corrupt JPEG restored and saved
train: /workspace/SawitMVC-Depth-YOLO-RGB/train/images/TOPAZ_H13_0031_4.jpg: corrupt JPEG restored and saved
train: /workspace/SawitMVC-Depth-YOLO-RGB/train/images/TOPAZ_H13_0032_1.jpg: corrupt JPEG restored and saved
train: /workspace/SawitMVC-Depth-YOLO-RGB/train/images/TOPAZ_H13_0032_2.jpg: corrupt JPEG restored and saved
train: /workspace/SawitMVC-Depth-YOLO-RGB/train/images/TOPAZ_H13_0032_3.jpg: corrupt JPEG restored and saved
train: /workspace/SawitMVC-Depth-YOLO-RGB/train/images/TOPAZ_H13_0032_4.jpg: corrupt JPEG restored and saved
train: /workspace/SawitMVC-Depth-YOLO-RGB/train/images/TOPAZ_H13_0033_1.jpg: corrupt JPEG restored and saved
train: /workspace/SawitMVC-Depth-YOLO-RGB/train/images/TOPAZ_H13_0033_2.jpg: corrupt JPEG restored and saved
train: /workspace/SawitMVC-Depth-YOLO-RGB/train/images/TOPAZ_H13_0033_3.jpg: corrupt JPEG restored and saved
train: /workspace/SawitMVC-Depth-YOLO-RGB/train/images/TOPAZ_H13_0033_4.jpg: corrupt JPEG restored and saved
train: /workspace/SawitMVC-Depth-YOLO-RGB/train/images/TOPAZ_H13_0034_1.jpg: corrupt JPEG restored and saved
train: /workspace/SawitMVC-Depth-YOLO-RGB/train/images/TOPAZ_H13_0034_2.jpg: corrupt JPEG restored and saved
train: /workspace/SawitMVC-Depth-YOLO-RGB/train/images/TOPAZ_H13_0034_3.jpg: corrupt JPEG restored and saved
train: /workspace/SawitMVC-Depth-YOLO-RGB/train/images/TOPAZ_H13_0034_4.jpg: corrupt JPEG restored and saved
train: /workspace/SawitMVC-Depth-YOLO-RGB/train/images/TOPAZ_H13_0036_1.jpg: corrupt JPEG restored and saved
train: /workspace/SawitMVC-Depth-YOLO-RGB/train/images/TOPAZ_H13_0036_2.jpg: corrupt JPEG restored and saved
train: /workspace/SawitMVC-Depth-YOLO-RGB/train/images/TOPAZ_H13_0036_3.jpg: corrupt JPEG restored and saved
train: /workspace/SawitMVC-Depth-YOLO-RGB/train/images/TOPAZ_H13_0036_4.jpg: corrupt JPEG restored and saved
train: /workspace/SawitMVC-Depth-YOLO-RGB/train/images/TOPAZ_H13_0038_1.jpg: corrupt JPEG restored and saved
train: /workspace/SawitMVC-Depth-YOLO-RGB/train/images/TOPAZ_H13_0038_2.jpg: corrupt JPEG restored and saved
train: /workspace/SawitMVC-Depth-YOLO-RGB/train/images/TOPAZ_H13_0038_3.jpg: corrupt JPEG restored and saved
train: /workspace/SawitMVC-Depth-YOLO-RGB/train/images/TOPAZ_H13_0038_4.jpg: corrupt JPEG restored and saved
train: /workspace/SawitMVC-Depth-YOLO-RGB/train/images/TOPAZ_H13_0040_1.jpg: corrupt JPEG restored and saved
train: /workspace/SawitMVC-Depth-YOLO-RGB/train/images/TOPAZ_H13_0040_2.jpg: corrupt JPEG restored and saved
train: /workspace/SawitMVC-Depth-YOLO-RGB/train/images/TOPAZ_H13_0040_3.jpg: corrupt JPEG restored and saved
train: /workspace/SawitMVC-Depth-YOLO-RGB/train/images/TOPAZ_H13_0040_4.jpg: corrupt JPEG restored and saved
train: /workspace/SawitMVC-Depth-YOLO-RGB/train/images/TOPAZ_H13_0041_1.jpg: corrupt JPEG restored and saved
train: /workspace/SawitMVC-Depth-YOLO-RGB/train/images/TOPAZ_H13_0041_2.jpg: corrupt JPEG restored and saved
train: /workspace/SawitMVC-Depth-YOLO-RGB/train/images/TOPAZ_H13_0041_3.jpg: corrupt JPEG restored and saved
train: /workspace/SawitMVC-Depth-YOLO-RGB/train/images/TOPAZ_H13_0041_4.jpg: corrupt JPEG restored and saved
train: /workspace/SawitMVC-Depth-YOLO-RGB/train/images/TOPAZ_H13_0042_1.jpg: corrupt JPEG restored and saved
train: /workspace/SawitMVC-Depth-YOLO-RGB/train/images/TOPAZ_H13_0042_2.jpg: corrupt JPEG restored and saved
train: /workspace/SawitMVC-Depth-YOLO-RGB/train/images/TOPAZ_H13_0042_3.jpg: corrupt JPEG restored and saved
train: /workspace/SawitMVC-Depth-YOLO-RGB/train/images/TOPAZ_H13_0042_4.jpg: corrupt JPEG restored and saved
train: /workspace/SawitMVC-Depth-YOLO-RGB/train/images/TOPAZ_H13_0043_1.jpg: corrupt JPEG restored and saved
train: /workspace/SawitMVC-Depth-YOLO-RGB/train/images/TOPAZ_H13_0043_2.jpg: corrupt JPEG restored and saved
train: /workspace/SawitMVC-Depth-YOLO-RGB/train/images/TOPAZ_H13_0043_3.jpg: corrupt JPEG restored and saved
train: /workspace/SawitMVC-Depth-YOLO-RGB/train/images/TOPAZ_H13_0043_4.jpg: corrupt JPEG restored and saved
train: /workspace/SawitMVC-Depth-YOLO-RGB/train/images/TOPAZ_H13_0044_1.jpg: corrupt JPEG restored and saved
train: /workspace/SawitMVC-Depth-YOLO-RGB/train/images/TOPAZ_H13_0044_2.jpg: corrupt JPEG restored and saved
train: /workspace/SawitMVC-Depth-YOLO-RGB/train/images/TOPAZ_H13_0044_3.jpg: corrupt JPEG restored and saved
train: /workspace/SawitMVC-Depth-YOLO-RGB/train/images/TOPAZ_H13_0044_4.jpg: corrupt JPEG restored and saved
train: /workspace/SawitMVC-Depth-YOLO-RGB/train/images/TOPAZ_H13_0046_1.jpg: corrupt JPEG restored and saved
train: /workspace/SawitMVC-Depth-YOLO-RGB/train/images/TOPAZ_H13_0046_2.jpg: corrupt JPEG restored and saved
train: /workspace/SawitMVC-Depth-YOLO-RGB/train/images/TOPAZ_H13_0046_3.jpg: corrupt JPEG restored and saved
train: /workspace/SawitMVC-Depth-YOLO-RGB/train/images/TOPAZ_H13_0046_4.jpg: corrupt JPEG restored and saved
train: /workspace/SawitMVC-Depth-YOLO-RGB/train/images/TOPAZ_H13_0047_1.jpg: corrupt JPEG restored and saved
train: /workspace/SawitMVC-Depth-YOLO-RGB/train/images/TOPAZ_H13_0047_2.jpg: corrupt JPEG restored and saved
train: /workspace/SawitMVC-Depth-YOLO-RGB/train/images/TOPAZ_H13_0047_3.jpg: corrupt JPEG restored and saved
train: /workspace/SawitMVC-Depth-YOLO-RGB/train/images/TOPAZ_H13_0047_4.jpg: corrupt JPEG restored and saved
train: /workspace/SawitMVC-Depth-YOLO-RGB/train/images/TOPAZ_H13_0049_1.jpg: corrupt JPEG restored and saved
train: /workspace/SawitMVC-Depth-YOLO-RGB/train/images/TOPAZ_H13_0049_2.jpg: corrupt JPEG restored and saved
train: /workspace/SawitMVC-Depth-YOLO-RGB/train/images/TOPAZ_H13_0049_3.jpg: corrupt JPEG restored and saved
train: /workspace/SawitMVC-Depth-YOLO-RGB/train/images/TOPAZ_H13_0049_4.jpg: corrupt JPEG restored and saved
train: /workspace/SawitMVC-Depth-YOLO-RGB/train/images/TOPAZ_H13_0050_1.jpg: corrupt JPEG restored and saved
train: /workspace/SawitMVC-Depth-YOLO-RGB/train/images/TOPAZ_H13_0050_2.jpg: corrupt JPEG restored and saved
train: /workspace/SawitMVC-Depth-YOLO-RGB/train/images/TOPAZ_H13_0050_3.jpg: corrupt JPEG restored and saved
train: /workspace/SawitMVC-Depth-YOLO-RGB/train/images/TOPAZ_H13_0050_4.jpg: corrupt JPEG restored and saved
train: /workspace/SawitMVC-Depth-YOLO-RGB/train/images/TOPAZ_H13_0051_1.jpg: corrupt JPEG restored and saved
train: /workspace/SawitMVC-Depth-YOLO-RGB/train/images/TOPAZ_H13_0051_2.jpg: corrupt JPEG restored and saved
train: /workspace/SawitMVC-Depth-YOLO-RGB/train/images/TOPAZ_H13_0051_3.jpg: corrupt JPEG restored and saved
train: /workspace/SawitMVC-Depth-YOLO-RGB/train/images/TOPAZ_H13_0051_4.jpg: corrupt JPEG restored and saved
train: /workspace/SawitMVC-Depth-YOLO-RGB/train/images/TOPAZ_H13_0053_1.jpg: corrupt JPEG restored and saved
train: /workspace/SawitMVC-Depth-YOLO-RGB/train/images/TOPAZ_H13_0053_2.jpg: corrupt JPEG restored and saved
train: /workspace/SawitMVC-Depth-YOLO-RGB/train/images/TOPAZ_H13_0053_3.jpg: corrupt JPEG restored and saved
train: /workspace/SawitMVC-Depth-YOLO-RGB/train/images/TOPAZ_H13_0053_4.jpg: corrupt JPEG restored and saved
train: /workspace/SawitMVC-Depth-YOLO-RGB/train/images/TOPAZ_H13_0054_1.jpg: corrupt JPEG restored and saved
train: /workspace/SawitMVC-Depth-YOLO-RGB/train/images/TOPAZ_H13_0054_2.jpg: corrupt JPEG restored and saved
train: /workspace/SawitMVC-Depth-YOLO-RGB/train/images/TOPAZ_H13_0054_3.jpg: corrupt JPEG restored and saved
train: /workspace/SawitMVC-Depth-YOLO-RGB/train/images/TOPAZ_H13_0054_4.jpg: corrupt JPEG restored and saved
train: /workspace/SawitMVC-Depth-YOLO-RGB/train/images/TOPAZ_H13_0056_1.jpg: corrupt JPEG restored and saved
train: /workspace/SawitMVC-Depth-YOLO-RGB/train/images/TOPAZ_H13_0056_2.jpg: corrupt JPEG restored and saved
train: /workspace/SawitMVC-Depth-YOLO-RGB/train/images/TOPAZ_H13_0056_3.jpg: corrupt JPEG restored and saved
train: /workspace/SawitMVC-Depth-YOLO-RGB/train/images/TOPAZ_H13_0056_4.jpg: corrupt JPEG restored and saved
train: /workspace/SawitMVC-Depth-YOLO-RGB/train/images/TOPAZ_H13_0057_1.jpg: corrupt JPEG restored and saved
train: /workspace/SawitMVC-Depth-YOLO-RGB/train/images/TOPAZ_H13_0057_2.jpg: corrupt JPEG restored and saved
train: /workspace/SawitMVC-Depth-YOLO-RGB/train/images/TOPAZ_H13_0057_3.jpg: corrupt JPEG restored and saved
train: /workspace/SawitMVC-Depth-YOLO-RGB/train/images/TOPAZ_H13_0057_4.jpg: corrupt JPEG restored and saved
train: /workspace/SawitMVC-Depth-YOLO-RGB/train/images/TOPAZ_H13_0058_1.jpg: corrupt JPEG restored and saved
train: /workspace/SawitMVC-Depth-YOLO-RGB/train/images/TOPAZ_H13_0058_2.jpg: corrupt JPEG restored and saved
train: /workspace/SawitMVC-Depth-YOLO-RGB/train/images/TOPAZ_H13_0058_3.jpg: corrupt JPEG restored and saved
train: /workspace/SawitMVC-Depth-YOLO-RGB/train/images/TOPAZ_H13_0058_4.jpg: corrupt JPEG restored and saved
train: /workspace/SawitMVC-Depth-YOLO-RGB/train/images/TOPAZ_H13_0060_1.jpg: corrupt JPEG restored and saved
train: /workspace/SawitMVC-Depth-YOLO-RGB/train/images/TOPAZ_H13_0060_2.jpg: corrupt JPEG restored and saved
train: /workspace/SawitMVC-Depth-YOLO-RGB/train/images/TOPAZ_H13_0060_3.jpg: corrupt JPEG restored and saved
train: /workspace/SawitMVC-Depth-YOLO-RGB/train/images/TOPAZ_H13_0060_4.jpg: corrupt JPEG restored and saved
train: /workspace/SawitMVC-Depth-YOLO-RGB/train/images/TOPAZ_H13_0061_1.jpg: corrupt JPEG restored and saved
train: /workspace/SawitMVC-Depth-YOLO-RGB/train/images/TOPAZ_H13_0061_2.jpg: corrupt JPEG restored and saved
train: /workspace/SawitMVC-Depth-YOLO-RGB/train/images/TOPAZ_H13_0061_3.jpg: corrupt JPEG restored and saved
train: /workspace/SawitMVC-Depth-YOLO-RGB/train/images/TOPAZ_H13_0061_4.jpg: corrupt JPEG restored and saved
train: /workspace/SawitMVC-Depth-YOLO-RGB/train/images/TOPAZ_H13_0064_1.jpg: corrupt JPEG restored and saved
train: /workspace/SawitMVC-Depth-YOLO-RGB/train/images/TOPAZ_H13_0064_2.jpg: corrupt JPEG restored and saved
train: /workspace/SawitMVC-Depth-YOLO-RGB/train/images/TOPAZ_H13_0064_3.jpg: corrupt JPEG restored and saved
train: /workspace/SawitMVC-Depth-YOLO-RGB/train/images/TOPAZ_H13_0064_4.jpg: corrupt JPEG restored and saved
train: /workspace/SawitMVC-Depth-YOLO-RGB/train/images/TOPAZ_H13_0066_1.jpg: corrupt JPEG restored and saved
train: /workspace/SawitMVC-Depth-YOLO-RGB/train/images/TOPAZ_H13_0066_2.jpg: corrupt JPEG restored and saved
train: /workspace/SawitMVC-Depth-YOLO-RGB/train/images/TOPAZ_H13_0066_3.jpg: corrupt JPEG restored and saved
train: /workspace/SawitMVC-Depth-YOLO-RGB/train/images/TOPAZ_H13_0066_4.jpg: corrupt JPEG restored and saved
train: /workspace/SawitMVC-Depth-YOLO-RGB/train/images/TOPAZ_H13_0067_1.jpg: corrupt JPEG restored and saved
train: /workspace/SawitMVC-Depth-YOLO-RGB/train/images/TOPAZ_H13_0067_2.jpg: corrupt JPEG restored and saved
train: /workspace/SawitMVC-Depth-YOLO-RGB/train/images/TOPAZ_H13_0067_3.jpg: corrupt JPEG restored and saved
train: /workspace/SawitMVC-Depth-YOLO-RGB/train/images/TOPAZ_H13_0067_4.jpg: corrupt JPEG restored and saved
train: /workspace/SawitMVC-Depth-YOLO-RGB/train/images/TOPAZ_H13_0068_1.jpg: corrupt JPEG restored and saved
train: /workspace/SawitMVC-Depth-YOLO-RGB/train/images/TOPAZ_H13_0068_2.jpg: corrupt JPEG restored and saved
train: /workspace/SawitMVC-Depth-YOLO-RGB/train/images/TOPAZ_H13_0068_3.jpg: corrupt JPEG restored and saved
train: /workspace/SawitMVC-Depth-YOLO-RGB/train/images/TOPAZ_H13_0068_4.jpg: corrupt JPEG restored and saved
train: /workspace/SawitMVC-Depth-YOLO-RGB/train/images/TOPAZ_H13_0069_1.jpg: corrupt JPEG restored and saved
train: /workspace/SawitMVC-Depth-YOLO-RGB/train/images/TOPAZ_H13_0069_2.jpg: corrupt JPEG restored and saved
train: /workspace/SawitMVC-Depth-YOLO-RGB/train/images/TOPAZ_H13_0069_3.jpg: corrupt JPEG restored and saved
train: /workspace/SawitMVC-Depth-YOLO-RGB/train/images/TOPAZ_H13_0069_4.jpg: corrupt JPEG restored and saved
train: /workspace/SawitMVC-Depth-YOLO-RGB/train/images/TOPAZ_H13_0070_1.jpg: corrupt JPEG restored and saved
train: /workspace/SawitMVC-Depth-YOLO-RGB/train/images/TOPAZ_H13_0070_2.jpg: corrupt JPEG restored and saved
train: /workspace/SawitMVC-Depth-YOLO-RGB/train/images/TOPAZ_H13_0070_3.jpg: corrupt JPEG restored and saved
train: /workspace/SawitMVC-Depth-YOLO-RGB/train/images/TOPAZ_H13_0070_4.jpg: corrupt JPEG restored and saved
train: /workspace/SawitMVC-Depth-YOLO-RGB/train/images/TOPAZ_H13_0071_1.jpg: corrupt JPEG restored and saved
train: /workspace/SawitMVC-Depth-YOLO-RGB/train/images/TOPAZ_H13_0071_2.jpg: corrupt JPEG restored and saved
train: /workspace/SawitMVC-Depth-YOLO-RGB/train/images/TOPAZ_H13_0071_3.jpg: corrupt JPEG restored and saved
train: /workspace/SawitMVC-Depth-YOLO-RGB/train/images/TOPAZ_H13_0071_4.jpg: corrupt JPEG restored and saved
train: /workspace/SawitMVC-Depth-YOLO-RGB/train/images/TOPAZ_H13_0072_1.jpg: corrupt JPEG restored and saved
train: /workspace/SawitMVC-Depth-YOLO-RGB/train/images/TOPAZ_H13_0072_2.jpg: corrupt JPEG restored and saved
train: /workspace/SawitMVC-Depth-YOLO-RGB/train/images/TOPAZ_H13_0072_3.jpg: corrupt JPEG restored and saved
train: /workspace/SawitMVC-Depth-YOLO-RGB/train/images/TOPAZ_H13_0072_4.jpg: corrupt JPEG restored and saved
train: /workspace/SawitMVC-Depth-YOLO-RGB/train/images/TOPAZ_H13_0073_1.jpg: corrupt JPEG restored and saved
train: /workspace/SawitMVC-Depth-YOLO-RGB/train/images/TOPAZ_H13_0073_2.jpg: corrupt JPEG restored and saved
train: /workspace/SawitMVC-Depth-YOLO-RGB/train/images/TOPAZ_H13_0073_3.jpg: corrupt JPEG restored and saved
train: /workspace/SawitMVC-Depth-YOLO-RGB/train/images/TOPAZ_H13_0073_4.jpg: corrupt JPEG restored and saved
train: /workspace/SawitMVC-Depth-YOLO-RGB/train/images/TOPAZ_H13_0074_1.jpg: corrupt JPEG restored and saved
train: /workspace/SawitMVC-Depth-YOLO-RGB/train/images/TOPAZ_H13_0074_2.jpg: corrupt JPEG restored and saved
train: /workspace/SawitMVC-Depth-YOLO-RGB/train/images/TOPAZ_H13_0074_3.jpg: corrupt JPEG restored and saved
train: /workspace/SawitMVC-Depth-YOLO-RGB/train/images/TOPAZ_H13_0074_4.jpg: corrupt JPEG restored and saved
train: /workspace/SawitMVC-Depth-YOLO-RGB/train/images/TOPAZ_H13_0075_1.jpg: corrupt JPEG restored and saved
train: /workspace/SawitMVC-Depth-YOLO-RGB/train/images/TOPAZ_H13_0075_2.jpg: corrupt JPEG restored and saved
train: /workspace/SawitMVC-Depth-YOLO-RGB/train/images/TOPAZ_H13_0075_3.jpg: corrupt JPEG restored and saved
train: /workspace/SawitMVC-Depth-YOLO-RGB/train/images/TOPAZ_H13_0075_4.jpg: corrupt JPEG restored and saved
train: /workspace/SawitMVC-Depth-YOLO-RGB/train/images/TOPAZ_H13_0076_1.jpg: corrupt JPEG restored and saved
train: /workspace/SawitMVC-Depth-YOLO-RGB/train/images/TOPAZ_H13_0076_2.jpg: corrupt JPEG restored and saved
train: /workspace/SawitMVC-Depth-YOLO-RGB/train/images/TOPAZ_H13_0076_3.jpg: corrupt JPEG restored and saved
train: /workspace/SawitMVC-Depth-YOLO-RGB/train/images/TOPAZ_H13_0076_4.jpg: corrupt JPEG restored and saved
train: /workspace/SawitMVC-Depth-YOLO-RGB/train/images/TOPAZ_H13_0077_1.jpg: corrupt JPEG restored and saved
train: /workspace/SawitMVC-Depth-YOLO-RGB/train/images/TOPAZ_H13_0077_2.jpg: corrupt JPEG restored and saved
train: /workspace/SawitMVC-Depth-YOLO-RGB/train/images/TOPAZ_H13_0077_3.jpg: corrupt JPEG restored and saved
train: /workspace/SawitMVC-Depth-YOLO-RGB/train/images/TOPAZ_H13_0077_4.jpg: corrupt JPEG restored and saved
train: /workspace/SawitMVC-Depth-YOLO-RGB/train/images/TOPAZ_H13_0078_1.jpg: corrupt JPEG restored and saved
train: /workspace/SawitMVC-Depth-YOLO-RGB/train/images/TOPAZ_H13_0078_2.jpg: corrupt JPEG restored and saved
train: /workspace/SawitMVC-Depth-YOLO-RGB/train/images/TOPAZ_H13_0078_3.jpg: corrupt JPEG restored and saved
train: /workspace/SawitMVC-Depth-YOLO-RGB/train/images/TOPAZ_H13_0078_4.jpg: corrupt JPEG restored and saved
train: /workspace/SawitMVC-Depth-YOLO-RGB/train/images/TOPAZ_H13_0079_1.jpg: corrupt JPEG restored and saved
train: /workspace/SawitMVC-Depth-YOLO-RGB/train/images/TOPAZ_H13_0079_2.jpg: corrupt JPEG restored and saved
train: /workspace/SawitMVC-Depth-YOLO-RGB/train/images/TOPAZ_H13_0079_3.jpg: corrupt JPEG restored and saved
train: /workspace/SawitMVC-Depth-YOLO-RGB/train/images/TOPAZ_H13_0079_4.jpg: corrupt JPEG restored and saved
train: /workspace/SawitMVC-Depth-YOLO-RGB/train/images/TOPAZ_H13_0080_1.jpg: corrupt JPEG restored and saved
train: /workspace/SawitMVC-Depth-YOLO-RGB/train/images/TOPAZ_H13_0080_2.jpg: corrupt JPEG restored and saved
train: /workspace/SawitMVC-Depth-YOLO-RGB/train/images/TOPAZ_H13_0080_3.jpg: corrupt JPEG restored and saved
train: /workspace/SawitMVC-Depth-YOLO-RGB/train/images/TOPAZ_H13_0080_4.jpg: corrupt JPEG restored and saved
train: /workspace/SawitMVC-Depth-YOLO-RGB/train/images/TOPAZ_H13_0083_1.jpg: corrupt JPEG restored and saved
train: /workspace/SawitMVC-Depth-YOLO-RGB/train/images/TOPAZ_H13_0083_2.jpg: corrupt JPEG restored and saved
train: /workspace/SawitMVC-Depth-YOLO-RGB/train/images/TOPAZ_H13_0083_3.jpg: corrupt JPEG restored and saved
train: /workspace/SawitMVC-Depth-YOLO-RGB/train/images/TOPAZ_H13_0083_4.jpg: corrupt JPEG restored and saved
train: /workspace/SawitMVC-Depth-YOLO-RGB/train/images/TOPAZ_H13_0084_1.jpg: corrupt JPEG restored and saved
train: /workspace/SawitMVC-Depth-YOLO-RGB/train/images/TOPAZ_H13_0084_2.jpg: corrupt JPEG restored and saved
train: /workspace/SawitMVC-Depth-YOLO-RGB/train/images/TOPAZ_H13_0084_3.jpg: corrupt JPEG restored and saved
train: /workspace/SawitMVC-Depth-YOLO-RGB/train/images/TOPAZ_H13_0084_4.jpg: corrupt JPEG restored and saved
train: /workspace/SawitMVC-Depth-YOLO-RGB/train/images/TOPAZ_H13_0085_1.jpg: corrupt JPEG restored and saved
train: /workspace/SawitMVC-Depth-YOLO-RGB/train/images/TOPAZ_H13_0085_2.jpg: corrupt JPEG restored and saved
train: /workspace/SawitMVC-Depth-YOLO-RGB/train/images/TOPAZ_H13_0085_3.jpg: corrupt JPEG restored and saved
train: /workspace/SawitMVC-Depth-YOLO-RGB/train/images/TOPAZ_H13_0085_4.jpg: corrupt JPEG restored and saved
train: /workspace/SawitMVC-Depth-YOLO-RGB/train/images/TOPAZ_H13_0086_1.jpg: corrupt JPEG restored and saved
train: /workspace/SawitMVC-Depth-YOLO-RGB/train/images/TOPAZ_H13_0086_2.jpg: corrupt JPEG restored and saved
train: /workspace/SawitMVC-Depth-YOLO-RGB/train/images/TOPAZ_H13_0086_3.jpg: corrupt JPEG restored and saved
train: /workspace/SawitMVC-Depth-YOLO-RGB/train/images/TOPAZ_H13_0086_4.jpg: corrupt JPEG restored and saved
train: /workspace/SawitMVC-Depth-YOLO-RGB/train/images/TOPAZ_H13_0088_1.jpg: corrupt JPEG restored and saved
train: /workspace/SawitMVC-Depth-YOLO-RGB/train/images/TOPAZ_H13_0088_2.jpg: corrupt JPEG restored and saved
train: /workspace/SawitMVC-Depth-YOLO-RGB/train/images/TOPAZ_H13_0088_3.jpg: corrupt JPEG restored and saved
train: /workspace/SawitMVC-Depth-YOLO-RGB/train/images/TOPAZ_H13_0088_4.jpg: corrupt JPEG restored and saved
train: /workspace/SawitMVC-Depth-YOLO-RGB/train/images/TOPAZ_H13_0090_1.jpg: corrupt JPEG restored and saved
train: /workspace/SawitMVC-Depth-YOLO-RGB/train/images/TOPAZ_H13_0090_2.jpg: corrupt JPEG restored and saved
train: /workspace/SawitMVC-Depth-YOLO-RGB/train/images/TOPAZ_H13_0090_3.jpg: corrupt JPEG restored and saved
train: /workspace/SawitMVC-Depth-YOLO-RGB/train/images/TOPAZ_H13_0090_4.jpg: corrupt JPEG restored and saved
train: /workspace/SawitMVC-Depth-YOLO-RGB/train/images/TOPAZ_H13_0091_1.jpg: corrupt JPEG restored and saved
train: /workspace/SawitMVC-Depth-YOLO-RGB/train/images/TOPAZ_H13_0091_2.jpg: corrupt JPEG restored and saved
train: /workspace/SawitMVC-Depth-YOLO-RGB/train/images/TOPAZ_H13_0091_3.jpg: corrupt JPEG restored and saved
train: /workspace/SawitMVC-Depth-YOLO-RGB/train/images/TOPAZ_H13_0091_4.jpg: corrupt JPEG restored and saved
train: /workspace/SawitMVC-Depth-YOLO-RGB/train/images/TOPAZ_H13_0092_1.jpg: corrupt JPEG restored and saved
train: /workspace/SawitMVC-Depth-YOLO-RGB/train/images/TOPAZ_H13_0092_2.jpg: corrupt JPEG restored and saved
train: /workspace/SawitMVC-Depth-YOLO-RGB/train/images/TOPAZ_H13_0092_3.jpg: corrupt JPEG restored and saved
train: /workspace/SawitMVC-Depth-YOLO-RGB/train/images/TOPAZ_H13_0092_4.jpg: corrupt JPEG restored and saved
train: /workspace/SawitMVC-Depth-YOLO-RGB/train/images/TOPAZ_H13_0093_1.jpg: corrupt JPEG restored and saved
train: /workspace/SawitMVC-Depth-YOLO-RGB/train/images/TOPAZ_H13_0093_2.jpg: corrupt JPEG restored and saved
train: /workspace/SawitMVC-Depth-YOLO-RGB/train/images/TOPAZ_H13_0093_3.jpg: corrupt JPEG restored and saved
train: /workspace/SawitMVC-Depth-YOLO-RGB/train/images/TOPAZ_H13_0093_4.jpg: corrupt JPEG restored and saved
train: /workspace/SawitMVC-Depth-YOLO-RGB/train/images/TOPAZ_H13_0095_1.jpg: corrupt JPEG restored and saved
train: /workspace/SawitMVC-Depth-YOLO-RGB/train/images/TOPAZ_H13_0095_2.jpg: corrupt JPEG restored and saved
train: /workspace/SawitMVC-Depth-YOLO-RGB/train/images/TOPAZ_H13_0095_3.jpg: corrupt JPEG restored and saved
train: /workspace/SawitMVC-Depth-YOLO-RGB/train/images/TOPAZ_H13_0095_4.jpg: corrupt JPEG restored and saved
train: /workspace/SawitMVC-Depth-YOLO-RGB/train/images/TOPAZ_H13_0096_1.jpg: corrupt JPEG restored and saved
train: /workspace/SawitMVC-Depth-YOLO-RGB/train/images/TOPAZ_H13_0096_2.jpg: corrupt JPEG restored and saved
train: /workspace/SawitMVC-Depth-YOLO-RGB/train/images/TOPAZ_H13_0096_3.jpg: corrupt JPEG restored and saved
train: /workspace/SawitMVC-Depth-YOLO-RGB/train/images/TOPAZ_H13_0096_4.jpg: corrupt JPEG restored and saved
train: /workspace/SawitMVC-Depth-YOLO-RGB/train/images/TOPAZ_H13_0097_1.jpg: corrupt JPEG restored and saved
train: /workspace/SawitMVC-Depth-YOLO-RGB/train/images/TOPAZ_H13_0097_2.jpg: corrupt JPEG restored and saved
train: /workspace/SawitMVC-Depth-YOLO-RGB/train/images/TOPAZ_H13_0097_3.jpg: corrupt JPEG restored and saved
train: /workspace/SawitMVC-Depth-YOLO-RGB/train/images/TOPAZ_H13_0097_4.jpg: corrupt JPEG restored and saved
train: /workspace/SawitMVC-Depth-YOLO-RGB/train/images/TOPAZ_H13_0100_1.jpg: corrupt JPEG restored and saved
train: /workspace/SawitMVC-Depth-YOLO-RGB/train/images/TOPAZ_H13_0100_2.jpg: corrupt JPEG restored and saved
train: /workspace/SawitMVC-Depth-YOLO-RGB/train/images/TOPAZ_H13_0100_3.jpg: corrupt JPEG restored and saved
train: /workspace/SawitMVC-Depth-YOLO-RGB/train/images/TOPAZ_H13_0100_4.jpg: corrupt JPEG restored and saved
train: /workspace/SawitMVC-Depth-YOLO-RGB/train/images/TOPAZ_I141_0001_1.jpg: corrupt JPEG restored and saved
train: /workspace/SawitMVC-Depth-YOLO-RGB/train/images/TOPAZ_I141_0001_2.jpg: corrupt JPEG restored and saved
train: /workspace/SawitMVC-Depth-YOLO-RGB/train/images/TOPAZ_I141_0001_3.jpg: corrupt JPEG restored and saved
train: /workspace/SawitMVC-Depth-YOLO-RGB/train/images/TOPAZ_I141_0001_4.jpg: corrupt JPEG restored and saved
train: /workspace/SawitMVC-Depth-YOLO-RGB/train/images/TOPAZ_I141_0002_1.jpg: corrupt JPEG restored and saved
train: /workspace/SawitMVC-Depth-YOLO-RGB/train/images/TOPAZ_I141_0002_2.jpg: corrupt JPEG restored and saved
train: /workspace/SawitMVC-Depth-YOLO-RGB/train/images/TOPAZ_I141_0002_3.jpg: corrupt JPEG restored and saved
train: /workspace/SawitMVC-Depth-YOLO-RGB/train/images/TOPAZ_I141_0002_4.jpg: corrupt JPEG restored and saved
train: /workspace/SawitMVC-Depth-YOLO-RGB/train/images/TOPAZ_I141_0003_1.jpg: corrupt JPEG restored and saved
train: /workspace/SawitMVC-Depth-YOLO-RGB/train/images/TOPAZ_I141_0003_2.jpg: corrupt JPEG restored and saved
train: /workspace/SawitMVC-Depth-YOLO-RGB/train/images/TOPAZ_I141_0003_3.jpg: corrupt JPEG restored and saved
train: /workspace/SawitMVC-Depth-YOLO-RGB/train/images/TOPAZ_I141_0003_4.jpg: corrupt JPEG restored and saved
train: /workspace/SawitMVC-Depth-YOLO-RGB/train/images/TOPAZ_I141_0005_1.jpg: corrupt JPEG restored and saved
train: /workspace/SawitMVC-Depth-YOLO-RGB/train/images/TOPAZ_I141_0005_2.jpg: corrupt JPEG restored and saved
train: /workspace/SawitMVC-Depth-YOLO-RGB/train/images/TOPAZ_I141_0005_3.jpg: corrupt JPEG restored and saved
train: /workspace/SawitMVC-Depth-YOLO-RGB/train/images/TOPAZ_I141_0005_4.jpg: corrupt JPEG restored and saved
train: /workspace/SawitMVC-Depth-YOLO-RGB/train/images/TOPAZ_I141_0006_1.jpg: corrupt JPEG restored and saved
train: /workspace/SawitMVC-Depth-YOLO-RGB/train/images/TOPAZ_I141_0006_2.jpg: corrupt JPEG restored and saved
train: /workspace/SawitMVC-Depth-YOLO-RGB/train/images/TOPAZ_I141_0006_3.jpg: corrupt JPEG restored and saved
train: /workspace/SawitMVC-Depth-YOLO-RGB/train/images/TOPAZ_I141_0006_4.jpg: corrupt JPEG restored and saved
train: /workspace/SawitMVC-Depth-YOLO-RGB/train/images/TOPAZ_I141_0007_1.jpg: corrupt JPEG restored and saved
train: /workspace/SawitMVC-Depth-YOLO-RGB/train/images/TOPAZ_I141_0007_2.jpg: corrupt JPEG restored and saved
train: /workspace/SawitMVC-Depth-YOLO-RGB/train/images/TOPAZ_I141_0007_3.jpg: corrupt JPEG restored and saved
train: /workspace/SawitMVC-Depth-YOLO-RGB/train/images/TOPAZ_I141_0007_4.jpg: corrupt JPEG restored and saved
train: /workspace/SawitMVC-Depth-YOLO-RGB/train/images/TOPAZ_I141_0008_1.jpg: corrupt JPEG restored and saved
train: /workspace/SawitMVC-Depth-YOLO-RGB/train/images/TOPAZ_I141_0008_2.jpg: corrupt JPEG restored and saved
train: /workspace/SawitMVC-Depth-YOLO-RGB/train/images/TOPAZ_I141_0008_3.jpg: corrupt JPEG restored and saved
train: /workspace/SawitMVC-Depth-YOLO-RGB/train/images/TOPAZ_I141_0008_4.jpg: corrupt JPEG restored and saved
train: /workspace/SawitMVC-Depth-YOLO-RGB/train/images/TOPAZ_I141_0009_1.jpg: corrupt JPEG restored and saved
train: /workspace/SawitMVC-Depth-YOLO-RGB/train/images/TOPAZ_I141_0009_2.jpg: corrupt JPEG restored and saved
train: /workspace/SawitMVC-Depth-YOLO-RGB/train/images/TOPAZ_I141_0009_3.jpg: corrupt JPEG restored and saved
train: /workspace/SawitMVC-Depth-YOLO-RGB/train/images/TOPAZ_I141_0009_4.jpg: corrupt JPEG restored and saved
train: /workspace/SawitMVC-Depth-YOLO-RGB/train/images/TOPAZ_I141_0010_1.jpg: corrupt JPEG restored and saved
train: /workspace/SawitMVC-Depth-YOLO-RGB/train/images/TOPAZ_I141_0010_2.jpg: corrupt JPEG restored and saved
train: /workspace/SawitMVC-Depth-YOLO-RGB/train/images/TOPAZ_I141_0010_3.jpg: corrupt JPEG restored and saved
train: /workspace/SawitMVC-Depth-YOLO-RGB/train/images/TOPAZ_I141_0010_4.jpg: corrupt JPEG restored and saved
train: /workspace/SawitMVC-Depth-YOLO-RGB/train/images/TOPAZ_I141_0012_1.jpg: corrupt JPEG restored and saved
train: /workspace/SawitMVC-Depth-YOLO-RGB/train/images/TOPAZ_I141_0012_2.jpg: corrupt JPEG restored and saved
train: /workspace/SawitMVC-Depth-YOLO-RGB/train/images/TOPAZ_I141_0012_3.jpg: corrupt JPEG restored and saved
train: /workspace/SawitMVC-Depth-YOLO-RGB/train/images/TOPAZ_I141_0012_4.jpg: corrupt JPEG restored and saved
train: /workspace/SawitMVC-Depth-YOLO-RGB/train/images/TOPAZ_I141_0017_1.jpg: corrupt JPEG restored and saved
train: /workspace/SawitMVC-Depth-YOLO-RGB/train/images/TOPAZ_I141_0017_2.jpg: corrupt JPEG restored and saved
train: /workspace/SawitMVC-Depth-YOLO-RGB/train/images/TOPAZ_I141_0017_3.jpg: corrupt JPEG restored and saved
train: /workspace/SawitMVC-Depth-YOLO-RGB/train/images/TOPAZ_I141_0017_4.jpg: corrupt JPEG restored and saved
train: /workspace/SawitMVC-Depth-YOLO-RGB/train/images/TOPAZ_I141_0018_1.jpg: corrupt JPEG restored and saved
train: /workspace/SawitMVC-Depth-YOLO-RGB/train/images/TOPAZ_I141_0018_2.jpg: corrupt JPEG restored and saved
train: /workspace/SawitMVC-Depth-YOLO-RGB/train/images/TOPAZ_I141_0018_3.jpg: corrupt JPEG restored and saved
train: /workspace/SawitMVC-Depth-YOLO-RGB/train/images/TOPAZ_I141_0018_4.jpg: corrupt JPEG restored and saved
train: /workspace/SawitMVC-Depth-YOLO-RGB/train/images/TOPAZ_I141_0021_1.jpg: corrupt JPEG restored and saved
train: /workspace/SawitMVC-Depth-YOLO-RGB/train/images/TOPAZ_I141_0021_2.jpg: corrupt JPEG restored and saved
train: /workspace/SawitMVC-Depth-YOLO-RGB/train/images/TOPAZ_I141_0021_3.jpg: corrupt JPEG restored and saved
train: /workspace/SawitMVC-Depth-YOLO-RGB/train/images/TOPAZ_I141_0021_4.jpg: corrupt JPEG restored and saved
train: /workspace/SawitMVC-Depth-YOLO-RGB/train/images/TOPAZ_I141_0022_1.jpg: corrupt JPEG restored and saved
train: /workspace/SawitMVC-Depth-YOLO-RGB/train/images/TOPAZ_I141_0022_2.jpg: corrupt JPEG restored and saved
train: /workspace/SawitMVC-Depth-YOLO-RGB/train/images/TOPAZ_I141_0022_3.jpg: corrupt JPEG restored and saved
train: /workspace/SawitMVC-Depth-YOLO-RGB/train/images/TOPAZ_I141_0022_4.jpg: corrupt JPEG restored and saved
train: /workspace/SawitMVC-Depth-YOLO-RGB/train/images/TOPAZ_I141_0023_1.jpg: corrupt JPEG restored and saved
train: /workspace/SawitMVC-Depth-YOLO-RGB/train/images/TOPAZ_I141_0023_2.jpg: corrupt JPEG restored and saved
train: /workspace/SawitMVC-Depth-YOLO-RGB/train/images/TOPAZ_I141_0023_3.jpg: corrupt JPEG restored and saved
train: /workspace/SawitMVC-Depth-YOLO-RGB/train/images/TOPAZ_I141_0023_4.jpg: corrupt JPEG restored and saved
train: /workspace/SawitMVC-Depth-YOLO-RGB/train/images/TOPAZ_I141_0025_1.jpg: corrupt JPEG restored and saved
train: /workspace/SawitMVC-Depth-YOLO-RGB/train/images/TOPAZ_I141_0025_2.jpg: corrupt JPEG restored and saved
train: /workspace/SawitMVC-Depth-YOLO-RGB/train/images/TOPAZ_I141_0025_3.jpg: corrupt JPEG restored and saved
train: /workspace/SawitMVC-Depth-YOLO-RGB/train/images/TOPAZ_I141_0025_4.jpg: corrupt JPEG restored and saved
train: /workspace/SawitMVC-Depth-YOLO-RGB/train/images/TOPAZ_I141_0027_1.jpg: corrupt JPEG restored and saved
train: /workspace/SawitMVC-Depth-YOLO-RGB/train/images/TOPAZ_I141_0027_2.jpg: corrupt JPEG restored and saved
train: /workspace/SawitMVC-Depth-YOLO-RGB/train/images/TOPAZ_I141_0027_3.jpg: corrupt JPEG restored and saved
train: /workspace/SawitMVC-Depth-YOLO-RGB/train/images/TOPAZ_I141_0027_4.jpg: corrupt JPEG restored and saved
train: /workspace/SawitMVC-Depth-YOLO-RGB/train/images/TOPAZ_I141_0028_1.jpg: corrupt JPEG restored and saved
train: /workspace/SawitMVC-Depth-YOLO-RGB/train/images/TOPAZ_I141_0028_2.jpg: corrupt JPEG restored and saved
train: /workspace/SawitMVC-Depth-YOLO-RGB/train/images/TOPAZ_I141_0028_3.jpg: corrupt JPEG restored and saved
train: /workspace/SawitMVC-Depth-YOLO-RGB/train/images/TOPAZ_I141_0028_4.jpg: corrupt JPEG restored and saved
train: /workspace/SawitMVC-Depth-YOLO-RGB/train/images/TOPAZ_I141_0029_1.jpg: corrupt JPEG restored and saved
train: /workspace/SawitMVC-Depth-YOLO-RGB/train/images/TOPAZ_I141_0029_2.jpg: corrupt JPEG restored and saved
train: /workspace/SawitMVC-Depth-YOLO-RGB/train/images/TOPAZ_I141_0029_3.jpg: corrupt JPEG restored and saved
train: /workspace/SawitMVC-Depth-YOLO-RGB/train/images/TOPAZ_I141_0029_4.jpg: corrupt JPEG restored and saved
train: /workspace/SawitMVC-Depth-YOLO-RGB/train/images/TOPAZ_I141_0031_1.jpg: corrupt JPEG restored and saved
train: /workspace/SawitMVC-Depth-YOLO-RGB/train/images/TOPAZ_I141_0031_2.jpg: corrupt JPEG restored and saved
train: /workspace/SawitMVC-Depth-YOLO-RGB/train/images/TOPAZ_I141_0031_3.jpg: corrupt JPEG restored and saved
train: /workspace/SawitMVC-Depth-YOLO-RGB/train/images/TOPAZ_I141_0031_4.jpg: corrupt JPEG restored and saved
train: /workspace/SawitMVC-Depth-YOLO-RGB/train/images/TOPAZ_I141_0033_1.jpg: corrupt JPEG restored and saved
train: /workspace/SawitMVC-Depth-YOLO-RGB/train/images/TOPAZ_I141_0033_2.jpg: corrupt JPEG restored and saved
train: /workspace/SawitMVC-Depth-YOLO-RGB/train/images/TOPAZ_I141_0033_3.jpg: corrupt JPEG restored and saved
train: /workspace/SawitMVC-Depth-YOLO-RGB/train/images/TOPAZ_I141_0033_4.jpg: corrupt JPEG restored and saved
train: /workspace/SawitMVC-Depth-YOLO-RGB/train/images/TOPAZ_I141_0034_1.jpg: corrupt JPEG restored and saved
train: /workspace/SawitMVC-Depth-YOLO-RGB/train/images/TOPAZ_I141_0034_2.jpg: corrupt JPEG restored and saved
train: /workspace/SawitMVC-Depth-YOLO-RGB/train/images/TOPAZ_I141_0034_3.jpg: corrupt JPEG restored and saved
train: /workspace/SawitMVC-Depth-YOLO-RGB/train/images/TOPAZ_I141_0034_4.jpg: corrupt JPEG restored and saved
train: /workspace/SawitMVC-Depth-YOLO-RGB/train/images/TOPAZ_I141_0035_1.jpg: corrupt JPEG restored and saved
train: /workspace/SawitMVC-Depth-YOLO-RGB/train/images/TOPAZ_I141_0035_2.jpg: corrupt JPEG restored and saved
train: /workspace/SawitMVC-Depth-YOLO-RGB/train/images/TOPAZ_I141_0035_3.jpg: corrupt JPEG restored and saved
train: /workspace/SawitMVC-Depth-YOLO-RGB/train/images/TOPAZ_I141_0035_4.jpg: corrupt JPEG restored and saved
train: /workspace/SawitMVC-Depth-YOLO-RGB/train/images/TOPAZ_I141_0036_1.jpg: corrupt JPEG restored and saved
train: /workspace/SawitMVC-Depth-YOLO-RGB/train/images/TOPAZ_I141_0036_2.jpg: corrupt JPEG restored and saved
train: /workspace/SawitMVC-Depth-YOLO-RGB/train/images/TOPAZ_I141_0036_3.jpg: corrupt JPEG restored and saved
train: /workspace/SawitMVC-Depth-YOLO-RGB/train/images/TOPAZ_I141_0036_4.jpg: corrupt JPEG restored and saved
train: /workspace/SawitMVC-Depth-YOLO-RGB/train/images/TOPAZ_I141_0037_1.jpg: corrupt JPEG restored and saved
train: /workspace/SawitMVC-Depth-YOLO-RGB/train/images/TOPAZ_I141_0037_2.jpg: corrupt JPEG restored and saved
train: /workspace/SawitMVC-Depth-YOLO-RGB/train/images/TOPAZ_I141_0037_3.jpg: corrupt JPEG restored and saved
train: /workspace/SawitMVC-Depth-YOLO-RGB/train/images/TOPAZ_I141_0037_4.jpg: corrupt JPEG restored and saved
train: /workspace/SawitMVC-Depth-YOLO-RGB/train/images/TOPAZ_I141_0038_1.jpg: corrupt JPEG restored and saved
train: /workspace/SawitMVC-Depth-YOLO-RGB/train/images/TOPAZ_I141_0038_2.jpg: corrupt JPEG restored and saved
train: /workspace/SawitMVC-Depth-YOLO-RGB/train/images/TOPAZ_I141_0038_3.jpg: corrupt JPEG restored and saved
train: /workspace/SawitMVC-Depth-YOLO-RGB/train/images/TOPAZ_I141_0038_4.jpg: corrupt JPEG restored and saved
train: /workspace/SawitMVC-Depth-YOLO-RGB/train/images/TOPAZ_I141_0040_1.jpg: corrupt JPEG restored and saved
train: /workspace/SawitMVC-Depth-YOLO-RGB/train/images/TOPAZ_I141_0040_2.jpg: corrupt JPEG restored and saved
train: /workspace/SawitMVC-Depth-YOLO-RGB/train/images/TOPAZ_I141_0040_3.jpg: corrupt JPEG restored and saved
train: /workspace/SawitMVC-Depth-YOLO-RGB/train/images/TOPAZ_I141_0040_4.jpg: corrupt JPEG restored and saved
train: /workspace/SawitMVC-Depth-YOLO-RGB/train/images/TOPAZ_I141_0041_1.jpg: corrupt JPEG restored and saved
train: /workspace/SawitMVC-Depth-YOLO-RGB/train/images/TOPAZ_I141_0041_2.jpg: corrupt JPEG restored and saved
train: /workspace/SawitMVC-Depth-YOLO-RGB/train/images/TOPAZ_I141_0041_3.jpg: corrupt JPEG restored and saved
train: /workspace/SawitMVC-Depth-YOLO-RGB/train/images/TOPAZ_I141_0041_4.jpg: corrupt JPEG restored and saved
train: /workspace/SawitMVC-Depth-YOLO-RGB/train/images/TOPAZ_I141_0042_1.jpg: corrupt JPEG restored and saved
train: /workspace/SawitMVC-Depth-YOLO-RGB/train/images/TOPAZ_I141_0042_2.jpg: corrupt JPEG restored and saved
train: /workspace/SawitMVC-Depth-YOLO-RGB/train/images/TOPAZ_I141_0042_3.jpg: corrupt JPEG restored and saved
train: /workspace/SawitMVC-Depth-YOLO-RGB/train/images/TOPAZ_I141_0042_4.jpg: corrupt JPEG restored and saved
train: /workspace/SawitMVC-Depth-YOLO-RGB/train/images/TOPAZ_I141_0043_1.jpg: corrupt JPEG restored and saved
train: /workspace/SawitMVC-Depth-YOLO-RGB/train/images/TOPAZ_I141_0043_2.jpg: corrupt JPEG restored and saved
train: /workspace/SawitMVC-Depth-YOLO-RGB/train/images/TOPAZ_I141_0043_3.jpg: corrupt JPEG restored and saved
train: /workspace/SawitMVC-Depth-YOLO-RGB/train/images/TOPAZ_I141_0043_4.jpg: corrupt JPEG restored and saved
train: /workspace/SawitMVC-Depth-YOLO-RGB/train/images/TOPAZ_I141_0044_1.jpg: corrupt JPEG restored and saved
train: /workspace/SawitMVC-Depth-YOLO-RGB/train/images/TOPAZ_I141_0044_2.jpg: corrupt JPEG restored and saved
train: /workspace/SawitMVC-Depth-YOLO-RGB/train/images/TOPAZ_I141_0044_3.jpg: corrupt JPEG restored and saved
train: /workspace/SawitMVC-Depth-YOLO-RGB/train/images/TOPAZ_I141_0044_4.jpg: corrupt JPEG restored and saved
train: /workspace/SawitMVC-Depth-YOLO-RGB/train/images/TOPAZ_I141_0045_1.jpg: corrupt JPEG restored and saved
train: /workspace/SawitMVC-Depth-YOLO-RGB/train/images/TOPAZ_I141_0045_2.jpg: corrupt JPEG restored and saved
train: /workspace/SawitMVC-Depth-YOLO-RGB/train/images/TOPAZ_I141_0045_3.jpg: corrupt JPEG restored and saved
train: /workspace/SawitMVC-Depth-YOLO-RGB/train/images/TOPAZ_I141_0045_4.jpg: corrupt JPEG restored and saved
train: /workspace/SawitMVC-Depth-YOLO-RGB/train/images/TOPAZ_I141_0049_1.jpg: corrupt JPEG restored and saved
train: /workspace/SawitMVC-Depth-YOLO-RGB/train/images/TOPAZ_I141_0049_2.jpg: corrupt JPEG restored and saved
train: /workspace/SawitMVC-Depth-YOLO-RGB/train/images/TOPAZ_I141_0049_3.jpg: corrupt JPEG restored and saved
train: /workspace/SawitMVC-Depth-YOLO-RGB/train/images/TOPAZ_I141_0049_4.jpg: corrupt JPEG restored and saved
train: /workspace/SawitMVC-Depth-YOLO-RGB/train/images/TOPAZ_I141_0050_1.jpg: corrupt JPEG restored and saved
train: /workspace/SawitMVC-Depth-YOLO-RGB/train/images/TOPAZ_I141_0050_2.jpg: corrupt JPEG restored and saved
train: /workspace/SawitMVC-Depth-YOLO-RGB/train/images/TOPAZ_I141_0050_3.jpg: corrupt JPEG restored and saved
train: /workspace/SawitMVC-Depth-YOLO-RGB/train/images/TOPAZ_I141_0050_4.jpg: corrupt JPEG restored and saved
train: /workspace/SawitMVC-Depth-YOLO-RGB/train/images/TOPAZ_I141_0051_1.jpg: corrupt JPEG restored and saved
train: /workspace/SawitMVC-Depth-YOLO-RGB/train/images/TOPAZ_I141_0051_2.jpg: corrupt JPEG restored and saved
train: /workspace/SawitMVC-Depth-YOLO-RGB/train/images/TOPAZ_I141_0051_3.jpg: corrupt JPEG restored and saved
train: /workspace/SawitMVC-Depth-YOLO-RGB/train/images/TOPAZ_I141_0051_4.jpg: corrupt JPEG restored and saved
train: /workspace/SawitMVC-Depth-YOLO-RGB/train/images/TOPAZ_I141_0052_1.jpg: corrupt JPEG restored and saved
train: /workspace/SawitMVC-Depth-YOLO-RGB/train/images/TOPAZ_I141_0052_2.jpg: corrupt JPEG restored and saved
train: /workspace/SawitMVC-Depth-YOLO-RGB/train/images/TOPAZ_I141_0052_3.jpg: corrupt JPEG restored and saved
train: /workspace/SawitMVC-Depth-YOLO-RGB/train/images/TOPAZ_I141_0052_4.jpg: corrupt JPEG restored and saved
train: /workspace/SawitMVC-Depth-YOLO-RGB/train/images/TOPAZ_I141_0053_1.jpg: corrupt JPEG restored and saved
train: /workspace/SawitMVC-Depth-YOLO-RGB/train/images/TOPAZ_I141_0053_2.jpg: corrupt JPEG restored and saved
train: /workspace/SawitMVC-Depth-YOLO-RGB/train/images/TOPAZ_I141_0053_3.jpg: corrupt JPEG restored and saved
train: /workspace/SawitMVC-Depth-YOLO-RGB/train/images/TOPAZ_I141_0053_4.jpg: corrupt JPEG restored and saved
train: /workspace/SawitMVC-Depth-YOLO-RGB/train/images/TOPAZ_I141_0054_1.jpg: corrupt JPEG restored and saved
train: /workspace/SawitMVC-Depth-YOLO-RGB/train/images/TOPAZ_I141_0054_2.jpg: corrupt JPEG restored and saved
train: /workspace/SawitMVC-Depth-YOLO-RGB/train/images/TOPAZ_I141_0054_3.jpg: corrupt JPEG restored and saved
train: /workspace/SawitMVC-Depth-YOLO-RGB/train/images/TOPAZ_I141_0054_4.jpg: corrupt JPEG restored and saved
train: /workspace/SawitMVC-Depth-YOLO-RGB/train/images/TOPAZ_I141_0055_1.jpg: corrupt JPEG restored and saved
train: /workspace/SawitMVC-Depth-YOLO-RGB/train/images/TOPAZ_I141_0055_2.jpg: corrupt JPEG restored and saved
train: /workspace/SawitMVC-Depth-YOLO-RGB/train/images/TOPAZ_I141_0055_3.jpg: corrupt JPEG restored and saved
train: /workspace/SawitMVC-Depth-YOLO-RGB/train/images/TOPAZ_I141_0055_4.jpg: corrupt JPEG restored and saved
train: /workspace/SawitMVC-Depth-YOLO-RGB/train/images/TOPAZ_I141_0056_1.jpg: corrupt JPEG restored and saved
train: /workspace/SawitMVC-Depth-YOLO-RGB/train/images/TOPAZ_I141_0056_2.jpg: corrupt JPEG restored and saved
train: /workspace/SawitMVC-Depth-YOLO-RGB/train/images/TOPAZ_I141_0056_3.jpg: corrupt JPEG restored and saved
train: /workspace/SawitMVC-Depth-YOLO-RGB/train/images/TOPAZ_I141_0056_4.jpg: corrupt JPEG restored and saved
train: /workspace/SawitMVC-Depth-YOLO-RGB/train/images/TOPAZ_I141_0057_1.jpg: corrupt JPEG restored and saved
train: /workspace/SawitMVC-Depth-YOLO-RGB/train/images/TOPAZ_I141_0057_2.jpg: corrupt JPEG restored and saved
train: /workspace/SawitMVC-Depth-YOLO-RGB/train/images/TOPAZ_I141_0057_3.jpg: corrupt JPEG restored and saved
train: /workspace/SawitMVC-Depth-YOLO-RGB/train/images/TOPAZ_I141_0057_4.jpg: corrupt JPEG restored and saved
train: /workspace/SawitMVC-Depth-YOLO-RGB/train/images/TOPAZ_I141_0059_1.jpg: corrupt JPEG restored and saved
train: /workspace/SawitMVC-Depth-YOLO-RGB/train/images/TOPAZ_I141_0059_2.jpg: corrupt JPEG restored and saved
train: /workspace/SawitMVC-Depth-YOLO-RGB/train/images/TOPAZ_I141_0059_3.jpg: corrupt JPEG restored and saved
train: /workspace/SawitMVC-Depth-YOLO-RGB/train/images/TOPAZ_I141_0059_4.jpg: corrupt JPEG restored and saved
train: /workspace/SawitMVC-Depth-YOLO-RGB/train/images/TOPAZ_I141_0061_1.jpg: corrupt JPEG restored and saved
train: /workspace/SawitMVC-Depth-YOLO-RGB/train/images/TOPAZ_I141_0061_2.jpg: corrupt JPEG restored and saved
train: /workspace/SawitMVC-Depth-YOLO-RGB/train/images/TOPAZ_I141_0061_3.jpg: corrupt JPEG restored and saved
train: /workspace/SawitMVC-Depth-YOLO-RGB/train/images/TOPAZ_I141_0061_4.jpg: corrupt JPEG restored and saved
train: /workspace/SawitMVC-Depth-YOLO-RGB/train/images/TOPAZ_I141_0062_1.jpg: corrupt JPEG restored and saved
train: /workspace/SawitMVC-Depth-YOLO-RGB/train/images/TOPAZ_I141_0062_2.jpg: corrupt JPEG restored and saved
train: /workspace/SawitMVC-Depth-YOLO-RGB/train/images/TOPAZ_I141_0062_3.jpg: corrupt JPEG restored and saved
train: /workspace/SawitMVC-Depth-YOLO-RGB/train/images/TOPAZ_I141_0062_4.jpg: corrupt JPEG restored and saved
train: /workspace/SawitMVC-Depth-YOLO-RGB/train/images/TOPAZ_I141_0064_1.jpg: corrupt JPEG restored and saved
train: /workspace/SawitMVC-Depth-YOLO-RGB/train/images/TOPAZ_I141_0064_2.jpg: corrupt JPEG restored and saved
train: /workspace/SawitMVC-Depth-YOLO-RGB/train/images/TOPAZ_I141_0064_3.jpg: corrupt JPEG restored and saved
train: /workspace/SawitMVC-Depth-YOLO-RGB/train/images/TOPAZ_I141_0064_4.jpg: corrupt JPEG restored and saved
train: /workspace/SawitMVC-Depth-YOLO-RGB/train/images/TOPAZ_I141_0065_1.jpg: corrupt JPEG restored and saved
train: /workspace/SawitMVC-Depth-YOLO-RGB/train/images/TOPAZ_I141_0065_2.jpg: corrupt JPEG restored and saved
train: /workspace/SawitMVC-Depth-YOLO-RGB/train/images/TOPAZ_I141_0065_3.jpg: corrupt JPEG restored and saved
train: /workspace/SawitMVC-Depth-YOLO-RGB/train/images/TOPAZ_I141_0065_4.jpg: corrupt JPEG restored and saved
train: /workspace/SawitMVC-Depth-YOLO-RGB/train/images/TOPAZ_I141_0067_1.jpg: corrupt JPEG restored and saved
train: /workspace/SawitMVC-Depth-YOLO-RGB/train/images/TOPAZ_I141_0067_2.jpg: corrupt JPEG restored and saved
train: /workspace/SawitMVC-Depth-YOLO-RGB/train/images/TOPAZ_I141_0067_3.jpg: corrupt JPEG restored and saved
train: /workspace/SawitMVC-Depth-YOLO-RGB/train/images/TOPAZ_I141_0067_4.jpg: corrupt JPEG restored and saved
train: /workspace/SawitMVC-Depth-YOLO-RGB/train/images/TOPAZ_I141_0069_1.jpg: corrupt JPEG restored and saved
train: /workspace/SawitMVC-Depth-YOLO-RGB/train/images/TOPAZ_I141_0069_2.jpg: corrupt JPEG restored and saved
train: /workspace/SawitMVC-Depth-YOLO-RGB/train/images/TOPAZ_I141_0069_3.jpg: corrupt JPEG restored and saved
train: /workspace/SawitMVC-Depth-YOLO-RGB/train/images/TOPAZ_I141_0069_4.jpg: corrupt JPEG restored and saved
train: /workspace/SawitMVC-Depth-YOLO-RGB/train/images/TOPAZ_I141_0070_1.jpg: corrupt JPEG restored and saved
train: /workspace/SawitMVC-Depth-YOLO-RGB/train/images/TOPAZ_I141_0070_2.jpg: corrupt JPEG restored and saved
train: /workspace/SawitMVC-Depth-YOLO-RGB/train/images/TOPAZ_I141_0070_3.jpg: corrupt JPEG restored and saved
train: /workspace/SawitMVC-Depth-YOLO-RGB/train/images/TOPAZ_I141_0070_4.jpg: corrupt JPEG restored and saved
train: /workspace/SawitMVC-Depth-YOLO-RGB/train/images/TOPAZ_I141_0071_1.jpg: corrupt JPEG restored and saved
train: /workspace/SawitMVC-Depth-YOLO-RGB/train/images/TOPAZ_I141_0071_2.jpg: corrupt JPEG restored and saved
train: /workspace/SawitMVC-Depth-YOLO-RGB/train/images/TOPAZ_I141_0071_3.jpg: corrupt JPEG restored and saved
train: /workspace/SawitMVC-Depth-YOLO-RGB/train/images/TOPAZ_I141_0071_4.jpg: corrupt JPEG restored and saved
train: /workspace/SawitMVC-Depth-YOLO-RGB/train/images/TOPAZ_I141_0073_1.jpg: corrupt JPEG restored and saved
train: /workspace/SawitMVC-Depth-YOLO-RGB/train/images/TOPAZ_I141_0073_2.jpg: corrupt JPEG restored and saved
train: /workspace/SawitMVC-Depth-YOLO-RGB/train/images/TOPAZ_I141_0073_3.jpg: corrupt JPEG restored and saved
train: /workspace/SawitMVC-Depth-YOLO-RGB/train/images/TOPAZ_I141_0073_4.jpg: corrupt JPEG restored and saved
train: /workspace/SawitMVC-Depth-YOLO-RGB/train/images/TOPAZ_I141_0074_1.jpg: corrupt JPEG restored and saved
train: /workspace/SawitMVC-Depth-YOLO-RGB/train/images/TOPAZ_I141_0074_2.jpg: corrupt JPEG restored and saved
train: /workspace/SawitMVC-Depth-YOLO-RGB/train/images/TOPAZ_I141_0074_3.jpg: corrupt JPEG restored and saved
train: /workspace/SawitMVC-Depth-YOLO-RGB/train/images/TOPAZ_I141_0074_4.jpg: corrupt JPEG restored and saved
train: /workspace/SawitMVC-Depth-YOLO-RGB/train/images/TOPAZ_I141_0075_1.jpg: corrupt JPEG restored and saved
train: /workspace/SawitMVC-Depth-YOLO-RGB/train/images/TOPAZ_I141_0075_2.jpg: corrupt JPEG restored and saved
train: /workspace/SawitMVC-Depth-YOLO-RGB/train/images/TOPAZ_I141_0075_3.jpg: corrupt JPEG restored and saved
train: /workspace/SawitMVC-Depth-YOLO-RGB/train/images/TOPAZ_I141_0075_4.jpg: corrupt JPEG restored and saved
train: /workspace/SawitMVC-Depth-YOLO-RGB/train/images/TOPAZ_I141_0076_1.jpg: corrupt JPEG restored and saved
train: /workspace/SawitMVC-Depth-YOLO-RGB/train/images/TOPAZ_I141_0076_2.jpg: corrupt JPEG restored and saved
train: /workspace/SawitMVC-Depth-YOLO-RGB/train/images/TOPAZ_I141_0076_3.jpg: corrupt JPEG restored and saved
train: /workspace/SawitMVC-Depth-YOLO-RGB/train/images/TOPAZ_I141_0076_4.jpg: corrupt JPEG restored and saved
train: /workspace/SawitMVC-Depth-YOLO-RGB/train/images/TOPAZ_I141_0077_1.jpg: corrupt JPEG restored and saved
train: /workspace/SawitMVC-Depth-YOLO-RGB/train/images/TOPAZ_I141_0077_2.jpg: corrupt JPEG restored and saved
train: /workspace/SawitMVC-Depth-YOLO-RGB/train/images/TOPAZ_I141_0077_3.jpg: corrupt JPEG restored and saved
train: /workspace/SawitMVC-Depth-YOLO-RGB/train/images/TOPAZ_I141_0077_4.jpg: corrupt JPEG restored and saved
train: /workspace/SawitMVC-Depth-YOLO-RGB/train/images/TOPAZ_I141_0078_1.jpg: corrupt JPEG restored and saved
train: /workspace/SawitMVC-Depth-YOLO-RGB/train/images/TOPAZ_I141_0078_2.jpg: corrupt JPEG restored and saved
train: /workspace/SawitMVC-Depth-YOLO-RGB/train/images/TOPAZ_I141_0078_3.jpg: corrupt JPEG restored and saved
train: /workspace/SawitMVC-Depth-YOLO-RGB/train/images/TOPAZ_I141_0078_4.jpg: corrupt JPEG restored and saved
train: /workspace/SawitMVC-Depth-YOLO-RGB/train/images/TOPAZ_I141_0082_1.jpg: corrupt JPEG restored and saved
train: /workspace/SawitMVC-Depth-YOLO-RGB/train/images/TOPAZ_I141_0082_2.jpg: corrupt JPEG restored and saved
train: /workspace/SawitMVC-Depth-YOLO-RGB/train/images/TOPAZ_I141_0082_3.jpg: corrupt JPEG restored and saved
train: /workspace/SawitMVC-Depth-YOLO-RGB/train/images/TOPAZ_I141_0082_4.jpg: corrupt JPEG restored and saved
train: /workspace/SawitMVC-Depth-YOLO-RGB/train/images/TOPAZ_I141_0083_1.jpg: corrupt JPEG restored and saved
train: /workspace/SawitMVC-Depth-YOLO-RGB/train/images/TOPAZ_I141_0083_2.jpg: corrupt JPEG restored and saved
train: /workspace/SawitMVC-Depth-YOLO-RGB/train/images/TOPAZ_I141_0083_3.jpg: corrupt JPEG restored and saved
train: /workspace/SawitMVC-Depth-YOLO-RGB/train/images/TOPAZ_I141_0083_4.jpg: corrupt JPEG restored and saved
train: /workspace/SawitMVC-Depth-YOLO-RGB/train/images/TOPAZ_I141_0084_1.jpg: corrupt JPEG restored and saved
train: /workspace/SawitMVC-Depth-YOLO-RGB/train/images/TOPAZ_I141_0084_2.jpg: corrupt JPEG restored and saved
train: /workspace/SawitMVC-Depth-YOLO-RGB/train/images/TOPAZ_I141_0084_3.jpg: corrupt JPEG restored and saved
train: /workspace/SawitMVC-Depth-YOLO-RGB/train/images/TOPAZ_I141_0084_4.jpg: corrupt JPEG restored and saved
train: /workspace/SawitMVC-Depth-YOLO-RGB/train/images/TOPAZ_I141_0085_1.jpg: corrupt JPEG restored and saved
train: /workspace/SawitMVC-Depth-YOLO-RGB/train/images/TOPAZ_I141_0085_2.jpg: corrupt JPEG restored and saved
train: /workspace/SawitMVC-Depth-YOLO-RGB/train/images/TOPAZ_I141_0085_3.jpg: corrupt JPEG restored and saved
train: /workspace/SawitMVC-Depth-YOLO-RGB/train/images/TOPAZ_I141_0085_4.jpg: corrupt JPEG restored and saved
train: /workspace/SawitMVC-Depth-YOLO-RGB/train/images/TOPAZ_I141_0086_1.jpg: corrupt JPEG restored and saved
train: /workspace/SawitMVC-Depth-YOLO-RGB/train/images/TOPAZ_I141_0086_2.jpg: corrupt JPEG restored and saved
train: /workspace/SawitMVC-Depth-YOLO-RGB/train/images/TOPAZ_I141_0086_3.jpg: corrupt JPEG restored and saved
train: /workspace/SawitMVC-Depth-YOLO-RGB/train/images/TOPAZ_I141_0086_4.jpg: corrupt JPEG restored and saved
train: /workspace/SawitMVC-Depth-YOLO-RGB/train/images/TOPAZ_I141_0088_1.jpg: corrupt JPEG restored and saved
train: /workspace/SawitMVC-Depth-YOLO-RGB/train/images/TOPAZ_I141_0088_2.jpg: corrupt JPEG restored and saved
train: /workspace/SawitMVC-Depth-YOLO-RGB/train/images/TOPAZ_I141_0088_3.jpg: corrupt JPEG restored and saved
train: /workspace/SawitMVC-Depth-YOLO-RGB/train/images/TOPAZ_I141_0088_4.jpg: corrupt JPEG restored and saved
train: /workspace/SawitMVC-Depth-YOLO-RGB/train/images/TOPAZ_I141_0090_1.jpg: corrupt JPEG restored and saved
train: /workspace/SawitMVC-Depth-YOLO-RGB/train/images/TOPAZ_I141_0090_2.jpg: corrupt JPEG restored and saved
train: /workspace/SawitMVC-Depth-YOLO-RGB/train/images/TOPAZ_I141_0090_3.jpg: corrupt JPEG restored and saved
train: /workspace/SawitMVC-Depth-YOLO-RGB/train/images/TOPAZ_I141_0090_4.jpg: corrupt JPEG restored and saved
train: /workspace/SawitMVC-Depth-YOLO-RGB/train/images/TOPAZ_I141_0091_1.jpg: corrupt JPEG restored and saved
train: /workspace/SawitMVC-Depth-YOLO-RGB/train/images/TOPAZ_I141_0091_2.jpg: corrupt JPEG restored and saved
train: /workspace/SawitMVC-Depth-YOLO-RGB/train/images/TOPAZ_I141_0091_3.jpg: corrupt JPEG restored and saved
train: /workspace/SawitMVC-Depth-YOLO-RGB/train/images/TOPAZ_I141_0091_4.jpg: corrupt JPEG restored and saved
train: /workspace/SawitMVC-Depth-YOLO-RGB/train/images/TOPAZ_I141_0095_1.jpg: corrupt JPEG restored and saved
train: /workspace/SawitMVC-Depth-YOLO-RGB/train/images/TOPAZ_I141_0095_2.jpg: corrupt JPEG restored and saved
train: /workspace/SawitMVC-Depth-YOLO-RGB/train/images/TOPAZ_I141_0095_3.jpg: corrupt JPEG restored and saved
train: /workspace/SawitMVC-Depth-YOLO-RGB/train/images/TOPAZ_I141_0095_4.jpg: corrupt JPEG restored and saved
train: /workspace/SawitMVC-Depth-YOLO-RGB/train/images/TOPAZ_I141_0096_1.jpg: corrupt JPEG restored and saved
train: /workspace/SawitMVC-Depth-YOLO-RGB/train/images/TOPAZ_I141_0096_2.jpg: corrupt JPEG restored and saved
train: /workspace/SawitMVC-Depth-YOLO-RGB/train/images/TOPAZ_I141_0096_3.jpg: corrupt JPEG restored and saved
train: /workspace/SawitMVC-Depth-YOLO-RGB/train/images/TOPAZ_I141_0096_4.jpg: corrupt JPEG restored and saved
train: /workspace/SawitMVC-Depth-YOLO-RGB/train/images/TOPAZ_I141_0097_1.jpg: corrupt JPEG restored and saved
train: /workspace/SawitMVC-Depth-YOLO-RGB/train/images/TOPAZ_I141_0097_2.jpg: corrupt JPEG restored and saved
train: /workspace/SawitMVC-Depth-YOLO-RGB/train/images/TOPAZ_I141_0097_3.jpg: corrupt JPEG restored and saved
train: /workspace/SawitMVC-Depth-YOLO-RGB/train/images/TOPAZ_I141_0097_4.jpg: corrupt JPEG restored and saved
train: /workspace/SawitMVC-Depth-YOLO-RGB/train/images/TOPAZ_I141_0099_1.jpg: corrupt JPEG restored and saved
train: /workspace/SawitMVC-Depth-YOLO-RGB/train/images/TOPAZ_I141_0099_2.jpg: corrupt JPEG restored and saved
train: /workspace/SawitMVC-Depth-YOLO-RGB/train/images/TOPAZ_I141_0099_3.jpg: corrupt JPEG restored and saved
train: /workspace/SawitMVC-Depth-YOLO-RGB/train/images/TOPAZ_I141_0099_4.jpg: corrupt JPEG restored and saved
train: /workspace/SawitMVC-Depth-YOLO-RGB/train/images/TOPAZ_I141_0100_1.jpg: corrupt JPEG restored and saved
train: /workspace/SawitMVC-Depth-YOLO-RGB/train/images/TOPAZ_I141_0100_2.jpg: corrupt JPEG restored and saved
train: /workspace/SawitMVC-Depth-YOLO-RGB/train/images/TOPAZ_I141_0100_3.jpg: corrupt JPEG restored and saved
train: /workspace/SawitMVC-Depth-YOLO-RGB/train/images/TOPAZ_I141_0100_4.jpg: corrupt JPEG restored and saved
train: /workspace/SawitMVC-Depth-YOLO-RGB/train/images/TOPAZ_I141_0101_1.jpg: corrupt JPEG restored and saved
train: /workspace/SawitMVC-Depth-YOLO-RGB/train/images/TOPAZ_I141_0101_2.jpg: corrupt JPEG restored and saved
train: /workspace/SawitMVC-Depth-YOLO-RGB/train/images/TOPAZ_I141_0101_3.jpg: corrupt JPEG restored and saved
train: /workspace/SawitMVC-Depth-YOLO-RGB/train/images/TOPAZ_I141_0101_4.jpg: corrupt JPEG restored and saved
train: /workspace/SawitMVC-Depth-YOLO-RGB/train/images/TOPAZ_I141_0102_1.jpg: corrupt JPEG restored and saved
train: /workspace/SawitMVC-Depth-YOLO-RGB/train/images/TOPAZ_I141_0102_2.jpg: corrupt JPEG restored and saved
train: /workspace/SawitMVC-Depth-YOLO-RGB/train/images/TOPAZ_I141_0102_3.jpg: corrupt JPEG restored and saved
train: /workspace/SawitMVC-Depth-YOLO-RGB/train/images/TOPAZ_I141_0102_4.jpg: corrupt JPEG restored and saved
train: /workspace/SawitMVC-Depth-YOLO-RGB/train/images/TOPAZ_I141_0103_1.jpg: corrupt JPEG restored and saved
train: /workspace/SawitMVC-Depth-YOLO-RGB/train/images/TOPAZ_I141_0103_2.jpg: corrupt JPEG restored and saved
train: /workspace/SawitMVC-Depth-YOLO-RGB/train/images/TOPAZ_I141_0103_3.jpg: corrupt JPEG restored and saved
train: /workspace/SawitMVC-Depth-YOLO-RGB/train/images/TOPAZ_I141_0103_4.jpg: corrupt JPEG restored and saved
train: /workspace/SawitMVC-Depth-YOLO-RGB/train/images/TOPAZ_I141_0105_1.jpg: corrupt JPEG restored and saved
train: /workspace/SawitMVC-Depth-YOLO-RGB/train/images/TOPAZ_I141_0105_2.jpg: corrupt JPEG restored and saved
train: /workspace/SawitMVC-Depth-YOLO-RGB/train/images/TOPAZ_I141_0105_3.jpg: corrupt JPEG restored and saved
train: /workspace/SawitMVC-Depth-YOLO-RGB/train/images/TOPAZ_I141_0105_4.jpg: corrupt JPEG restored and saved
train: /workspace/SawitMVC-Depth-YOLO-RGB/train/images/TOPAZ_I19_0001_1.jpg: corrupt JPEG restored and saved
train: /workspace/SawitMVC-Depth-YOLO-RGB/train/images/TOPAZ_I19_0001_2.jpg: corrupt JPEG restored and saved
train: /workspace/SawitMVC-Depth-YOLO-RGB/train/images/TOPAZ_I19_0001_3.jpg: corrupt JPEG restored and saved
train: /workspace/SawitMVC-Depth-YOLO-RGB/train/images/TOPAZ_I19_0001_4.jpg: corrupt JPEG restored and saved
train: /workspace/SawitMVC-Depth-YOLO-RGB/train/images/TOPAZ_I19_0002_1.jpg: corrupt JPEG restored and saved
train: /workspace/SawitMVC-Depth-YOLO-RGB/train/images/TOPAZ_I19_0002_2.jpg: corrupt JPEG restored and saved
train: /workspace/SawitMVC-Depth-YOLO-RGB/train/images/TOPAZ_I19_0002_3.jpg: corrupt JPEG restored and saved
train: /workspace/SawitMVC-Depth-YOLO-RGB/train/images/TOPAZ_I19_0002_4.jpg: corrupt JPEG restored and saved
train: /workspace/SawitMVC-Depth-YOLO-RGB/train/images/TOPAZ_I19_0003_1.jpg: corrupt JPEG restored and saved
train: /workspace/SawitMVC-Depth-YOLO-RGB/train/images/TOPAZ_I19_0003_2.jpg: corrupt JPEG restored and saved
train: /workspace/SawitMVC-Depth-YOLO-RGB/train/images/TOPAZ_I19_0003_3.jpg: corrupt JPEG restored and saved
train: /workspace/SawitMVC-Depth-YOLO-RGB/train/images/TOPAZ_I19_0003_4.jpg: corrupt JPEG restored and saved
train: /workspace/SawitMVC-Depth-YOLO-RGB/train/images/TOPAZ_I19_0007_1.jpg: corrupt JPEG restored and saved
train: /workspace/SawitMVC-Depth-YOLO-RGB/train/images/TOPAZ_I19_0007_2.jpg: corrupt JPEG restored and saved
train: /workspace/SawitMVC-Depth-YOLO-RGB/train/images/TOPAZ_I19_0007_3.jpg: corrupt JPEG restored and saved
train: /workspace/SawitMVC-Depth-YOLO-RGB/train/images/TOPAZ_I19_0007_4.jpg: corrupt JPEG restored and saved
train: /workspace/SawitMVC-Depth-YOLO-RGB/train/images/TOPAZ_I19_0008_1.jpg: corrupt JPEG restored and saved
train: /workspace/SawitMVC-Depth-YOLO-RGB/train/images/TOPAZ_I19_0008_2.jpg: corrupt JPEG restored and saved
train: /workspace/SawitMVC-Depth-YOLO-RGB/train/images/TOPAZ_I19_0008_3.jpg: corrupt JPEG restored and saved
train: /workspace/SawitMVC-Depth-YOLO-RGB/train/images/TOPAZ_I19_0008_4.jpg: corrupt JPEG restored and saved
train: /workspace/SawitMVC-Depth-YOLO-RGB/train/images/TOPAZ_I19_0010_1.jpg: corrupt JPEG restored and saved
train: /workspace/SawitMVC-Depth-YOLO-RGB/train/images/TOPAZ_I19_0010_2.jpg: corrupt JPEG restored and saved
train: /workspace/SawitMVC-Depth-YOLO-RGB/train/images/TOPAZ_I19_0010_3.jpg: corrupt JPEG restored and saved
train: /workspace/SawitMVC-Depth-YOLO-RGB/train/images/TOPAZ_I19_0010_4.jpg: corrupt JPEG restored and saved
train: /workspace/SawitMVC-Depth-YOLO-RGB/train/images/TOPAZ_I19_0012_1.jpg: corrupt JPEG restored and saved
train: /workspace/SawitMVC-Depth-YOLO-RGB/train/images/TOPAZ_I19_0012_2.jpg: corrupt JPEG restored and saved
train: /workspace/SawitMVC-Depth-YOLO-RGB/train/images/TOPAZ_I19_0012_3.jpg: corrupt JPEG restored and saved
train: /workspace/SawitMVC-Depth-YOLO-RGB/train/images/TOPAZ_I19_0012_4.jpg: corrupt JPEG restored and saved
train: /workspace/SawitMVC-Depth-YOLO-RGB/train/images/TOPAZ_I19_0013_1.jpg: corrupt JPEG restored and saved
train: /workspace/SawitMVC-Depth-YOLO-RGB/train/images/TOPAZ_I19_0013_2.jpg: corrupt JPEG restored and saved
train: /workspace/SawitMVC-Depth-YOLO-RGB/train/images/TOPAZ_I19_0013_3.jpg: corrupt JPEG restored and saved
train: /workspace/SawitMVC-Depth-YOLO-RGB/train/images/TOPAZ_I19_0013_4.jpg: corrupt JPEG restored and saved
train: /workspace/SawitMVC-Depth-YOLO-RGB/train/images/TOPAZ_I19_0014_1.jpg: corrupt JPEG restored and saved
train: /workspace/SawitMVC-Depth-YOLO-RGB/train/images/TOPAZ_I19_0014_2.jpg: corrupt JPEG restored and saved
train: /workspace/SawitMVC-Depth-YOLO-RGB/train/images/TOPAZ_I19_0014_3.jpg: corrupt JPEG restored and saved
train: /workspace/SawitMVC-Depth-YOLO-RGB/train/images/TOPAZ_I19_0014_4.jpg: corrupt JPEG restored and saved
train: /workspace/SawitMVC-Depth-YOLO-RGB/train/images/TOPAZ_I19_0015_1.jpg: corrupt JPEG restored and saved
train: /workspace/SawitMVC-Depth-YOLO-RGB/train/images/TOPAZ_I19_0015_2.jpg: corrupt JPEG restored and saved
train: /workspace/SawitMVC-Depth-YOLO-RGB/train/images/TOPAZ_I19_0015_3.jpg: corrupt JPEG restored and saved
train: /workspace/SawitMVC-Depth-YOLO-RGB/train/images/TOPAZ_I19_0015_4.jpg: corrupt JPEG restored and saved
train: /workspace/SawitMVC-Depth-YOLO-RGB/train/images/TOPAZ_I19_0016_1.jpg: corrupt JPEG restored and saved
train: /workspace/SawitMVC-Depth-YOLO-RGB/train/images/TOPAZ_I19_0016_2.jpg: corrupt JPEG restored and saved
train: /workspace/SawitMVC-Depth-YOLO-RGB/train/images/TOPAZ_I19_0016_3.jpg: corrupt JPEG restored and saved
train: /workspace/SawitMVC-Depth-YOLO-RGB/train/images/TOPAZ_I19_0016_4.jpg: corrupt JPEG restored and saved
train: /workspace/SawitMVC-Depth-YOLO-RGB/train/images/TOPAZ_I19_0017_1.jpg: corrupt JPEG restored and saved
train: /workspace/SawitMVC-Depth-YOLO-RGB/train/images/TOPAZ_I19_0017_2.jpg: corrupt JPEG restored and saved
train: /workspace/SawitMVC-Depth-YOLO-RGB/train/images/TOPAZ_I19_0017_3.jpg: corrupt JPEG restored and saved
train: /workspace/SawitMVC-Depth-YOLO-RGB/train/images/TOPAZ_I19_0017_4.jpg: corrupt JPEG restored and saved
train: /workspace/SawitMVC-Depth-YOLO-RGB/train/images/TOPAZ_I19_0018_1.jpg: corrupt JPEG restored and saved
train: /workspace/SawitMVC-Depth-YOLO-RGB/train/images/TOPAZ_I19_0018_2.jpg: corrupt JPEG restored and saved
train: /workspace/SawitMVC-Depth-YOLO-RGB/train/images/TOPAZ_I19_0018_3.jpg: corrupt JPEG restored and saved
train: /workspace/SawitMVC-Depth-YOLO-RGB/train/images/TOPAZ_I19_0018_4.jpg: corrupt JPEG restored and saved
train: /workspace/SawitMVC-Depth-YOLO-RGB/train/images/TOPAZ_I19_0019_1.jpg: corrupt JPEG restored and saved
train: /workspace/SawitMVC-Depth-YOLO-RGB/train/images/TOPAZ_I19_0019_2.jpg: corrupt JPEG restored and saved
train: /workspace/SawitMVC-Depth-YOLO-RGB/train/images/TOPAZ_I19_0019_3.jpg: corrupt JPEG restored and saved
train: /workspace/SawitMVC-Depth-YOLO-RGB/train/images/TOPAZ_I19_0019_4.jpg: corrupt JPEG restored and saved
train: /workspace/SawitMVC-Depth-YOLO-RGB/train/images/TOPAZ_I19_0020_1.jpg: corrupt JPEG restored and saved
train: /workspace/SawitMVC-Depth-YOLO-RGB/train/images/TOPAZ_I19_0020_2.jpg: corrupt JPEG restored and saved
train: /workspace/SawitMVC-Depth-YOLO-RGB/train/images/TOPAZ_I19_0020_3.jpg: corrupt JPEG restored and saved
train: /workspace/SawitMVC-Depth-YOLO-RGB/train/images/TOPAZ_I19_0020_4.jpg: corrupt JPEG restored and saved
train: /workspace/SawitMVC-Depth-YOLO-RGB/train/images/TOPAZ_I19_0021_1.jpg: corrupt JPEG restored and saved
train: /workspace/SawitMVC-Depth-YOLO-RGB/train/images/TOPAZ_I19_0021_2.jpg: corrupt JPEG restored and saved
train: /workspace/SawitMVC-Depth-YOLO-RGB/train/images/TOPAZ_I19_0021_3.jpg: corrupt JPEG restored and saved
train: /workspace/SawitMVC-Depth-YOLO-RGB/train/images/TOPAZ_I19_0021_4.jpg: corrupt JPEG restored and saved
train: /workspace/SawitMVC-Depth-YOLO-RGB/train/images/TOPAZ_I19_0022_1.jpg: corrupt JPEG restored and saved
train: /workspace/SawitMVC-Depth-YOLO-RGB/train/images/TOPAZ_I19_0022_2.jpg: corrupt JPEG restored and saved
train: /workspace/SawitMVC-Depth-YOLO-RGB/train/images/TOPAZ_I19_0022_3.jpg: corrupt JPEG restored and saved
train: /workspace/SawitMVC-Depth-YOLO-RGB/train/images/TOPAZ_I19_0022_4.jpg: corrupt JPEG restored and saved
train: /workspace/SawitMVC-Depth-YOLO-RGB/train/images/TOPAZ_I19_0024_1.jpg: corrupt JPEG restored and saved
train: /workspace/SawitMVC-Depth-YOLO-RGB/train/images/TOPAZ_I19_0024_2.jpg: corrupt JPEG restored and saved
train: /workspace/SawitMVC-Depth-YOLO-RGB/train/images/TOPAZ_I19_0024_3.jpg: corrupt JPEG restored and saved
train: /workspace/SawitMVC-Depth-YOLO-RGB/train/images/TOPAZ_I19_0024_4.jpg: corrupt JPEG restored and saved
albumentations: Blur(p=0.01, blur_limit=(3, 7)), MedianBlur(p=0.01, blur_limit=(3, 7)), ToGray(p=0.01, method='weighted_average', num_output_channels=3), CLAHE(p=0.01, clip_limit=(1.0, 4.0), tile_grid_size=(8, 8))
val: Fast image access ✅ (ping: 0.0±0.0 ms, read: 1872.0±1774.0 MB/s, size: 913.4 KB)

val: /workspace/SawitMVC-Depth-YOLO-RGB/valid/images/MARIHAT_I142_0023_1.jpg: corrupt JPEG restored and saved
val: /workspace/SawitMVC-Depth-YOLO-RGB/valid/images/MARIHAT_I142_0023_2.jpg: corrupt JPEG restored and saved
val: /workspace/SawitMVC-Depth-YOLO-RGB/valid/images/MARIHAT_I142_0023_3.jpg: corrupt JPEG restored and saved
val: /workspace/SawitMVC-Depth-YOLO-RGB/valid/images/MARIHAT_I142_0023_4.jpg: corrupt JPEG restored and saved
val: /workspace/SawitMVC-Depth-YOLO-RGB/valid/images/MARIHAT_I142_0029_1.jpg: corrupt JPEG restored and saved
val: /workspace/SawitMVC-Depth-YOLO-RGB/valid/images/MARIHAT_I142_0029_2.jpg: corrupt JPEG restored and saved
val: /workspace/SawitMVC-Depth-YOLO-RGB/valid/images/MARIHAT_I142_0029_3.jpg: corrupt JPEG restored and saved
val: /workspace/SawitMVC-Depth-YOLO-RGB/valid/images/MARIHAT_I142_0029_4.jpg: corrupt JPEG restored and saved
val: /workspace/SawitMVC-Depth-YOLO-RGB/valid/images/MARIHAT_I142_0031_1.jpg: corrupt JPEG restored and saved
val: /workspace/SawitMVC-Depth-YOLO-RGB/valid/images/MARIHAT_I142_0031_2.jpg: corrupt JPEG restored and saved
val: /workspace/SawitMVC-Depth-YOLO-RGB/valid/images/MARIHAT_I142_0031_3.jpg: corrupt JPEG restored and saved
val: /workspace/SawitMVC-Depth-YOLO-RGB/valid/images/MARIHAT_I142_0031_4.jpg: corrupt JPEG restored and saved
val: /workspace/SawitMVC-Depth-YOLO-RGB/valid/images/MARIHAT_I142_0033_1.jpg: corrupt JPEG restored and saved
val: /workspace/SawitMVC-Depth-YOLO-RGB/valid/images/MARIHAT_I142_0033_2.jpg: corrupt JPEG restored and saved
val: /workspace/SawitMVC-Depth-YOLO-RGB/valid/images/MARIHAT_I142_0033_3.jpg: corrupt JPEG restored and saved
val: /workspace/SawitMVC-Depth-YOLO-RGB/valid/images/MARIHAT_I142_0033_4.jpg: corrupt JPEG restored and saved
val: /workspace/SawitMVC-Depth-YOLO-RGB/valid/images/MARIHAT_I142_0040_1.jpg: corrupt JPEG restored and saved
val: /workspace/SawitMVC-Depth-YOLO-RGB/valid/images/MARIHAT_I142_0040_2.jpg: corrupt JPEG restored and saved
val: /workspace/SawitMVC-Depth-YOLO-RGB/valid/images/MARIHAT_I142_0040_3.jpg: corrupt JPEG restored and saved
val: /workspace/SawitMVC-Depth-YOLO-RGB/valid/images/MARIHAT_I142_0040_4.jpg: corrupt JPEG restored and saved
val: /workspace/SawitMVC-Depth-YOLO-RGB/valid/images/MARIHAT_I142_0043_1.jpg: corrupt JPEG restored and saved
val: /workspace/SawitMVC-Depth-YOLO-RGB/valid/images/MARIHAT_I142_0043_2.jpg: corrupt JPEG restored and saved
val: /workspace/SawitMVC-Depth-YOLO-RGB/valid/images/MARIHAT_I142_0043_3.jpg: corrupt JPEG restored and saved
val: /workspace/SawitMVC-Depth-YOLO-RGB/valid/images/MARIHAT_I142_0043_4.jpg: corrupt JPEG restored and saved
val: /workspace/SawitMVC-Depth-YOLO-RGB/valid/images/MARIHAT_I142_0046_1.jpg: corrupt JPEG restored and saved
val: /workspace/SawitMVC-Depth-YOLO-RGB/valid/images/MARIHAT_I142_0046_2.jpg: corrupt JPEG restored and saved
val: /workspace/SawitMVC-Depth-YOLO-RGB/valid/images/MARIHAT_I142_0046_3.jpg: corrupt JPEG restored and saved
val: /workspace/SawitMVC-Depth-YOLO-RGB/valid/images/MARIHAT_I142_0046_4.jpg: corrupt JPEG restored and saved
val: /workspace/SawitMVC-Depth-YOLO-RGB/valid/images/MARIHAT_I142_0063_1.jpg: corrupt JPEG restored and saved
val: /workspace/SawitMVC-Depth-YOLO-RGB/valid/images/MARIHAT_I142_0063_2.jpg: corrupt JPEG restored and saved
val: /workspace/SawitMVC-Depth-YOLO-RGB/valid/images/MARIHAT_I142_0063_3.jpg: corrupt JPEG restored and saved
val: /workspace/SawitMVC-Depth-YOLO-RGB/valid/images/MARIHAT_I142_0063_4.jpg: corrupt JPEG restored and saved
val: /workspace/SawitMVC-Depth-YOLO-RGB/valid/images/MARIHAT_I142_0065_1.jpg: corrupt JPEG restored and saved
val: /workspace/SawitMVC-Depth-YOLO-RGB/valid/images/MARIHAT_I142_0065_2.jpg: corrupt JPEG restored and saved
val: /workspace/SawitMVC-Depth-YOLO-RGB/valid/images/MARIHAT_I142_0065_3.jpg: corrupt JPEG restored and saved
val: /workspace/SawitMVC-Depth-YOLO-RGB/valid/images/MARIHAT_I142_0065_4.jpg: corrupt JPEG restored and saved
val: /workspace/SawitMVC-Depth-YOLO-RGB/valid/images/MARIHAT_I142_0067_1.jpg: corrupt JPEG restored and saved
val: /workspace/SawitMVC-Depth-YOLO-RGB/valid/images/MARIHAT_I142_0067_2.jpg: corrupt JPEG restored and saved
val: /workspace/SawitMVC-Depth-YOLO-RGB/valid/images/MARIHAT_I142_0067_3.jpg: corrupt JPEG restored and saved
val: /workspace/SawitMVC-Depth-YOLO-RGB/valid/images/MARIHAT_I142_0067_4.jpg: corrupt JPEG restored and saved
val: /workspace/SawitMVC-Depth-YOLO-RGB/valid/images/MARIHAT_I142_0074_1.jpg: corrupt JPEG restored and saved
val: /workspace/SawitMVC-Depth-YOLO-RGB/valid/images/MARIHAT_I142_0074_2.jpg: corrupt JPEG restored and saved
val: /workspace/SawitMVC-Depth-YOLO-RGB/valid/images/MARIHAT_I142_0074_3.jpg: corrupt JPEG restored and saved
val: /workspace/SawitMVC-Depth-YOLO-RGB/valid/images/MARIHAT_I142_0074_4.jpg: corrupt JPEG restored and saved
val: /workspace/SawitMVC-Depth-YOLO-RGB/valid/images/TOPAZ_H11_0005_1.jpg: corrupt JPEG restored and saved
val: /workspace/SawitMVC-Depth-YOLO-RGB/valid/images/TOPAZ_H11_0005_2.jpg: corrupt JPEG restored and saved
val: /workspace/SawitMVC-Depth-YOLO-RGB/valid/images/TOPAZ_H11_0005_3.jpg: corrupt JPEG restored and saved
val: /workspace/SawitMVC-Depth-YOLO-RGB/valid/images/TOPAZ_H11_0005_4.jpg: corrupt JPEG restored and saved
val: /workspace/SawitMVC-Depth-YOLO-RGB/valid/images/TOPAZ_H11_0014_1.jpg: corrupt JPEG restored and saved
val: /workspace/SawitMVC-Depth-YOLO-RGB/valid/images/TOPAZ_H11_0014_2.jpg: corrupt JPEG restored and saved
val: /workspace/SawitMVC-Depth-YOLO-RGB/valid/images/TOPAZ_H11_0014_3.jpg: corrupt JPEG restored and saved
val: /workspace/SawitMVC-Depth-YOLO-RGB/valid/images/TOPAZ_H11_0014_4.jpg: corrupt JPEG restored and saved
val: /workspace/SawitMVC-Depth-YOLO-RGB/valid/images/TOPAZ_H11_0015_1.jpg: corrupt JPEG restored and saved
val: /workspace/SawitMVC-Depth-YOLO-RGB/valid/images/TOPAZ_H11_0015_2.jpg: corrupt JPEG restored and saved
val: /workspace/SawitMVC-Depth-YOLO-RGB/valid/images/TOPAZ_H11_0015_3.jpg: corrupt JPEG restored and saved
val: /workspace/SawitMVC-Depth-YOLO-RGB/valid/images/TOPAZ_H11_0015_4.jpg: corrupt JPEG restored and saved
val: /workspace/SawitMVC-Depth-YOLO-RGB/valid/images/TOPAZ_H11_0022_1.jpg: corrupt JPEG restored and saved
val: /workspace/SawitMVC-Depth-YOLO-RGB/valid/images/TOPAZ_H11_0022_2.jpg: corrupt JPEG restored and saved
val: /workspace/SawitMVC-Depth-YOLO-RGB/valid/images/TOPAZ_H11_0022_3.jpg: corrupt JPEG restored and saved
val: /workspace/SawitMVC-Depth-YOLO-RGB/valid/images/TOPAZ_H11_0022_4.jpg: corrupt JPEG restored and saved
val: /workspace/SawitMVC-Depth-YOLO-RGB/valid/images/TOPAZ_H11_0028_1.jpg: corrupt JPEG restored and saved
val: /workspace/SawitMVC-Depth-YOLO-RGB/valid/images/TOPAZ_H11_0028_2.jpg: corrupt JPEG restored and saved
val: /workspace/SawitMVC-Depth-YOLO-RGB/valid/images/TOPAZ_H11_0028_3.jpg: corrupt JPEG restored and saved
val: /workspace/SawitMVC-Depth-YOLO-RGB/valid/images/TOPAZ_H11_0028_4.jpg: corrupt JPEG restored and saved
val: /workspace/SawitMVC-Depth-YOLO-RGB/valid/images/TOPAZ_H11_0033_1.jpg: corrupt JPEG restored and saved
val: /workspace/SawitMVC-Depth-YOLO-RGB/valid/images/TOPAZ_H11_0033_2.jpg: corrupt JPEG restored and saved
val: /workspace/SawitMVC-Depth-YOLO-RGB/valid/images/TOPAZ_H11_0033_3.jpg: corrupt JPEG restored and saved
val: /workspace/SawitMVC-Depth-YOLO-RGB/valid/images/TOPAZ_H11_0033_4.jpg: corrupt JPEG restored and saved
val: /workspace/SawitMVC-Depth-YOLO-RGB/valid/images/TOPAZ_H11_0035_1.jpg: corrupt JPEG restored and saved
val: /workspace/SawitMVC-Depth-YOLO-RGB/valid/images/TOPAZ_H11_0035_2.jpg: corrupt JPEG restored and saved
val: /workspace/SawitMVC-Depth-YOLO-RGB/valid/images/TOPAZ_H11_0035_3.jpg: corrupt JPEG restored and saved
val: /workspace/SawitMVC-Depth-YOLO-RGB/valid/images/TOPAZ_H11_0035_4.jpg: corrupt JPEG restored and saved
val: /workspace/SawitMVC-Depth-YOLO-RGB/valid/images/TOPAZ_H11_0041_1.jpg: corrupt JPEG restored and saved
val: /workspace/SawitMVC-Depth-YOLO-RGB/valid/images/TOPAZ_H11_0041_2.jpg: corrupt JPEG restored and saved
val: /workspace/SawitMVC-Depth-YOLO-RGB/valid/images/TOPAZ_H11_0041_3.jpg: corrupt JPEG restored and saved
val: /workspace/SawitMVC-Depth-YOLO-RGB/valid/images/TOPAZ_H11_0041_4.jpg: corrupt JPEG restored and saved
val: /workspace/SawitMVC-Depth-YOLO-RGB/valid/images/TOPAZ_H11_0043_1.jpg: corrupt JPEG restored and saved
val: /workspace/SawitMVC-Depth-YOLO-RGB/valid/images/TOPAZ_H11_0043_2.jpg: corrupt JPEG restored and saved
val: /workspace/SawitMVC-Depth-YOLO-RGB/valid/images/TOPAZ_H11_0043_3.jpg: corrupt JPEG restored and saved
val: /workspace/SawitMVC-Depth-YOLO-RGB/valid/images/TOPAZ_H11_0043_4.jpg: corrupt JPEG restored and saved
val: /workspace/SawitMVC-Depth-YOLO-RGB/valid/images/TOPAZ_H11_0046_1.jpg: corrupt JPEG restored and saved
val: /workspace/SawitMVC-Depth-YOLO-RGB/valid/images/TOPAZ_H11_0046_2.jpg: corrupt JPEG restored and saved
val: /workspace/SawitMVC-Depth-YOLO-RGB/valid/images/TOPAZ_H11_0046_3.jpg: corrupt JPEG restored and saved
val: /workspace/SawitMVC-Depth-YOLO-RGB/valid/images/TOPAZ_H11_0046_4.jpg: corrupt JPEG restored and saved
val: /workspace/SawitMVC-Depth-YOLO-RGB/valid/images/TOPAZ_H11_0054_1.jpg: corrupt JPEG restored and saved
val: /workspace/SawitMVC-Depth-YOLO-RGB/valid/images/TOPAZ_H11_0054_2.jpg: corrupt JPEG restored and saved
val: /workspace/SawitMVC-Depth-YOLO-RGB/valid/images/TOPAZ_H11_0054_3.jpg: corrupt JPEG restored and saved
val: /workspace/SawitMVC-Depth-YOLO-RGB/valid/images/TOPAZ_H11_0054_4.jpg: corrupt JPEG restored and saved
val: /workspace/SawitMVC-Depth-YOLO-RGB/valid/images/TOPAZ_H11_0057_1.jpg: corrupt JPEG restored and saved
val: /workspace/SawitMVC-Depth-YOLO-RGB/valid/images/TOPAZ_H11_0057_2.jpg: corrupt JPEG restored and saved
val: /workspace/SawitMVC-Depth-YOLO-RGB/valid/images/TOPAZ_H11_0057_3.jpg: corrupt JPEG restored and saved
val: /workspace/SawitMVC-Depth-YOLO-RGB/valid/images/TOPAZ_H11_0057_4.jpg: corrupt JPEG restored and saved
val: /workspace/SawitMVC-Depth-YOLO-RGB/valid/images/TOPAZ_H11_0064_1.jpg: corrupt JPEG restored and saved
val: /workspace/SawitMVC-Depth-YOLO-RGB/valid/images/TOPAZ_H11_0064_2.jpg: corrupt JPEG restored and saved
val: /workspace/SawitMVC-Depth-YOLO-RGB/valid/images/TOPAZ_H11_0064_3.jpg: corrupt JPEG restored and saved
val: /workspace/SawitMVC-Depth-YOLO-RGB/valid/images/TOPAZ_H11_0064_4.jpg: corrupt JPEG restored and saved
val: /workspace/SawitMVC-Depth-YOLO-RGB/valid/images/TOPAZ_H11_0077_1.jpg: corrupt JPEG restored and saved
val: /workspace/SawitMVC-Depth-YOLO-RGB/valid/images/TOPAZ_H11_0077_2.jpg: corrupt JPEG restored and saved
val: /workspace/SawitMVC-Depth-YOLO-RGB/valid/images/TOPAZ_H11_0077_3.jpg: corrupt JPEG restored and saved
val: /workspace/SawitMVC-Depth-YOLO-RGB/valid/images/TOPAZ_H11_0077_4.jpg: corrupt JPEG restored and saved
val: /workspace/SawitMVC-Depth-YOLO-RGB/valid/images/TOPAZ_H11_0086_1.jpg: corrupt JPEG restored and saved
val: /workspace/SawitMVC-Depth-YOLO-RGB/valid/images/TOPAZ_H11_0086_2.jpg: corrupt JPEG restored and saved
val: /workspace/SawitMVC-Depth-YOLO-RGB/valid/images/TOPAZ_H11_0086_3.jpg: corrupt JPEG restored and saved
val: /workspace/SawitMVC-Depth-YOLO-RGB/valid/images/TOPAZ_H11_0086_4.jpg: corrupt JPEG restored and saved
val: /workspace/SawitMVC-Depth-YOLO-RGB/valid/images/TOPAZ_H11_0091_1.jpg: corrupt JPEG restored and saved
val: /workspace/SawitMVC-Depth-YOLO-RGB/valid/images/TOPAZ_H11_0091_2.jpg: corrupt JPEG restored and saved
val: /workspace/SawitMVC-Depth-YOLO-RGB/valid/images/TOPAZ_H11_0091_3.jpg: corrupt JPEG restored and saved
val: /workspace/SawitMVC-Depth-YOLO-RGB/valid/images/TOPAZ_H11_0091_4.jpg: corrupt JPEG restored and saved
val: /workspace/SawitMVC-Depth-YOLO-RGB/valid/images/TOPAZ_H11_0102_1.jpg: corrupt JPEG restored and saved
val: /workspace/SawitMVC-Depth-YOLO-RGB/valid/images/TOPAZ_H11_0102_2.jpg: corrupt JPEG restored and saved
val: /workspace/SawitMVC-Depth-YOLO-RGB/valid/images/TOPAZ_H11_0102_3.jpg: corrupt JPEG restored and saved
val: /workspace/SawitMVC-Depth-YOLO-RGB/valid/images/TOPAZ_H11_0102_4.jpg: corrupt JPEG restored and saved
val: /workspace/SawitMVC-Depth-YOLO-RGB/valid/images/TOPAZ_H13_0001_1.jpg: corrupt JPEG restored and saved
val: /workspace/SawitMVC-Depth-YOLO-RGB/valid/images/TOPAZ_H13_0001_2.jpg: corrupt JPEG restored and saved
val: /workspace/SawitMVC-Depth-YOLO-RGB/valid/images/TOPAZ_H13_0001_3.jpg: corrupt JPEG restored and saved
val: /workspace/SawitMVC-Depth-YOLO-RGB/valid/images/TOPAZ_H13_0001_4.jpg: corrupt JPEG restored and saved
val: /workspace/SawitMVC-Depth-YOLO-RGB/valid/images/TOPAZ_H13_0006_1.jpg: corrupt JPEG restored and saved
val: /workspace/SawitMVC-Depth-YOLO-RGB/valid/images/TOPAZ_H13_0006_2.jpg: corrupt JPEG restored and saved
val: /workspace/SawitMVC-Depth-YOLO-RGB/valid/images/TOPAZ_H13_0006_3.jpg: corrupt JPEG restored and saved
val: /workspace/SawitMVC-Depth-YOLO-RGB/valid/images/TOPAZ_H13_0006_4.jpg: corrupt JPEG restored and saved
val: /workspace/SawitMVC-Depth-YOLO-RGB/valid/images/TOPAZ_H13_0011_1.jpg: corrupt JPEG restored and saved
val: /workspace/SawitMVC-Depth-YOLO-RGB/valid/images/TOPAZ_H13_0011_2.jpg: corrupt JPEG restored and saved
val: /workspace/SawitMVC-Depth-YOLO-RGB/valid/images/TOPAZ_H13_0011_3.jpg: corrupt JPEG restored and saved
val: /workspace/SawitMVC-Depth-YOLO-RGB/valid/images/TOPAZ_H13_0011_4.jpg: corrupt JPEG restored and saved
val: /workspace/SawitMVC-Depth-YOLO-RGB/valid/images/TOPAZ_H13_0023_1.jpg: corrupt JPEG restored and saved
val: /workspace/SawitMVC-Depth-YOLO-RGB/valid/images/TOPAZ_H13_0023_2.jpg: corrupt JPEG restored and saved
val: /workspace/SawitMVC-Depth-YOLO-RGB/valid/images/TOPAZ_H13_0023_3.jpg: corrupt JPEG restored and saved
val: /workspace/SawitMVC-Depth-YOLO-RGB/valid/images/TOPAZ_H13_0023_4.jpg: corrupt JPEG restored and saved
val: /workspace/SawitMVC-Depth-YOLO-RGB/valid/images/TOPAZ_H13_0028_1.jpg: corrupt JPEG restored and saved
val: /workspace/SawitMVC-Depth-YOLO-RGB/valid/images/TOPAZ_H13_0028_2.jpg: corrupt JPEG restored and saved
val: /workspace/SawitMVC-Depth-YOLO-RGB/valid/images/TOPAZ_H13_0028_3.jpg: corrupt JPEG restored and saved
val: /workspace/SawitMVC-Depth-YOLO-RGB/valid/images/TOPAZ_H13_0028_4.jpg: corrupt JPEG restored and saved
val: /workspace/SawitMVC-Depth-YOLO-RGB/valid/images/TOPAZ_H13_0037_1.jpg: corrupt JPEG restored and saved
val: /workspace/SawitMVC-Depth-YOLO-RGB/valid/images/TOPAZ_H13_0037_2.jpg: corrupt JPEG restored and saved
val: /workspace/SawitMVC-Depth-YOLO-RGB/valid/images/TOPAZ_H13_0037_3.jpg: corrupt JPEG restored and saved
val: /workspace/SawitMVC-Depth-YOLO-RGB/valid/images/TOPAZ_H13_0037_4.jpg: corrupt JPEG restored and saved
val: /workspace/SawitMVC-Depth-YOLO-RGB/valid/images/TOPAZ_H13_0048_1.jpg: corrupt JPEG restored and saved
val: /workspace/SawitMVC-Depth-YOLO-RGB/valid/images/TOPAZ_H13_0048_2.jpg: corrupt JPEG restored and saved
val: /workspace/SawitMVC-Depth-YOLO-RGB/valid/images/TOPAZ_H13_0048_3.jpg: corrupt JPEG restored and saved
val: /workspace/SawitMVC-Depth-YOLO-RGB/valid/images/TOPAZ_H13_0048_4.jpg: corrupt JPEG restored and saved
val: /workspace/SawitMVC-Depth-YOLO-RGB/valid/images/TOPAZ_H13_0052_1.jpg: corrupt JPEG restored and saved
val: /workspace/SawitMVC-Depth-YOLO-RGB/valid/images/TOPAZ_H13_0052_2.jpg: corrupt JPEG restored and saved
val: /workspace/SawitMVC-Depth-YOLO-RGB/valid/images/TOPAZ_H13_0052_3.jpg: corrupt JPEG restored and saved
val: /workspace/SawitMVC-Depth-YOLO-RGB/valid/images/TOPAZ_H13_0052_4.jpg: corrupt JPEG restored and saved
val: /workspace/SawitMVC-Depth-YOLO-RGB/valid/images/TOPAZ_H13_0059_1.jpg: corrupt JPEG restored and saved
val: /workspace/SawitMVC-Depth-YOLO-RGB/valid/images/TOPAZ_H13_0059_2.jpg: corrupt JPEG restored and saved
val: /workspace/SawitMVC-Depth-YOLO-RGB/valid/images/TOPAZ_H13_0059_3.jpg: corrupt JPEG restored and saved
val: /workspace/SawitMVC-Depth-YOLO-RGB/valid/images/TOPAZ_H13_0059_4.jpg: corrupt JPEG restored and saved
val: /workspace/SawitMVC-Depth-YOLO-RGB/valid/images/TOPAZ_H13_0062_1.jpg: corrupt JPEG restored and saved
val: /workspace/SawitMVC-Depth-YOLO-RGB/valid/images/TOPAZ_H13_0062_2.jpg: corrupt JPEG restored and saved
val: /workspace/SawitMVC-Depth-YOLO-RGB/valid/images/TOPAZ_H13_0062_3.jpg: corrupt JPEG restored and saved
val: /workspace/SawitMVC-Depth-YOLO-RGB/valid/images/TOPAZ_H13_0062_4.jpg: corrupt JPEG restored and saved
val: /workspace/SawitMVC-Depth-YOLO-RGB/valid/images/TOPAZ_H13_0065_1.jpg: corrupt JPEG restored and saved
val: /workspace/SawitMVC-Depth-YOLO-RGB/valid/images/TOPAZ_H13_0065_2.jpg: corrupt JPEG restored and saved
val: /workspace/SawitMVC-Depth-YOLO-RGB/valid/images/TOPAZ_H13_0065_3.jpg: corrupt JPEG restored and saved
val: /workspace/SawitMVC-Depth-YOLO-RGB/valid/images/TOPAZ_H13_0065_4.jpg: corrupt JPEG restored and saved
val: /workspace/SawitMVC-Depth-YOLO-RGB/valid/images/TOPAZ_H13_0081_1.jpg: corrupt JPEG restored and saved
val: /workspace/SawitMVC-Depth-YOLO-RGB/valid/images/TOPAZ_H13_0081_2.jpg: corrupt JPEG restored and saved
val: /workspace/SawitMVC-Depth-YOLO-RGB/valid/images/TOPAZ_H13_0081_3.jpg: corrupt JPEG restored and saved
val: /workspace/SawitMVC-Depth-YOLO-RGB/valid/images/TOPAZ_H13_0081_4.jpg: corrupt JPEG restored and saved
val: /workspace/SawitMVC-Depth-YOLO-RGB/valid/images/TOPAZ_H13_0082_1.jpg: corrupt JPEG restored and saved
val: /workspace/SawitMVC-Depth-YOLO-RGB/valid/images/TOPAZ_H13_0082_2.jpg: corrupt JPEG restored and saved
val: /workspace/SawitMVC-Depth-YOLO-RGB/valid/images/TOPAZ_H13_0082_3.jpg: corrupt JPEG restored and saved
val: /workspace/SawitMVC-Depth-YOLO-RGB/valid/images/TOPAZ_H13_0082_4.jpg: corrupt JPEG restored and saved
val: /workspace/SawitMVC-Depth-YOLO-RGB/valid/images/TOPAZ_H13_0087_1.jpg: corrupt JPEG restored and saved
val: /workspace/SawitMVC-Depth-YOLO-RGB/valid/images/TOPAZ_H13_0087_2.jpg: corrupt JPEG restored and saved
val: /workspace/SawitMVC-Depth-YOLO-RGB/valid/images/TOPAZ_H13_0087_3.jpg: corrupt JPEG restored and saved
val: /workspace/SawitMVC-Depth-YOLO-RGB/valid/images/TOPAZ_H13_0087_4.jpg: corrupt JPEG restored and saved
val: /workspace/SawitMVC-Depth-YOLO-RGB/valid/images/TOPAZ_H13_0094_1.jpg: corrupt JPEG restored and saved
val: /workspace/SawitMVC-Depth-YOLO-RGB/valid/images/TOPAZ_H13_0094_2.jpg: corrupt JPEG restored and saved
val: /workspace/SawitMVC-Depth-YOLO-RGB/valid/images/TOPAZ_H13_0094_3.jpg: corrupt JPEG restored and saved
val: /workspace/SawitMVC-Depth-YOLO-RGB/valid/images/TOPAZ_H13_0094_4.jpg: corrupt JPEG restored and saved
val: /workspace/SawitMVC-Depth-YOLO-RGB/valid/images/TOPAZ_H13_0099_1.jpg: corrupt JPEG restored and saved
val: /workspace/SawitMVC-Depth-YOLO-RGB/valid/images/TOPAZ_H13_0099_2.jpg: corrupt JPEG restored and saved
val: /workspace/SawitMVC-Depth-YOLO-RGB/valid/images/TOPAZ_H13_0099_3.jpg: corrupt JPEG restored and saved
val: /workspace/SawitMVC-Depth-YOLO-RGB/valid/images/TOPAZ_H13_0099_4.jpg: corrupt JPEG restored and saved
val: /workspace/SawitMVC-Depth-YOLO-RGB/valid/images/TOPAZ_I141_0014_1.jpg: corrupt JPEG restored and saved
val: /workspace/SawitMVC-Depth-YOLO-RGB/valid/images/TOPAZ_I141_0014_2.jpg: corrupt JPEG restored and saved
val: /workspace/SawitMVC-Depth-YOLO-RGB/valid/images/TOPAZ_I141_0014_3.jpg: corrupt JPEG restored and saved
val: /workspace/SawitMVC-Depth-YOLO-RGB/valid/images/TOPAZ_I141_0014_4.jpg: corrupt JPEG restored and saved
val: /workspace/SawitMVC-Depth-YOLO-RGB/valid/images/TOPAZ_I141_0019_1.jpg: corrupt JPEG restored and saved
val: /workspace/SawitMVC-Depth-YOLO-RGB/valid/images/TOPAZ_I141_0019_2.jpg: corrupt JPEG restored and saved
val: /workspace/SawitMVC-Depth-YOLO-RGB/valid/images/TOPAZ_I141_0019_3.jpg: corrupt JPEG restored and saved
val: /workspace/SawitMVC-Depth-YOLO-RGB/valid/images/TOPAZ_I141_0019_4.jpg: corrupt JPEG restored and saved
val: /workspace/SawitMVC-Depth-YOLO-RGB/valid/images/TOPAZ_I141_0020_1.jpg: corrupt JPEG restored and saved
val: /workspace/SawitMVC-Depth-YOLO-RGB/valid/images/TOPAZ_I141_0020_2.jpg: corrupt JPEG restored and saved
val: /workspace/SawitMVC-Depth-YOLO-RGB/valid/images/TOPAZ_I141_0020_3.jpg: corrupt JPEG restored and saved
val: /workspace/SawitMVC-Depth-YOLO-RGB/valid/images/TOPAZ_I141_0020_4.jpg: corrupt JPEG restored and saved
val: /workspace/SawitMVC-Depth-YOLO-RGB/valid/images/TOPAZ_I141_0030_1.jpg: corrupt JPEG restored and saved
val: /workspace/SawitMVC-Depth-YOLO-RGB/valid/images/TOPAZ_I141_0030_2.jpg: corrupt JPEG restored and saved
val: /workspace/SawitMVC-Depth-YOLO-RGB/valid/images/TOPAZ_I141_0030_3.jpg: corrupt JPEG restored and saved
val: /workspace/SawitMVC-Depth-YOLO-RGB/valid/images/TOPAZ_I141_0030_4.jpg: corrupt JPEG restored and saved
val: /workspace/SawitMVC-Depth-YOLO-RGB/valid/images/TOPAZ_I141_0032_1.jpg: corrupt JPEG restored and saved
val: /workspace/SawitMVC-Depth-YOLO-RGB/valid/images/TOPAZ_I141_0032_2.jpg: corrupt JPEG restored and saved
val: /workspace/SawitMVC-Depth-YOLO-RGB/valid/images/TOPAZ_I141_0032_3.jpg: corrupt JPEG restored and saved
val: /workspace/SawitMVC-Depth-YOLO-RGB/valid/images/TOPAZ_I141_0032_4.jpg: corrupt JPEG restored and saved
val: /workspace/SawitMVC-Depth-YOLO-RGB/valid/images/TOPAZ_I141_0046_1.jpg: corrupt JPEG restored and saved
val: /workspace/SawitMVC-Depth-YOLO-RGB/valid/images/TOPAZ_I141_0046_2.jpg: corrupt JPEG restored and saved
val: /workspace/SawitMVC-Depth-YOLO-RGB/valid/images/TOPAZ_I141_0046_3.jpg: corrupt JPEG restored and saved
val: /workspace/SawitMVC-Depth-YOLO-RGB/valid/images/TOPAZ_I141_0046_4.jpg: corrupt JPEG restored and saved
val: /workspace/SawitMVC-Depth-YOLO-RGB/valid/images/TOPAZ_I141_0048_1.jpg: corrupt JPEG restored and saved
val: /workspace/SawitMVC-Depth-YOLO-RGB/valid/images/TOPAZ_I141_0048_2.jpg: corrupt JPEG restored and saved
val: /workspace/SawitMVC-Depth-YOLO-RGB/valid/images/TOPAZ_I141_0048_3.jpg: corrupt JPEG restored and saved
val: /workspace/SawitMVC-Depth-YOLO-RGB/valid/images/TOPAZ_I141_0048_4.jpg: corrupt JPEG restored and saved
val: /workspace/SawitMVC-Depth-YOLO-RGB/valid/images/TOPAZ_I141_0060_1.jpg: corrupt JPEG restored and saved
val: /workspace/SawitMVC-Depth-YOLO-RGB/valid/images/TOPAZ_I141_0060_2.jpg: corrupt JPEG restored and saved
val: /workspace/SawitMVC-Depth-YOLO-RGB/valid/images/TOPAZ_I141_0060_3.jpg: corrupt JPEG restored and saved
val: /workspace/SawitMVC-Depth-YOLO-RGB/valid/images/TOPAZ_I141_0060_4.jpg: corrupt JPEG restored and saved
val: /workspace/SawitMVC-Depth-YOLO-RGB/valid/images/TOPAZ_I141_0063_1.jpg: corrupt JPEG restored and saved
val: /workspace/SawitMVC-Depth-YOLO-RGB/valid/images/TOPAZ_I141_0063_2.jpg: corrupt JPEG restored and saved
val: /workspace/SawitMVC-Depth-YOLO-RGB/valid/images/TOPAZ_I141_0063_3.jpg: corrupt JPEG restored and saved
val: /workspace/SawitMVC-Depth-YOLO-RGB/valid/images/TOPAZ_I141_0063_4.jpg: corrupt JPEG restored and saved
val: /workspace/SawitMVC-Depth-YOLO-RGB/valid/images/TOPAZ_I141_0066_1.jpg: corrupt JPEG restored and saved
val: /workspace/SawitMVC-Depth-YOLO-RGB/valid/images/TOPAZ_I141_0066_2.jpg: corrupt JPEG restored and saved
val: /workspace/SawitMVC-Depth-YOLO-RGB/valid/images/TOPAZ_I141_0066_3.jpg: corrupt JPEG restored and saved
val: /workspace/SawitMVC-Depth-YOLO-RGB/valid/images/TOPAZ_I141_0066_4.jpg: corrupt JPEG restored and saved
val: /workspace/SawitMVC-Depth-YOLO-RGB/valid/images/TOPAZ_I141_0068_1.jpg: corrupt JPEG restored and saved
val: /workspace/SawitMVC-Depth-YOLO-RGB/valid/images/TOPAZ_I141_0068_2.jpg: corrupt JPEG restored and saved
val: /workspace/SawitMVC-Depth-YOLO-RGB/valid/images/TOPAZ_I141_0068_3.jpg: corrupt JPEG restored and saved
val: /workspace/SawitMVC-Depth-YOLO-RGB/valid/images/TOPAZ_I141_0068_4.jpg: corrupt JPEG restored and saved
val: /workspace/SawitMVC-Depth-YOLO-RGB/valid/images/TOPAZ_I141_0072_1.jpg: corrupt JPEG restored and saved
val: /workspace/SawitMVC-Depth-YOLO-RGB/valid/images/TOPAZ_I141_0072_2.jpg: corrupt JPEG restored and saved
val: /workspace/SawitMVC-Depth-YOLO-RGB/valid/images/TOPAZ_I141_0072_3.jpg: corrupt JPEG restored and saved
val: /workspace/SawitMVC-Depth-YOLO-RGB/valid/images/TOPAZ_I141_0072_4.jpg: corrupt JPEG restored and saved
val: /workspace/SawitMVC-Depth-YOLO-RGB/valid/images/TOPAZ_I141_0080_1.jpg: corrupt JPEG restored and saved
val: /workspace/SawitMVC-Depth-YOLO-RGB/valid/images/TOPAZ_I141_0080_2.jpg: corrupt JPEG restored and saved
val: /workspace/SawitMVC-Depth-YOLO-RGB/valid/images/TOPAZ_I141_0080_3.jpg: corrupt JPEG restored and saved
val: /workspace/SawitMVC-Depth-YOLO-RGB/valid/images/TOPAZ_I141_0080_4.jpg: corrupt JPEG restored and saved
val: /workspace/SawitMVC-Depth-YOLO-RGB/valid/images/TOPAZ_I141_0081_1.jpg: corrupt JPEG restored and saved
val: /workspace/SawitMVC-Depth-YOLO-RGB/valid/images/TOPAZ_I141_0081_2.jpg: corrupt JPEG restored and saved
val: /workspace/SawitMVC-Depth-YOLO-RGB/valid/images/TOPAZ_I141_0081_3.jpg: corrupt JPEG restored and saved
val: /workspace/SawitMVC-Depth-YOLO-RGB/valid/images/TOPAZ_I141_0081_4.jpg: corrupt JPEG restored and saved
val: /workspace/SawitMVC-Depth-YOLO-RGB/valid/images/TOPAZ_I141_0089_1.jpg: corrupt JPEG restored and saved
val: /workspace/SawitMVC-Depth-YOLO-RGB/valid/images/TOPAZ_I141_0089_2.jpg: corrupt JPEG restored and saved
val: /workspace/SawitMVC-Depth-YOLO-RGB/valid/images/TOPAZ_I141_0089_3.jpg: corrupt JPEG restored and saved
val: /workspace/SawitMVC-Depth-YOLO-RGB/valid/images/TOPAZ_I141_0089_4.jpg: corrupt JPEG restored and saved
val: /workspace/SawitMVC-Depth-YOLO-RGB/valid/images/TOPAZ_I141_0104_1.jpg: corrupt JPEG restored and saved
val: /workspace/SawitMVC-Depth-YOLO-RGB/valid/images/TOPAZ_I141_0104_2.jpg: corrupt JPEG restored and saved
val: /workspace/SawitMVC-Depth-YOLO-RGB/valid/images/TOPAZ_I141_0104_3.jpg: corrupt JPEG restored and saved
val: /workspace/SawitMVC-Depth-YOLO-RGB/valid/images/TOPAZ_I141_0104_4.jpg: corrupt JPEG restored and saved
val: /workspace/SawitMVC-Depth-YOLO-RGB/valid/images/TOPAZ_I19_0004_1.jpg: corrupt JPEG restored and saved
val: /workspace/SawitMVC-Depth-YOLO-RGB/valid/images/TOPAZ_I19_0004_2.jpg: corrupt JPEG restored and saved
val: /workspace/SawitMVC-Depth-YOLO-RGB/valid/images/TOPAZ_I19_0004_3.jpg: corrupt JPEG restored and saved
val: /workspace/SawitMVC-Depth-YOLO-RGB/valid/images/TOPAZ_I19_0004_4.jpg: corrupt JPEG restored and saved
val: /workspace/SawitMVC-Depth-YOLO-RGB/valid/images/TOPAZ_I19_0006_1.jpg: corrupt JPEG restored and saved
val: /workspace/SawitMVC-Depth-YOLO-RGB/valid/images/TOPAZ_I19_0006_2.jpg: corrupt JPEG restored and saved
val: /workspace/SawitMVC-Depth-YOLO-RGB/valid/images/TOPAZ_I19_0006_3.jpg: corrupt JPEG restored and saved
val: /workspace/SawitMVC-Depth-YOLO-RGB/valid/images/TOPAZ_I19_0006_4.jpg: corrupt JPEG restored and saved
val: /workspace/SawitMVC-Depth-YOLO-RGB/valid/images/TOPAZ_I19_0009_1.jpg: corrupt JPEG restored and saved
val: /workspace/SawitMVC-Depth-YOLO-RGB/valid/images/TOPAZ_I19_0009_2.jpg: corrupt JPEG restored and saved
val: /workspace/SawitMVC-Depth-YOLO-RGB/valid/images/TOPAZ_I19_0009_3.jpg: corrupt JPEG restored and saved
val: /workspace/SawitMVC-Depth-YOLO-RGB/valid/images/TOPAZ_I19_0009_4.jpg: corrupt JPEG restored and saved
val: /workspace/SawitMVC-Depth-YOLO-RGB/valid/images/TOPAZ_I19_0011_1.jpg: corrupt JPEG restored and saved
val: /workspace/SawitMVC-Depth-YOLO-RGB/valid/images/TOPAZ_I19_0011_2.jpg: corrupt JPEG restored and saved
val: /workspace/SawitMVC-Depth-YOLO-RGB/valid/images/TOPAZ_I19_0011_3.jpg: corrupt JPEG restored and saved
val: /workspace/SawitMVC-Depth-YOLO-RGB/valid/images/TOPAZ_I19_0011_4.jpg: corrupt JPEG restored and saved
optimizer: 'optimizer=auto' found, ignoring 'lr0=0.01' and 'momentum=0.937' and determining best 'optimizer', 'lr0' and 'momentum' automatically... 
optimizer: AdamW(lr=0.00125, momentum=0.9) with parameter groups 178 weight(decay=0.0), 190 weight(decay=0.0005), 190 bias(decay=0.0)
Image sizes 1280 train, 1280 val
Using 8 dataloader workers
Logging results to /workspace/project-expertise/runs_new763/yolo26l_rgb_s42_i1280
Starting training for 60 epochs...

      Epoch    GPU_mem   box_loss   cls_loss   dfl_loss  Instances       Size
                 Class     Images  Instances      Box(P          R      mAP50  mAP50-95): 100% ━━━━━━━━━━━━ 59/59 3.4it/s 17.5s
                   all        468        894      0.265      0.241      0.189     0.0558

      Epoch    GPU_mem   box_loss   cls_loss   dfl_loss  Instances       Size
                 Class     Images  Instances      Box(P          R      mAP50  mAP50-95): 100% ━━━━━━━━━━━━ 59/59 8.9it/s 6.6s
                   all        468        894      0.446      0.286      0.196     0.0642

      Epoch    GPU_mem   box_loss   cls_loss   dfl_loss  Instances       Size
                 Class     Images  Instances      Box(P          R      mAP50  mAP50-95): 100% ━━━━━━━━━━━━ 59/59 8.6it/s 6.9s
                   all        468        894      0.375      0.397      0.332      0.113

      Epoch    GPU_mem   box_loss   cls_loss   dfl_loss  Instances       Size
                 Class     Images  Instances      Box(P          R      mAP50  mAP50-95): 100% ━━━━━━━━━━━━ 59/59 8.8it/s 6.7s
                   all        468        894      0.347      0.379      0.311      0.103

      Epoch    GPU_mem   box_loss   cls_loss   dfl_loss  Instances       Size
                 Class     Images  Instances      Box(P          R      mAP50  mAP50-95): 100% ━━━━━━━━━━━━ 59/59 8.7it/s 6.8s
                   all        468        894      0.414      0.399       0.34      0.107

      Epoch    GPU_mem   box_loss   cls_loss   dfl_loss  Instances       Size
                 Class     Images  Instances      Box(P          R      mAP50  mAP50-95): 100% ━━━━━━━━━━━━ 59/59 8.9it/s 6.6s
                   all        468        894      0.382      0.435       0.37      0.126

      Epoch    GPU_mem   box_loss   cls_loss   dfl_loss  Instances       Size
                 Class     Images  Instances      Box(P          R      mAP50  mAP50-95): 100% ━━━━━━━━━━━━ 59/59 8.7it/s 6.8s
                   all        468        894      0.465      0.394       0.35      0.108

      Epoch    GPU_mem   box_loss   cls_loss   dfl_loss  Instances       Size
                 Class     Images  Instances      Box(P          R      mAP50  mAP50-95): 100% ━━━━━━━━━━━━ 59/59 8.7it/s 6.8s
                   all        468        894      0.422      0.386      0.346      0.119

      Epoch    GPU_mem   box_loss   cls_loss   dfl_loss  Instances       Size
                 Class     Images  Instances      Box(P          R      mAP50  mAP50-95): 100% ━━━━━━━━━━━━ 59/59 8.9it/s 6.6s
                   all        468        894       0.47      0.458      0.433       0.15

      Epoch    GPU_mem   box_loss   cls_loss   dfl_loss  Instances       Size
                 Class     Images  Instances      Box(P          R      mAP50  mAP50-95): 100% ━━━━━━━━━━━━ 59/59 8.9it/s 6.6s
                   all        468        894      0.483      0.439      0.419      0.143

      Epoch    GPU_mem   box_loss   cls_loss   dfl_loss  Instances       Size
                 Class     Images  Instances      Box(P          R      mAP50  mAP50-95): 100% ━━━━━━━━━━━━ 59/59 8.8it/s 6.7s
                   all        468        894      0.396      0.415      0.376      0.121

      Epoch    GPU_mem   box_loss   cls_loss   dfl_loss  Instances       Size
                 Class     Images  Instances      Box(P          R      mAP50  mAP50-95): 100% ━━━━━━━━━━━━ 59/59 8.6it/s 6.9s
                   all        468        894      0.515      0.453      0.444      0.158

      Epoch    GPU_mem   box_loss   cls_loss   dfl_loss  Instances       Size
                 Class     Images  Instances      Box(P          R      mAP50  mAP50-95): 100% ━━━━━━━━━━━━ 59/59 8.7it/s 6.8s
                   all        468        894      0.492      0.439      0.437      0.157

      Epoch    GPU_mem   box_loss   cls_loss   dfl_loss  Instances       Size
                 Class     Images  Instances      Box(P          R      mAP50  mAP50-95): 100% ━━━━━━━━━━━━ 59/59 8.9it/s 6.6s
                   all        468        894      0.535      0.446      0.454      0.164

      Epoch    GPU_mem   box_loss   cls_loss   dfl_loss  Instances       Size
                 Class     Images  Instances      Box(P          R      mAP50  mAP50-95): 100% ━━━━━━━━━━━━ 59/59 9.0it/s 6.5s
                   all        468        894      0.449      0.472      0.444       0.16

      Epoch    GPU_mem   box_loss   cls_loss   dfl_loss  Instances       Size
                 Class     Images  Instances      Box(P          R      mAP50  mAP50-95): 100% ━━━━━━━━━━━━ 59/59 8.9it/s 6.6s
                   all        468        894      0.533      0.445      0.445      0.149

      Epoch    GPU_mem   box_loss   cls_loss   dfl_loss  Instances       Size
                 Class     Images  Instances      Box(P          R      mAP50  mAP50-95): 100% ━━━━━━━━━━━━ 59/59 8.9it/s 6.6s
                   all        468        894      0.451       0.47      0.454      0.155

      Epoch    GPU_mem   box_loss   cls_loss   dfl_loss  Instances       Size
                 Class     Images  Instances      Box(P          R      mAP50  mAP50-95): 100% ━━━━━━━━━━━━ 59/59 9.0it/s 6.6s
                   all        468        894      0.558      0.436      0.473      0.161

      Epoch    GPU_mem   box_loss   cls_loss   dfl_loss  Instances       Size
                 Class     Images  Instances      Box(P          R      mAP50  mAP50-95): 100% ━━━━━━━━━━━━ 59/59 8.8it/s 6.7s
                   all        468        894      0.528      0.481      0.474      0.172

      Epoch    GPU_mem   box_loss   cls_loss   dfl_loss  Instances       Size
                 Class     Images  Instances      Box(P          R      mAP50  mAP50-95): 100% ━━━━━━━━━━━━ 59/59 8.9it/s 6.6s
                   all        468        894      0.481      0.493      0.476      0.182

      Epoch    GPU_mem   box_loss   cls_loss   dfl_loss  Instances       Size
                 Class     Images  Instances      Box(P          R      mAP50  mAP50-95): 100% ━━━━━━━━━━━━ 59/59 9.0it/s 6.6s
                   all        468        894      0.501      0.489      0.495      0.181

      Epoch    GPU_mem   box_loss   cls_loss   dfl_loss  Instances       Size
                 Class     Images  Instances      Box(P          R      mAP50  mAP50-95): 100% ━━━━━━━━━━━━ 59/59 8.8it/s 6.7s
                   all        468        894      0.508       0.49       0.49      0.179

      Epoch    GPU_mem   box_loss   cls_loss   dfl_loss  Instances       Size
                 Class     Images  Instances      Box(P          R      mAP50  mAP50-95): 100% ━━━━━━━━━━━━ 59/59 8.7it/s 6.8s
                   all        468        894      0.487      0.517      0.509      0.183

      Epoch    GPU_mem   box_loss   cls_loss   dfl_loss  Instances       Size
                 Class     Images  Instances      Box(P          R      mAP50  mAP50-95): 100% ━━━━━━━━━━━━ 59/59 8.9it/s 6.7s
                   all        468        894      0.521        0.5      0.488      0.173

      Epoch    GPU_mem   box_loss   cls_loss   dfl_loss  Instances       Size
                 Class     Images  Instances      Box(P          R      mAP50  mAP50-95): 100% ━━━━━━━━━━━━ 59/59 8.7it/s 6.8s
                   all        468        894      0.516      0.504      0.502       0.19

      Epoch    GPU_mem   box_loss   cls_loss   dfl_loss  Instances       Size
                 Class     Images  Instances      Box(P          R      mAP50  mAP50-95): 100% ━━━━━━━━━━━━ 59/59 8.8it/s 6.7s
                   all        468        894      0.533      0.503      0.495      0.179

      Epoch    GPU_mem   box_loss   cls_loss   dfl_loss  Instances       Size
                 Class     Images  Instances      Box(P          R      mAP50  mAP50-95): 100% ━━━━━━━━━━━━ 59/59 8.8it/s 6.7s
                   all        468        894      0.571      0.468      0.526      0.191

      Epoch    GPU_mem   box_loss   cls_loss   dfl_loss  Instances       Size
                 Class     Images  Instances      Box(P          R      mAP50  mAP50-95): 100% ━━━━━━━━━━━━ 59/59 8.7it/s 6.8s
                   all        468        894      0.569      0.532      0.531      0.193

      Epoch    GPU_mem   box_loss   cls_loss   dfl_loss  Instances       Size
                 Class     Images  Instances      Box(P          R      mAP50  mAP50-95): 100% ━━━━━━━━━━━━ 59/59 9.0it/s 6.6s
                   all        468        894      0.587      0.466      0.514      0.183

      Epoch    GPU_mem   box_loss   cls_loss   dfl_loss  Instances       Size
                 Class     Images  Instances      Box(P          R      mAP50  mAP50-95): 100% ━━━━━━━━━━━━ 59/59 8.9it/s 6.6s
                   all        468        894      0.522      0.504      0.509      0.179

      Epoch    GPU_mem   box_loss   cls_loss   dfl_loss  Instances       Size
                 Class     Images  Instances      Box(P          R      mAP50  mAP50-95): 100% ━━━━━━━━━━━━ 59/59 8.8it/s 6.7s
                   all        468        894      0.562      0.488      0.503      0.187

      Epoch    GPU_mem   box_loss   cls_loss   dfl_loss  Instances       Size
                 Class     Images  Instances      Box(P          R      mAP50  mAP50-95): 100% ━━━━━━━━━━━━ 59/59 8.7it/s 6.8s
                   all        468        894      0.471      0.512      0.484      0.178

      Epoch    GPU_mem   box_loss   cls_loss   dfl_loss  Instances       Size
                 Class     Images  Instances      Box(P          R      mAP50  mAP50-95): 100% ━━━━━━━━━━━━ 59/59 9.0it/s 6.6s
                   all        468        894      0.603      0.498      0.525      0.194

      Epoch    GPU_mem   box_loss   cls_loss   dfl_loss  Instances       Size
                 Class     Images  Instances      Box(P          R      mAP50  mAP50-95): 100% ━━━━━━━━━━━━ 59/59 8.7it/s 6.8s
                   all        468        894      0.573      0.483       0.52      0.185

      Epoch    GPU_mem   box_loss   cls_loss   dfl_loss  Instances       Size
                 Class     Images  Instances      Box(P          R      mAP50  mAP50-95): 100% ━━━━━━━━━━━━ 59/59 8.7it/s 6.8s
                   all        468        894       0.57      0.506      0.508      0.187

      Epoch    GPU_mem   box_loss   cls_loss   dfl_loss  Instances       Size
                 Class     Images  Instances      Box(P          R      mAP50  mAP50-95): 100% ━━━━━━━━━━━━ 59/59 8.7it/s 6.8s
                   all        468        894      0.556      0.526      0.535      0.193

      Epoch    GPU_mem   box_loss   cls_loss   dfl_loss  Instances       Size
                 Class     Images  Instances      Box(P          R      mAP50  mAP50-95): 100% ━━━━━━━━━━━━ 59/59 8.7it/s 6.8s
                   all        468        894      0.571      0.518      0.524      0.195

      Epoch    GPU_mem   box_loss   cls_loss   dfl_loss  Instances       Size
                 Class     Images  Instances      Box(P          R      mAP50  mAP50-95): 100% ━━━━━━━━━━━━ 59/59 8.7it/s 6.8s
                   all        468        894      0.609      0.508      0.535      0.195

      Epoch    GPU_mem   box_loss   cls_loss   dfl_loss  Instances       Size
                 Class     Images  Instances      Box(P          R      mAP50  mAP50-95): 100% ━━━━━━━━━━━━ 59/59 8.8it/s 6.7s
                   all        468        894      0.568      0.543      0.533      0.196

      Epoch    GPU_mem   box_loss   cls_loss   dfl_loss  Instances       Size
                 Class     Images  Instances      Box(P          R      mAP50  mAP50-95): 100% ━━━━━━━━━━━━ 59/59 8.7it/s 6.8s
                   all        468        894       0.56      0.529      0.532      0.199

      Epoch    GPU_mem   box_loss   cls_loss   dfl_loss  Instances       Size
                 Class     Images  Instances      Box(P          R      mAP50  mAP50-95): 100% ━━━━━━━━━━━━ 59/59 9.1it/s 6.5s
                   all        468        894      0.621      0.535      0.546      0.199

      Epoch    GPU_mem   box_loss   cls_loss   dfl_loss  Instances       Size
                 Class     Images  Instances      Box(P          R      mAP50  mAP50-95): 100% ━━━━━━━━━━━━ 59/59 9.0it/s 6.6s
                   all        468        894      0.612      0.546      0.553      0.193

      Epoch    GPU_mem   box_loss   cls_loss   dfl_loss  Instances       Size
                 Class     Images  Instances      Box(P          R      mAP50  mAP50-95): 100% ━━━━━━━━━━━━ 59/59 8.9it/s 6.6s
                   all        468        894      0.592      0.565      0.548      0.193

      Epoch    GPU_mem   box_loss   cls_loss   dfl_loss  Instances       Size
                 Class     Images  Instances      Box(P          R      mAP50  mAP50-95): 100% ━━━━━━━━━━━━ 59/59 9.1it/s 6.5s
                   all        468        894      0.616      0.515      0.526      0.183

      Epoch    GPU_mem   box_loss   cls_loss   dfl_loss  Instances       Size
                 Class     Images  Instances      Box(P          R      mAP50  mAP50-95): 100% ━━━━━━━━━━━━ 59/59 8.8it/s 6.7s
                   all        468        894      0.573      0.544      0.536      0.189

      Epoch    GPU_mem   box_loss   cls_loss   dfl_loss  Instances       Size
                 Class     Images  Instances      Box(P          R      mAP50  mAP50-95): 100% ━━━━━━━━━━━━ 59/59 8.9it/s 6.6s
                   all        468        894      0.592      0.518      0.534      0.189

      Epoch    GPU_mem   box_loss   cls_loss   dfl_loss  Instances       Size
                 Class     Images  Instances      Box(P          R      mAP50  mAP50-95): 100% ━━━━━━━━━━━━ 59/59 9.0it/s 6.5s
                   all        468        894      0.568      0.576      0.539      0.181

      Epoch    GPU_mem   box_loss   cls_loss   dfl_loss  Instances       Size
                 Class     Images  Instances      Box(P          R      mAP50  mAP50-95): 100% ━━━━━━━━━━━━ 59/59 8.9it/s 6.6s
                   all        468        894      0.576      0.524      0.508      0.182

      Epoch    GPU_mem   box_loss   cls_loss   dfl_loss  Instances       Size
                 Class     Images  Instances      Box(P          R      mAP50  mAP50-95): 100% ━━━━━━━━━━━━ 59/59 8.6it/s 6.8s
                   all        468        894      0.597      0.552      0.541      0.186

      Epoch    GPU_mem   box_loss   cls_loss   dfl_loss  Instances       Size
                 Class     Images  Instances      Box(P          R      mAP50  mAP50-95): 100% ━━━━━━━━━━━━ 59/59 8.9it/s 6.6s
                   all        468        894      0.602      0.545      0.539      0.184

      Epoch    GPU_mem   box_loss   cls_loss   dfl_loss  Instances       Size
                 Class     Images  Instances      Box(P          R      mAP50  mAP50-95): 100% ━━━━━━━━━━━━ 59/59 8.8it/s 6.7s
                   all        468        894      0.603      0.527      0.528      0.185

      Epoch    GPU_mem   box_loss   cls_loss   dfl_loss  Instances       Size
                 Class     Images  Instances      Box(P          R      mAP50  mAP50-95): 100% ━━━━━━━━━━━━ 59/59 8.8it/s 6.7s
                   all        468        894      0.579      0.543       0.53      0.186

      Epoch    GPU_mem   box_loss   cls_loss   dfl_loss  Instances       Size
                 Class     Images  Instances      Box(P          R      mAP50  mAP50-95): 100% ━━━━━━━━━━━━ 59/59 9.1it/s 6.5s
                   all        468        894      0.615      0.526      0.527      0.181
Closing dataloader mosaic
albumentations: Blur(p=0.01, blur_limit=(3, 7)), MedianBlur(p=0.01, blur_limit=(3, 7)), ToGray(p=0.01, method='weighted_average', num_output_channels=3), CLAHE(p=0.01, clip_limit=(1.0, 4.0), tile_grid_size=(8, 8))

      Epoch    GPU_mem   box_loss   cls_loss   dfl_loss  Instances       Size
                 Class     Images  Instances      Box(P          R      mAP50  mAP50-95): 100% ━━━━━━━━━━━━ 59/59 8.9it/s 6.6s
                   all        468        894      0.575      0.526      0.525      0.184

      Epoch    GPU_mem   box_loss   cls_loss   dfl_loss  Instances       Size
                 Class     Images  Instances      Box(P          R      mAP50  mAP50-95): 100% ━━━━━━━━━━━━ 59/59 8.9it/s 6.7s
                   all        468        894      0.608       0.52      0.531      0.183
EarlyStopping: Training stopped early as no improvement observed in last 15 epochs. Best results observed at epoch 40, best model saved as best.pt.
To update EarlyStopping(patience=15) pass a new patience value, i.e. `patience=300` or use `patience=0` to disable EarlyStopping.

55 epochs completed in 2.297 hours.
Optimizer stripped from /workspace/project-expertise/runs_new763/yolo26l_rgb_s42_i1280/weights/last.pt, 53.1MB
Optimizer stripped from /workspace/project-expertise/runs_new763/yolo26l_rgb_s42_i1280/weights/best.pt, 53.1MB

Validating /workspace/project-expertise/runs_new763/yolo26l_rgb_s42_i1280/weights/best.pt...
Ultralytics 8.4.103 🚀 Python-3.12.3 torch-2.8.0+cu128 CUDA:0 (NVIDIA GeForce RTX 4090, 24092MiB)
YOLO26l summary (fused): 190 layers, 24,748,824 parameters, 0 gradients, 86.1 GFLOPs
                 Class     Images  Instances      Box(P          R      mAP50  mAP50-95): 100% ━━━━━━━━━━━━ 59/59 15.8it/s 3.7s
                   all        468        894      0.564      0.524      0.532      0.199
                    B1        129        169      0.626      0.645      0.681      0.255
                    B2        204        315      0.613      0.565      0.582      0.232
                    B3        173        344      0.608      0.628      0.618      0.225
                    B4         58         66      0.407      0.258      0.246     0.0846
Speed: 0.5ms preprocess, 5.1ms inference, 0.0ms loss, 0.3ms postprocess per image

$ /workspace/project-expertise/.venv/bin/python /workspace/project-expertise/scripts/eval_new763_pycoco.py --kind yolo --weights /workspace/project-expertise/runs_new763/yolo26l_rgb_s42_i1280/weights/best.pt --dataset /workspace/SawitMVC-Depth-YOLO-RGB --run-name yolo26l_rgb_s42_i1280 --imgsz 1280 --out-json /workspace/project-expertise/results/new763/yolo26l_rgb_s42_i1280.json --pred-dir /workspace/project-expertise/results/new763/predictions
creating index...
index created!
Loading and preparing results...
DONE (t=0.37s)
creating index...
index created!
Running per image evaluation...
Evaluate annotation type *bbox*
DONE (t=1.36s).
Accumulating evaluation results...
DONE (t=0.43s).
 Average Precision  (AP) @[ IoU=0.50:0.95 | area=   all | maxDets=100 ] = 0.198
 Average Precision  (AP) @[ IoU=0.50      | area=   all | maxDets=100 ] = 0.529
 Average Precision  (AP) @[ IoU=0.75      | area=   all | maxDets=100 ] = 0.072
 Average Precision  (AP) @[ IoU=0.50:0.95 | area= small | maxDets=100 ] = -1.000
 Average Precision  (AP) @[ IoU=0.50:0.95 | area=medium | maxDets=100 ] = 0.054
 Average Precision  (AP) @[ IoU=0.50:0.95 | area= large | maxDets=100 ] = 0.206
 Average Recall     (AR) @[ IoU=0.50:0.95 | area=   all | maxDets=  1 ] = 0.227
 Average Recall     (AR) @[ IoU=0.50:0.95 | area=   all | maxDets= 10 ] = 0.432
 Average Recall     (AR) @[ IoU=0.50:0.95 | area=   all | maxDets=100 ] = 0.458
 Average Recall     (AR) @[ IoU=0.50:0.95 | area= small | maxDets=100 ] = -1.000
 Average Recall     (AR) @[ IoU=0.50:0.95 | area=medium | maxDets=100 ] = 0.233
 Average Recall     (AR) @[ IoU=0.50:0.95 | area= large | maxDets=100 ] = 0.465
yolo26l_rgb_s42_i1280 val: mAP50=0.529357 mAP50-95=0.197855
creating index...
index created!
Loading and preparing results...
DONE (t=0.05s)
creating index...
index created!
Running per image evaluation...
Evaluate annotation type *bbox*
DONE (t=1.34s).
Accumulating evaluation results...
DONE (t=0.40s).
 Average Precision  (AP) @[ IoU=0.50:0.95 | area=   all | maxDets=100 ] = 0.191
 Average Precision  (AP) @[ IoU=0.50      | area=   all | maxDets=100 ] = 0.516
 Average Precision  (AP) @[ IoU=0.75      | area=   all | maxDets=100 ] = 0.075
 Average Precision  (AP) @[ IoU=0.50:0.95 | area= small | maxDets=100 ] = -1.000
 Average Precision  (AP) @[ IoU=0.50:0.95 | area=medium | maxDets=100 ] = 0.053
 Average Precision  (AP) @[ IoU=0.50:0.95 | area= large | maxDets=100 ] = 0.195
 Average Recall     (AR) @[ IoU=0.50:0.95 | area=   all | maxDets=  1 ] = 0.219
 Average Recall     (AR) @[ IoU=0.50:0.95 | area=   all | maxDets= 10 ] = 0.441
 Average Recall     (AR) @[ IoU=0.50:0.95 | area=   all | maxDets=100 ] = 0.461
 Average Recall     (AR) @[ IoU=0.50:0.95 | area= small | maxDets=100 ] = -1.000
 Average Recall     (AR) @[ IoU=0.50:0.95 | area=medium | maxDets=100 ] = 0.243
 Average Recall     (AR) @[ IoU=0.50:0.95 | area= large | maxDets=100 ] = 0.474
yolo26l_rgb_s42_i1280 test: mAP50=0.516256 mAP50-95=0.190611
-> /workspace/project-expertise/results/new763/yolo26l_rgb_s42_i1280.json
